ANO_ELEICAO,SIGLA_UF,DESCRICAO_CARGO,NOME_CANDIDATO,CPF_CANDIDATO,NOME_URNA_CANDIDATO,SIGLA_PARTIDO,DATA_NASCIMENTO,NUM_TITULO_ELEITORAL_CANDIDATO,SEQUENCIAL_CANDIDATO
1998,AC,SENADOR,SEBASTIÃO AFONSO VIANA MACEDO NEVES,09137394215,TIÃO VIANA,PT,9021961,002288622410,-1
1998,AC,DEPUTADO FEDERAL,JOAO TOTA SOARES DE FIGUEIREDO,00791580210,TOTA,PPB,20101940,001315172402,-1
1998,AC,DEPUTADO FEDERAL,SÉRGIO SEBASTIÃO DE BARROS,35747676849,SÉRGIO BARROS,PDT,9021952,000369422402,-1
1998,AC,DEPUTADO FEDERAL,NILSON MOURA LEITE MOURAO,02190710200,NILSON MOURÃO,PT,1041952,001426382496,-1
1998,AC,DEPUTADO FEDERAL,MARCOS AFONSO PONTES DE SOUZA,13824562200,MARCOS AFONSO,PT,2041962,000432412453,-1
1998,AC,DEPUTADO FEDERAL,MÁRCIO MIGUEL BITTAR,23796332153,MÁRCIO BITTAR,PMDB,28061963,000259632429,-1
1998,AC,DEPUTADO FEDERAL,MARIA ZILA FROTA BEZERRA DE OLIVEIRA,00932710182,ZILA BEZERRA,PFL,7051945,001238162470,-1
1998,AC,DEPUTADO FEDERAL,ILDEFONÇO RODRIGUES CORDEIRO,01015885268,ILDEFONSO,PFL,20121945,001270742453,-1
1998,AC,DEPUTADO FEDERAL,HILDEBRANDO PASCOAL NOGUEIRA NETO,00373096844,HILDEBRANDO PASCOAL,PFL,17011952,001569032410,-1
1998,AL,SENADOR,HELOISA HELENA LIMA DE MORAES CARVALHO,36450316420,HELOISA,PT,6061962,1805041759,-1
1998,AL,DEPUTADO FEDERAL,ALBERICO CORDEIRO DA SILVA,00341932191,CORDEIRO,PTB,28091941,4872171775,-1
1998,AL,DEPUTADO FEDERAL,OLAVO CALHEIROS FILHO,14031736487,OLAVO CALHEIROS,PMDB,12031957,7493931724,-1
1998,AL,DEPUTADO FEDERAL,JOSE REGIS BARROS CAVALCANTE,06131697434,RÉGIS CAVALCANTE,PPS,3091954,5555691783,-1
1998,AL,DEPUTADO FEDERAL,AUGUSTO CESAR CAVALCANTE FARIAS,09719237449,AUGUSTO FARIAS,PFL,29121956,6579441724,-1
1998,AL,DEPUTADO FEDERAL,JOAO CALDAS DA SILVA,21022097415,JOÃO CALDAS,PMN,24061960,5007981740,-1
1998,AL,DEPUTADO FEDERAL,GIVALDO DE SA GOUVEIA CARIMBAO,10270060510,CARIMBÃO,PSB,14101957,1931871732,-1
1998,AL,DEPUTADO FEDERAL,LUIZ DANTAS LIMA,07369468453,LUIZ DANTAS,PSD,29111949,1445901716,-1
1998,AL,DEPUTADO FEDERAL,JOSE THOMAZ DA SILVA NONO NETTO,04913434420,NONO,PSDB,17081947,4370441791,-1
1998,AL,DEPUTADO FEDERAL,JOSEFA SANTOS CUNHA,06121365404,CECI CUNHA,PSDB,15081949,278461775,-1
1998,AM,SENADOR,GILBERTO MESTRINHO DE MEDEIROS RAPOSO,00065919220,GILBERTO MESTRINHO,PMDB,23021928,004872892240,-1
1998,AM,DEPUTADO FEDERAL,LUIZ FERNANDO SARMENTO NICOLAU,00943134234,DR LUIZ FERNANDO,PPB,30091946,000764222216,-1
1998,AM,DEPUTADO FEDERAL,SILAS CAMARA,13512951287,SILAS CAMARA,PL,15121962,013588982224,-1
1998,AM,DEPUTADO FEDERAL,JOSE MELO DE OLIVEIRA,01182595200,PROF JOSE MELO,PFL,26091946,000705472208,-1
1998,AM,DEPUTADO FEDERAL,PAUDERNEY TOMAZ AVELINO,#NULO#,PAUDERNEY AVELINO,PFL,24091954,014124412267,-1
1998,AM,DEPUTADO FEDERAL,ATILA SIDNEY LINS DE ALBUQUERQUE,00694584215,ATILA LINS,PFL,22111950,004225492208,-1
1998,AM,DEPUTADO FEDERAL,FRANCISCO GARCIA RODRIGUES,00530948249,GARCIA,PFL,30121948,000845722283,-1
1998,AM,DEPUTADO FEDERAL,ARTHUR VIRGILIO DO CARMO RIBEIRO NETO,15498247753,ARTUR NETO,PSDB,15111945,001311162267,-1
1998,AM,DEPUTADO FEDERAL,VANESSA GRAZZIOTIN,16114620291,VANESSA,PC do B,29061961,003965652216,-1
1998,AP,SENADOR,JOSÉ SARNEY,00060704349,JOSÉ SARNEY,PMDB,24041930,001853922593,-1
1998,AP,DEPUTADO FEDERAL,EDUARDO SEABRA DA COSTA,06761224268,PROFESSOR EDUARDO SEABRA,PTB,15091951,000242552518,-1
1998,AP,DEPUTADO FEDERAL,JURANDIL DOS SANTOS JUAREZ,03317277220,JURANDIL JUAREZ,PMDB,12031950,000089082577,-1
1998,AP,DEPUTADO FEDERAL,BENEDITO DIAS DE CARVALHO,08919232253,DR. BENEDITO DIAS,PFL,1121957,001080142585,-1
1998,AP,DEPUTADO FEDERAL,SERGIO CERQUEIRA BARCELLOS,02385244772,SÉRGIO BARCELLOS,PFL,4101943,000874062500,-1
1998,AP,DEPUTADO FEDERAL,EVANDRO COSTA MILHOMEN,18086306291,MILHOMEN,PSB,21041962,000067682577,-1
1998,AP,DEPUTADO FEDERAL,HILDEMAR SOUZA DE AZEVEDO PICANCO,20960832220,BADU,PSDB,24011963,000068752569,-1
1998,AP,DEPUTADO FEDERAL,ANTONIO DA JUSTA FEIJAO,10811206491,FEIJÃO,PSDB,19061956,001243912585,-1
1998,AP,DEPUTADO FEDERAL,FATIMA LUCIA PELAES,07019858287,FÁTIMA PELAES,PSDB,13021959,000325222585,-1
1998,BA,SENADOR,PAULO GANEM SOUTO,00475718534,PAULO SOUTO,PFL,19111943,741980515,-1
1998,BA,DEPUTADO FEDERAL,JONIVAL LUCAS DA SILVA JUNIOR,38876035591,JONIVAL LUCAS,PPB,31011967,35704980558,-1
1998,BA,DEPUTADO FEDERAL,CORIOLANO SOUSA SALES,02889811549,CORIOLANO SALES,PDT,1081943,25064770507,-1
1998,BA,DEPUTADO FEDERAL,WALTER DE FREITAS PINHEIRO,14264790506,PINHEIRO,PT,25051959,41320860574,-1
1998,BA,DEPUTADO FEDERAL,GERALDO SIMOES DE OLIVEIRA,10935088504,GERALDO SIMOES,PT,13111953,9808470574,-1
1998,BA,DEPUTADO FEDERAL,FRANCISCO WALDIR PIRES DE SOUZA,02053853549,WALDIR PIRES,PT,21101926,10334960531,-1
1998,BA,DEPUTADO FEDERAL,JAQUES WAGNER,26471620772,JAQUES WAGNER,PT,16031951,38496250590,-1
1998,BA,DEPUTADO FEDERAL,NELSON VICENTE PORTELA PELLEGRINO,24289612504,PELEGRINO,PT,27121960,37648360558,-1
1998,BA,DEPUTADO FEDERAL,FELIX DE ALMEIDA MENDONCA,00073202568,FELIX,PTB,23031928,31870740507,-1
1998,BA,DEPUTADO FEDERAL,FRANCISTONIO ALVES PINTO,01047507668,FRANCISTONIO,PMDB,7101943,24963510582,-1
1998,BA,DEPUTADO FEDERAL,GEDDEL QUADROS VIEIRA LIMA,22062734115,GEDDEL VIEIRA LIMA,PMDB,18031959,12448760515,-1
1998,BA,DEPUTADO FEDERAL,PEDRO IRUJO YANIZ,00002119587,PEDRO IRUJO,PMDB,29061930,28323330558,-1
1998,BA,DEPUTADO FEDERAL,EUJACIO SIMOES VIANA FILHO,05552419553,EUJACIO SIMOES,PL,15061948,33947750590,-1
1998,BA,DEPUTADO FEDERAL,ERALDO TINOCO MELO,00314900500,ERALDO TINOCO,PFL,20111943,21162320582,-1
1998,BA,DEPUTADO FEDERAL,MANOEL FIGUEIREDO CASTRO,00065897587,MANOEL CASTRO,PFL,3051942,35038390507,-1
1998,BA,DEPUTADO FEDERAL,JAIME FERNANDES FILHO,19691289504,JAIME FERNANDES,PFL,11101957,12382510558,-1
1998,BA,DEPUTADO FEDERAL,JOSE LOURENCO MORAIS DA SILVA,00075825520,JOSE LOURENCO,PFL,5031933,22449410582,-1
1998,BA,DEPUTADO FEDERAL,PAULO ROBERTO LUZ BRAGA,05576059549,PAULO BRAGA,PFL,7101946,47016990507,-1
1998,BA,DEPUTADO FEDERAL,JAIRO ALFREDO OLIVEIRA CARNEIRO,00332291553,JAIRO CARNEIRO,PFL,28031944,14649130566,-1
1998,BA,DEPUTADO FEDERAL,BENITO DA GAMA SANTOS,02664763504,BENITO GAMA,PFL,29081948,5940340566,-1
1998,BA,DEPUTADO FEDERAL,ROLAND LAVIGNE DO NASCIMENTO,32858671591,ROLAND,PFL,28041962,4828600574,-1
1998,BA,DEPUTADO FEDERAL,CLAUDIO CAJADO SAMPAIO,29474485534,CLAUDIO CAJADO,PFL,1121963,81300523,-1
1998,BA,DEPUTADO FEDERAL,JOSE ALVES ROCHA,04789113515,JOSE ROCHA,PFL,18081948,47135190507,-1
1998,BA,DEPUTADO FEDERAL,PAULO SERGIO PARANHOS DE MAGALHAES,06015530553,PAULO MAGALHAES,PFL,28111952,44393360590,-1
1998,BA,DEPUTADO FEDERAL,LUIZ MOREIRA DA SILVA,00008443572,LUIZ MOREIRA,PFL,25011928,30871790540,-1
1998,BA,DEPUTADO FEDERAL,AROLDO CEDRAZ DE OLIVEIRA,05057990578,AROLDO CEDRAZ,PFL,26021951,42187740558,-1
1998,BA,DEPUTADO FEDERAL,JORGE KHOURY HEDAYE,03452433587,JORGE KHOURY,PFL,16021949,36871870574,-1
1998,BA,DEPUTADO FEDERAL,JOSE CARLOS ALELUIA COSTA,01782037500,ALELUIA,PFL,9121947,21604240507,-1
1998,BA,DEPUTADO FEDERAL,JOSE RONALDO DE CARVALHO,05411688515,JOSE RONALDO,PFL,18071951,13978130566,-1
1998,BA,DEPUTADO FEDERAL,GERSON SILVA GABRIELLI,04789326500,GERSON GABRIELLI,PFL,21081949,29798730566,-1
1998,BA,DEPUTADO FEDERAL,URSICINO PINTO DE QUEIROZ,00374474591,URSICINO QUEIROZ,PFL,27101937,5406970582,-1
1998,BA,DEPUTADO FEDERAL,JAIRO AZI,04703154587,AZI,PFL,22051933,8945200590,-1
1998,BA,DEPUTADO FEDERAL,LEUR ANTONIO DE BRITTO LOMANTO,03866734115,LEUR LOMANTO,PFL,18121949,26380310558,-1
1998,BA,DEPUTADO FEDERAL,NILO AUGUSTO MORAES COELHO,04827074534,NILO,PSDB,1041943,23287860515,-1
1998,BA,DEPUTADO FEDERAL,MARIO SILVIO MENDES NEGROMONTE,04340736449,MARIO NEGROMONTE,PSDB,6071950,23974910558,-1
1998,BA,DEPUTADO FEDERAL,JOAO FELIPE DE SOUZA LEAO,03905756587,JOAO LEAO,PSDB,27021946,31260830574,-1
1998,BA,DEPUTADO FEDERAL,JUTAHY MAGALHAES JUNIOR,10660410591,JUTAHY MAGALHAES JUNIOR,PSDB,14101955,12449470540,-1
1998,BA,DEPUTADO FEDERAL,JOAO ALMEIDA DOS SANTOS,02697467572,JOAO ALMEIDA,PSDB,23051946,23334340574,-1
1998,BA,DEPUTADO FEDERAL,SAULO PEDROSA DE ALMEIDA,03702650504,SAULO PEDROSA,PSDB,5041941,30607510558,-1
1998,BA,DEPUTADO FEDERAL,HAROLDO BORGES RODRIGUES LIMA,04675118534,HAROLDO LIMA,PC do B,7101939,38003490507,-1
1998,CE,SENADOR,LUIZ ALBERTO VIDAL PONTES,10802100325,LUIZ PONTES,PSDB,22011956,1458670710,-1
1998,CE,DEPUTADO FEDERAL,JOSÉ LINHARES PONTE,00637513304,PADRE ZÉ,PPB,21101930,9126440795,-1
1998,CE,DEPUTADO FEDERAL,JOSÉ BARROSO PIMENTEL,06532535320,PIMENTEL,PT,16101953,2210410701,-1
1998,CE,DEPUTADO FEDERAL,ANTÔNIO MARCELO TEIXEIRA SOUSA,10314717315,MARCELO,PMDB,6041957,768260701,-1
1998,CE,DEPUTADO FEDERAL,FRANCISCO ALMEIDA LIMA,11853735353,ALMEIDA DE JESUS,PMDB,8011959,24066940701,-1
1998,CE,DEPUTADO FEDERAL,FRANCISCO PINHEIRO LANDIM,05815266353,PINHEIRO LANDIM,PMDB,20111943,17926920701,-1
1998,CE,DEPUTADO FEDERAL,ANTÔNIO ELBANO CAMBRAIA,00287172368,CAMBRAIA,PMDB,1081942,401190760,-1
1998,CE,DEPUTADO FEDERAL,EUNÍCIO LOPES DE OLIVEIRA,03679004320,EUNÍCIO OLIVEIRA,PMDB,30091952,905050744,-1
1998,CE,DEPUTADO FEDERAL,ROBERTO SOARES PESSOA,00113735391,ROBERTO PESSOA,PFL,21051943,3540160728,-1
1998,CE,DEPUTADO FEDERAL,ALUÍSIO SÉRGIO NOVAIS ELEUTÉRIO,10465189334,SÉRGIO NOVAIS,PSB,5111956,2187820752,-1
1998,CE,DEPUTADO FEDERAL,LEONARDO ROSÁRIO DE ALCÂNTARA,58486747104,LÉO ALCÂNTARA,PSDB,5121972,39322820736,-1
1998,CE,DEPUTADO FEDERAL,RAIMUNDO GOMES DE MATOS,06163238320,RAIMUNDO MATOS,PSDB,30031951,2925420779,-1
1998,CE,DEPUTADO FEDERAL,MORONI BING TORGAN,33396671015,MORONI BING TORGAN,PSDB,10061956,1405310744,-1
1998,CE,DEPUTADO FEDERAL,UBIRATAN DINIZ DE AGUIAR,00045985391,UBIRATAN AGUIAR,PSDB,7091941,432950744,-1
1998,CE,DEPUTADO FEDERAL,ANÍBAL FERREIRA GOMES,04240952387,ANÍBAL GOMES,PSDB,7061953,11450000728,-1
1998,CE,DEPUTADO FEDERAL,JOSÉ ARNON CRUZ BEZERRA DE MENEZES,11575646315,ARNON BEZERRA,PSDB,13081951,10671310752,-1
1998,CE,DEPUTADO FEDERAL,ADOLFO DE MARINHO PONTES,02039605304,ADOLFO MARINHO,PSDB,10101944,398730701,-1
1998,CE,DEPUTADO FEDERAL,FRANCISCO ROMMEL FEIJÓ DE SÁ,11035625334,ROMMEL,PSDB,8021953,11845450779,-1
1998,CE,DEPUTADO FEDERAL,MANOEL SALVIANO SOBRINHO,17443490704,SALVIANO,PSDB,24091939,10481490744,-1
1998,CE,DEPUTADO FEDERAL,FRANCISCO ARIOSTO HOLANDA,00039691349,ARIOSTO HOLANDA,PSDB,11101938,498850787,-1
1998,CE,DEPUTADO FEDERAL,VICENTE FERREIRA DE ARRUDA COELHO,01009320700,VICENTE ARRUDA,PSDB,17051949,9684960744,-1
1998,CE,DEPUTADO FEDERAL,FRANCISCO FEITOSA DE ALBUQUERQUE LIMA,22095586387,CHIQUINHO FEITOSA,PSDB,3071964,408850795,-1
1998,CE,DEPUTADO FEDERAL,INÁCIO FRANCISCO DE ASSIS NUNES ARRUDA,09050752349,INÁCIO,PC do B,5051957,24091430701,-1
1998,DF,SENADOR,LUIZ ESTEVÃO DE OLIVEIRA NETO,01094858153,LUIZ ESTEVÃO,PMDB,6071949,000666822038,-1
1998,DF,DEPUTADO FEDERAL,WIGBERTO FERREIRA TARTUCE,03329607149,VIGÃO,PPB,16031947,001688552038,-1
1998,DF,DEPUTADO FEDERAL,JOFRAN FREJAT,00022187120,JOFRAN FREJAT,PPB,19051937,000879032070,-1
1998,DF,DEPUTADO FEDERAL,GERALDO MAGELA PEREIRA,21134375620,MAGELA,PT,26121956,001284552003,-1
1998,DF,DEPUTADO FEDERAL,PEDRO CELSO,15027562187,PEDRO CELSO,PT,7121958,003800102054,-1
1998,DF,DEPUTADO FEDERAL,NELSON TADEU FILIPPELLI,04251091191,FILIPPELLI,PMDB,11051949,000862172070,-1
1998,DF,DEPUTADO FEDERAL,PAULO OCTAVIO ALVES PEREIRA,02362163172,PAULO OCTÁVIO,PFL,13021950,001681092054,-1
1998,DF,DEPUTADO FEDERAL,MARIA DE LOURDES ABADIA,01227939191,MARIA DE LOUDES ABADIA,PSDB,14081944,004741142054,-1
1998,DF,DEPUTADO FEDERAL,AGNELO SANTOS QUEIROZ FILHO,19667655504,AGNELO,PC do B,9111958,000642692003,-1
1998,ES,SENADOR,PAULO CESAR HARTUNG GOMES,69841241749,PAULO HARTUNG,PSDB,21041957,000938421449,-1
1998,ES,DEPUTADO FEDERAL,NILTON GOMES OLIVEIRA,24411671700,NILTON BAIANO,PPB,12071941,000079761465,-1
1998,ES,DEPUTADO FEDERAL,JOÃO CARLOS COSER,39495760704,JOÃO COSER,PT,13031956,000561941406,-1
1998,ES,DEPUTADO FEDERAL,MAX FREITAS MAURO,01477951768,MAX MAURO,PTB,11031937,008889361481,-1
1998,ES,DEPUTADO FEDERAL,ARLINDO MELLO,#NULO#,JOSÉ CARLOS,PTB,1011900,#NI#,-1
1998,ES,DEPUTADO FEDERAL,JOSÉ CARLOS ELIAS,30257018700,JOSÉ CARLOS,PTB,1061954,006003691490,-1
1998,ES,DEPUTADO FEDERAL,MAGNO PEREIRA MALTA,15272567404,MAGNO MALTA,PTB,16101957,008645841414,-1
1998,ES,DEPUTADO FEDERAL,RITA DE CÁSSIA PASTE CAMATA,00185066747,RITA CAMATA,PMDB,1011961,000777081406,-1
1998,ES,DEPUTADO FEDERAL,JOSE CARLOS DA FONSECA JUNIOR,23861681153,JOSÉ CARLOS FONSECA,PFL,2031960,020953631414,-1
1998,ES,DEPUTADO FEDERAL,JOAO MIGUEL FEU ROSA,09624252734,JOÃO MIGUEL FEU ROSA,PSDB,17061947,007231701490,-1
1998,ES,DEPUTADO FEDERAL,MARCUS ANTONIO VICENTE,31693113791,MARCUS VICENTE,PSDB,28041954,004088051406,-1
1998,ES,DEPUTADO FEDERAL,RICARDO DE REZENDE FERRAÇO,77488040791,RICARDO FERRAÇO,PSDB,17081963,001510541414,-1
1998,GO,SENADOR,LUIZ ALBERTO MAGUITO VILELA,07074557153,MAGUITO VILELA,PMDB,24011949,006053591090,-1
1998,GO,DEPUTADO FEDERAL,ROBERTO EGIDIO BALESTRA,01611500125,ROBERTO BALESTRA,PPB,24051944,004819871007,-1
1998,GO,DEPUTADO FEDERAL,PEDRO WILSON GUIMARAES,00423190130,PEDRO WILSON,PT,24021942,019838031040,-1
1998,GO,DEPUTADO FEDERAL,PEDRO PINHEIRO CHAVES,16692454115,PEDRO CHAVES,PMDB,28081958,019363051023,-1
1998,GO,DEPUTADO FEDERAL,NORBERTO JOSÉ TEIXEIRA,06137199134,NORBERTO TEIXEIRA,PMDB,9081954,012887341007,-1
1998,GO,DEPUTADO FEDERAL,LYDIA ARAÚJO QUINAN,41292995149,LIDIA QUINAN,PMDB,16071937,002400941040,-1
1998,GO,DEPUTADO FEDERAL,NAIR MARIA XAVIER NUNES DE OLIVEIRA LOBO,30674344120,NAIR,PMDB,25031956,021304641058,-1
1998,GO,DEPUTADO FEDERAL,JOSÉ FRANCISCO DAS NEVES,06283330134,JUQUINHA,PMDB,29011947,019773211082,-1
1998,GO,DEPUTADO FEDERAL,EULER LÁZARO DE MORAIS,05702305191,EULER MORAIS,PMDB,2061949,029531071015,-1
1998,GO,DEPUTADO FEDERAL,LUIZ JOSÉ BITTENCOURT,16660137149,LUIZ BITTENCOURT,PMDB,20061956,000191041031,-1
1998,GO,DEPUTADO FEDERAL,SEBASTIÃO AUGUSTO BARBOSA NETO,30673763153,BARBOSA NETO,PMDB,3021964,000831331066,-1
1998,GO,DEPUTADO FEDERAL,GEOVAN FREITAS CARVALHO,28297148149,GEOVAN FREITAS,PL,18011964,006081821074,-1
1998,GO,DEPUTADO FEDERAL,PEDRO CHAVES CANEDO,26472031720,PEDRO CANEDO,PL,20061949,002406481090,-1
1998,GO,DEPUTADO FEDERAL,VILMAR DA SILVA ROCHA,05206375187,VILMAR ROCHA,PFL,14021951,010310921040,-1
1998,GO,DEPUTADO FEDERAL,RONALDO RAMOS CAIADO,26472058768,RONALDO CAIADO,PFL,25091949,003087571031,-1
1998,GO,DEPUTADO FEDERAL,JOSÉ GOMES DA ROCHA,13079395115,ZÉ GOMES,PSD,12041958,005512821040,-1
1998,GO,DEPUTADO FEDERAL,LUCIA VANIA ABRAO COSTA,50908332149,LUCIA VANIA,PSDB,15101944,000280281031,-1
1998,GO,DEPUTADO FEDERAL,JOVAIR OLIVEIRA ARANTES,04035976172,JOVAIR,PSDB,4061951,000536601015,-1
1998,MA,SENADOR,JOAO ALBERTO DE SOUZA,00180173391,JOÃO ALBERTO,PMDB,1101935,004179661180,-1
1998,MA,DEPUTADO FEDERAL,JOSE GUIMARAES NEIVA MOREIRA,66602890700,NEIVA MOREIRA,PDT,10101917,002915191171,-1
1998,MA,DEPUTADO FEDERAL,ALBERICO DE FRANCA FERREIRA FILHO,02357828315,ALBÉRICO,PMDB,10041950,000674781180,-1
1998,MA,DEPUTADO FEDERAL,PEDRO NOVAIS LIMA,00668532734,PEDRO NOVAIS,PMDB,7071930,000247541155,-1
1998,MA,DEPUTADO FEDERAL,GASTAO DIAS VIEIRA,01196553300,GASTÃO VIEIRA,PMDB,15061946,000467591163,-1
1998,MA,DEPUTADO FEDERAL,PAULO CELSO FONSECA MARINHO,12472174349,PAULO MARINHO,PSC,1121958,000443911139,-1
1998,MA,DEPUTADO FEDERAL,ELISEU BARROSO DE CARVALHO MOURA,05482941353,ELISEU MOURA,PL,4121952,017424031180,-1
1998,MA,DEPUTADO FEDERAL,REMI ABREU TRINTA,00188980334,REMI TRINTA,PL,11021940,009499191198,-1
1998,MA,DEPUTADO FEDERAL,FRANCISCO DE ASSIS MILHOMEM COELHO,05688663120,CHICO COELHO,PFL,14061949,006238251147,-1
1998,MA,DEPUTADO FEDERAL,NICE LOBAO,#NULO#,NICE,PFL,29101934,033220861171,-1
1998,MA,DEPUTADO FEDERAL,ANTONIO DA CONCEICAO COSTA FERREIRA,00448532387,COSTA FERREIRA,PFL,28071939,002896041147,-1
1998,MA,DEPUTADO FEDERAL,MAURO DE ALENCAR FECURY,00209350130,MAURO FECURY,PFL,13011941,000313871147,-1
1998,MA,DEPUTADO FEDERAL,JOSE SARNEY FILHO,14737418315,SARNEY FILHO,PFL,14061957,000471181163,-1
1998,MA,DEPUTADO FEDERAL,CARLOS CESAR BRANCO BANDEIRA,06813569368,CESAR BANDEIRA,PFL,2051946,012439611147,-1
1998,MA,DEPUTADO FEDERAL,JOSE ANTONIO FIGUEIREDO DE ALMEIDA SILVA,06722482391,JOSÉ ANTONIO,PSB,27031954,000203931198,-1
1998,MA,DEPUTADO FEDERAL,PEDRO FERNANDES RIBEIRO,06235760310,PEDRO FERNANDES,PSD,2031949,000294681139,-1
1998,MA,DEPUTADO FEDERAL,SEBASTIAO TORRES MADEIRA,05359511320,MADEIRA,PSDB,29121949,008307811147,-1
1998,MA,DEPUTADO FEDERAL,ROBERTO COELHO ROCHA,25056956368,ROBERTO ROCHA,PSDB,4081965,036827501198,-1
1998,MA,DEPUTADO FEDERAL,JOAO CASTELO RIBEIRO GONCALVES,00035530278,CASTELO,PSDB,19101937,002265171163,-1
1998,MG,SENADOR,JOSÉ ALENCAR GOMES DA SILVA,00307483649,JOSÉ ALENCAR,PMDB,17101931,023608610272,-1
1998,MG,DEPUTADO FEDERAL,EDMAR BATISTA MOREIRA,01017659672,EDMAR MOREIRA,PPB,25091939,029463360205,-1
1998,MG,DEPUTADO FEDERAL,HERCULANO ANGHINETTI,23163780644,HERCULANO,PPB,25041960,045924790213,-1
1998,MG,DEPUTADO FEDERAL,IBRAHIM ABI-ACKEL,00172510600,IBRAHIM ABI-ACKEL,PPB,27041926,075601690299,-1
1998,MG,DEPUTADO FEDERAL,ROMEL ANIZIO JORGE,04749553620,ROMÃO,PPB,1051946,049818850264,-1
1998,MG,DEPUTADO FEDERAL,MÁRIO DE OLIVEIRA,22182861653,MÁRIO DE OLIVEIRA,PPB,3111945,049030000213,-1
1998,MG,DEPUTADO FEDERAL,MÁRCIO REINALDO DIAS MOREIRA,03523756715,MÁRCIO REINALDO,PPB,3111942,097168200230,-1
1998,MG,DEPUTADO FEDERAL,ODELMO LEÃO CARNEIRO SOBRINHO,08033358653,ODELMO LEÃO,PPB,26051946,010148080264,-1
1998,MG,DEPUTADO FEDERAL,OLÍMPIO PIRES GUERRA,00419826653,LI,PDT,10061933,040384730205,-1
1998,MG,DEPUTADO FEDERAL,MARIA DO CARMO LARA PERPÉTUO,19951396615,MARIA DO CARMO LARA,PT,18081954,000410860213,-1
1998,MG,DEPUTADO FEDERAL,TILDEN JOSÉ SANTIAGO,58638288891,TILDEN,PT,13071940,048153600256,-1
1998,MG,DEPUTADO FEDERAL,VIRGÍLIO GUIMARÃES DE PAULA,19966547649,VIRGÍLIO GUIMARÃES,PT,5091949,051099530256,-1
1998,MG,DEPUTADO FEDERAL,PAULO GABRIEL GODINHO DELGADO,19340176634,PAULO DELGADO,PT,28121951,063236490248,-1
1998,MG,DEPUTADO FEDERAL,NILMÁRIO DE MIRANDA,25380303668,NILMÁRIO MIRANDA,PT,11081947,045920650264,-1
1998,MG,DEPUTADO FEDERAL,GILMAR ALVES MACHADO,44272600630,GILMAR MACHADO,PT,6111961,076154520213,-1
1998,MG,DEPUTADO FEDERAL,JOÃO DOMINGOS FASSARELLA,19012454700,JOÃO FASSARELLA,PT,12051943,043777960213,-1
1998,MG,DEPUTADO FEDERAL,WALFRIDO SILVINO DOS MARES GUIA NETO,00690090668,WALFRIDO,PTB,24111942,018547340264,-1
1998,MG,DEPUTADO FEDERAL,PHILEMON RODRIGUES DA SILVA,11545739668,PHILEMON RODRIGUES,PTB,19061932,054149700230,-1
1998,MG,DEPUTADO FEDERAL,ZAIRE REZENDE,04963164868,ZAIRE REZENDE,PMDB,25121931,033544610213,-1
1998,MG,DEPUTADO FEDERAL,MAURO RIBEIRO LOPES,10901906620,MAURO LOPES,PMDB,24051936,049094330256,-1
1998,MG,DEPUTADO FEDERAL,JOÃO LÚCIO MAGALHÃES BIFANO,34420274620,JOÃO MAGALHÃES,PMDB,6021960,078594830299,-1
1998,MG,DEPUTADO FEDERAL,MARIA ELVIRA SALLES FERREIRA,04857429691,MARIA ELVIRA,PMDB,30061950,034150770230,-1
1998,MG,DEPUTADO FEDERAL,ANTÔNIO DO VALLE RAMOS,01004131615,ANTÔNIO DO VALLE,PMDB,4011947,041785910264,-1
1998,MG,DEPUTADO FEDERAL,FERNANDO ALBERTO DINIZ,16382722634,FERNANDO DINIZ,PMDB,3021954,007589900256,-1
1998,MG,DEPUTADO FEDERAL,MARIA LÚCIA DE MENDONÇA,24538035653,MARIA LÚCIA CARDOSO,PMDB,27111958,008327440213,-1
1998,MG,DEPUTADO FEDERAL,SILAS BRASILEIRO,00469718668,SILAS,PMDB,22101943,035808490272,-1
1998,MG,DEPUTADO FEDERAL,JOSÉ SARAIVA FELIPE,27018938600,SARAIVA,PMDB,26031952,019845440281,-1
1998,MG,DEPUTADO FEDERAL,LINCOLN DINIZ PORTELA,10254730191,PASTOR LINCOLN PORTELA,PST,3111953,021160760272,-1
1998,MG,DEPUTADO FEDERAL,JÚLIO CÉSAR GOMES DOS SANTOS,01369175779,CABO JÚLIO,PL,19051970,100460090272,-1
1998,MG,DEPUTADO FEDERAL,RONALDO VASCONCELLOS NOVAIS,09221026604,RONALDO VASCONCELOS,PL,23041950,052781970264,-1
1998,MG,DEPUTADO FEDERAL,GLYCON TERRA PINTO JÚNIOR,65940830668,GLYCON JÚNIOR,PL,2101962,040919300272,-1
1998,MG,DEPUTADO FEDERAL,LAEL VIEIRA VARELLA,00550604715,LAEL VARELLA,PFL,19021939,050220040272,-1
1998,MG,DEPUTADO FEDERAL,JOSÉ PERRELLA DE OLIVEIRA COSTA,26998645600,ZEZÉ PERRELLA,PFL,22021957,052366750281,-1
1998,MG,DEPUTADO FEDERAL,ELISEU RESENDE,00128708620,ELISEU RESENDE,PFL,7021929,039613060221,-1
1998,MG,DEPUTADO FEDERAL,CLEUBER BRANDÃO CARNEIRO,00319112691,CLEUBER CARNEIRO,PFL,27011940,066201650299,-1
1998,MG,DEPUTADO FEDERAL,ARACELY DE PAULA,00455482691,ARACELY DE PAULA,PFL,3061941,064500720213,-1
1998,MG,DEPUTADO FEDERAL,JAIME MARTINS FILHO,17614899687,JAIMINHO,PFL,17061953,028310300264,-1
1998,MG,DEPUTADO FEDERAL,CARLOS CARMO ANDRADE MELLES,15868982649,CARLOS MELLES,PFL,11031947,013980070264,-1
1998,MG,DEPUTADO FEDERAL,HELIO CALIXTO DA COSTA,04762991600,HELIO COSTA,PFL,17081939,071726440264,-1
1998,MG,DEPUTADO FEDERAL,ROMEU FERREIRA DE QUEIROZ,08160899653,ROMEU QUEIROZ,PSDB,9111948,035439280299,-1
1998,MG,DEPUTADO FEDERAL,CARLOS EDUARDO VENTURELLI MOSCONI,04218094187,CARLOS MOSCONI,PSDB,24051944,034611720205,-1
1998,MG,DEPUTADO FEDERAL,NÁRCIO RODRIGUES DA SILVEIRA,30222290625,NÁRCIO,PSDB,23041959,051920810264,-1
1998,MG,DEPUTADO FEDERAL,ROBERTO LÚCIO ROCHA BRANT,00670049620,ROBERTO BRANT,PSDB,2051942,054667550213,-1
1998,MG,DEPUTADO FEDERAL,EDUARDO LUIZ BARROS BARBOSA,27582400682,EDUARDO BARBOSA,PSDB,25081958,048712990205,-1
1998,MG,DEPUTADO FEDERAL,JOSE MILITÃO COSTA,02467585891,JOSÉ MILITÃO,PSDB,13051942,057689480221,-1
1998,MG,DEPUTADO FEDERAL,VITTORIO MEDIOLI,25359096691,VITTORIO MEDIOLI,PSDB,3051951,049154340264,-1
1998,MG,DEPUTADO FEDERAL,ADEMIR LUCAS GOMES,07166109653,ADEMIR LUCAS,PSDB,29091943,006956330256,-1
1998,MG,DEPUTADO FEDERAL,DANILO DE CASTRO,06444741653,DANILO DE CASTRO,PSDB,5031945,005989210230,-1
1998,MG,DEPUTADO FEDERAL,JOÃO PIMENTA DA VEIGA FILHO,00240133153,PIMENTA DA VEIGA,PSDB,2071947,028225830205,-1
1998,MG,DEPUTADO FEDERAL,AÉCIO NEVES DA CUNHA,66728983791,AÉCIO NEVES,PSDB,10031960,042025850213,-1
1998,MG,DEPUTADO FEDERAL,CUSTÓDIO ANTONIO DE MATTOS,22142150772,CUSTÓDIO MATTOS,PSDB,3041948,030853310213,-1
1998,MG,DEPUTADO FEDERAL,OSMÂNIO PEREIRA DE OLIVEIRA,01589423615,OSMÂNIO PEREIRA,PSDB,17081943,056717930281,-1
1998,MG,DEPUTADO FEDERAL,JOSÉ RAFAEL GUERRA PINTO COELHO,00881651672,RAFAEL GUERRA,PSDB,29031943,057730850272,-1
1998,MG,DEPUTADO FEDERAL,SERGIO MIRANDA DE MATOS BRITO,52060500672,SERGIO MIRANDA,PC do B,23111947,019555500248,-1
1998,MS,SENADOR,JUVENCIO CESAR DA FONSECA,02249197172,JUVÊNCIO CÉSAR DA FONSECA,PMDB,21091935,7176501937,-1
1998,MS,DEPUTADO FEDERAL,FLÁVIO AUGUSTO COELHO DERZI,29651808772,FLÁVIO DERZI,PPB,30061951,6685221961,-1
1998,MS,DEPUTADO FEDERAL,JOÃO BATISTA DOS SANTOS,01566383803,JOÃO GRANDÃO,PT,26121959,5301351910,-1
1998,MS,DEPUTADO FEDERAL,EURÍDIO BEN HUR FERREIRA,31298036100,BEN HUR,PT,11011964,6482961910,-1
1998,MS,DEPUTADO FEDERAL,NELSON TRAD,00416770134,TRAD,PTB,30101930,3230401961,-1
1998,MS,DEPUTADO FEDERAL,WALDEMIR MOKA MIRANDA DE BRITTO,14332604172,MOKA,PMDB,10101951,7279941996,-1
1998,MS,DEPUTADO FEDERAL,PEDRO PEDROSSIAN FILHO,40472566172,PEPÊ,PFL,28061966,3213211988,-1
1998,MS,DEPUTADO FEDERAL,MARCAL GONCALVES LEITE FILHO,#NULO#,MARÇAL FILHO,PSDB,14101964,5482921953,-1
1998,MS,DEPUTADO FEDERAL,MARISA JOAQUINA MONTEIRO SERRANO,#NULO#,MARISA SERRANO,PSDB,21061947,6699401953,-1
1998,MT,SENADOR,ANTERO PAES DE BARROS NETO,10342931172,ANTERO,PSDB,3011953,2769651848,-1
1998,MT,DEPUTADO FEDERAL,MURILO DOMINGOS,24239330882,MURILO DOMINGOS,PTB,21021941,5508011805,-1
1998,MT,DEPUTADO FEDERAL,APARECIDA MARIA BORGES BEZERRA,57181659120,TETÉ BEZERRA,PMDB,20071957,901171821,-1
1998,MT,DEPUTADO FEDERAL,WILSON PEREIRA DOS SANTOS,24101370168,WILSON SANTOS,PMDB,26081961,1531061899,-1
1998,MT,DEPUTADO FEDERAL,WELLINGTON ANTONIO FAGUNDES,23019093104,WELINTON,PL,1061957,2528351856,-1
1998,MT,DEPUTADO FEDERAL,CELCITA ROSA PINHEIRO DA SILVA,17176662134,CELCITA PINHEIRO,PFL,22121943,5906531899,-1
1998,MT,DEPUTADO FEDERAL,PEDRO HENRY NETO,17506867168,PEDRO HENRY,PSDB,19041957,5145811830,-1
1998,MT,DEPUTADO FEDERAL,ANTONIO JOAQUIM MORAES RODRIGUES NETO,09350799120,ANTONIO JOAQUIM,PSDB,1011956,2850801805,-1
1998,MT,DEPUTADO FEDERAL,LAUDNIR LINO,00518399893,LINO ROSSI,PSDB,8101957,17477911830,-1
1998,PA,SENADOR,LUIZ OTAVIO OLIVEIRA CAMPOS,#NULO#,LUIZ OTÁVIO,PPB,27051954,012863911325,-1
1998,PA,DEPUTADO FEDERAL,GERSON DOS SANTOS PERES,00059536268,GERSON PERES,PPB,2051931,003596371309,-1
1998,PA,DEPUTADO FEDERAL,GIOVANNI CORREA QUEIROZ,03662306115,GIOVANNI QUEIROZ,PDT,15071946,008479791384,-1
1998,PA,DEPUTADO FEDERAL,PAULO ROBERTO GALVÃO DA ROCHA,02366010249,PAULO ROCHA,PT,1041951,011040781350,-1
1998,PA,DEPUTADO FEDERAL,VALDIR GANZER,19416059234,GANZER,PT,1061955,006356601350,-1
1998,PA,DEPUTADO FEDERAL,JOÃO BATISTA OLIVEIRA ARAUJO,03195120291,BABA,PT,31101953,012318021376,-1
1998,PA,DEPUTADO FEDERAL,JOSUÉ BENGTSON,09673504768,JOSUÉ BENGTSON,PTB,27051944,010674971376,-1
1998,PA,DEPUTADO FEDERAL,ELCIONE THEREZINHA ZAHLUTH BARBALHO,00605387249,ELCIONE BARBALHO,PMDB,5101944,012440651350,-1
1998,PA,DEPUTADO FEDERAL,JOSE BENITO PRIANTE JUNIOR,17293618204,PRIANTE,PMDB,2121963,001206161384,-1
1998,PA,DEPUTADO FEDERAL,JORGE NETO DA COSTA,00087831287,DR. JORGE COSTA,PMDB,3091931,009038831333,-1
1998,PA,DEPUTADO FEDERAL,RENILDO LEAL SANTOS,06059258875,RENILDO LEAL,PMDB,13081965,011207101384,-1
1998,PA,DEPUTADO FEDERAL,RAIMUNDO JOSÉ PEREIRA DOS SANTOS,03409244204,RAIMUNDO SANTOS,PFL,10101955,016104951317,-1
1998,PA,DEPUTADO FEDERAL,DEUSDETH ANTONIO CORREA PANTOJA,03171426234,DEUSDETH PANTOJA,PFL,3111946,000672851384,-1
1998,PA,DEPUTADO FEDERAL,VICTOR PIRES FRANCO NETO,09426701249,VIC PIRES FRANCO,PFL,18061960,000323861317,-1
1998,PA,DEPUTADO FEDERAL,NICIAS LOPES RIBEIRO,01946617253,NICIAS RIBEIRO,PSDB,9051948,000566621341,-1
1998,PA,DEPUTADO FEDERAL,ANIVALDO JUVENIL VALE,07859147653,ANIVALDO VALE,PSDB,2121944,031484591309,-1
1998,PA,DEPUTADO FEDERAL,ZENALDO RODRIGUES COUTINHO JÚNIOR,11661054234,ZENALDO COUTINHO,PSDB,4021961,000132521376,-1
1998,PA,DEPUTADO FEDERAL,NILSON PINTO DE OLIVEIRA,02875900200,NILSON PINTO,PSDB,25031952,011590901341,-1
1998,PB,SENADOR,NEY ROBINSON SUASSUNA,03848051753,NEY,PMDB,11101941,19193081244,-1
1998,PB,DEPUTADO FEDERAL,ENIVALDO RIBEIRO,02522063472,ENIVALDO RIBEIRO,PPB,26031935,13767081295,-1
1998,PB,DEPUTADO FEDERAL,JOSE AVENZOAR ARRUDA DAS NEVES,30842743472,AVENZOAR ARRUDA,PT,13041962,11701681244,-1
1998,PB,DEPUTADO FEDERAL,DAMIAO FELICIANO DA SILVA,13932772415,DR. DAMIÃO,PTB,28041952,3991541279,-1
1998,PB,DEPUTADO FEDERAL,CARLOS MARQUES DUNGA,00872270459,CARLOS DUNGA,PMDB,7121945,11123681201,-1
1998,PB,DEPUTADO FEDERAL,RICARDO FEITOSA RIQUE,37300385753,RICARDO RIQUE,PMDB,9071954,17732951260,-1
1998,PB,DEPUTADO FEDERAL,INALDO ROCHA LEITAO,07466161472,INALDO LEITÃO,PMDB,4111951,7716801201,-1
1998,PB,DEPUTADO FEDERAL,JOSE DOMICIANO CABRAL,02689111268,DOMICIANO CABRAL,PMDB,16031955,10339421260,-1
1998,PB,DEPUTADO FEDERAL,ARMANDO ABILIO VIEIRA,02537850491,ARMANDO ABILIO,PMDB,29121944,4544781210,-1
1998,PB,DEPUTADO FEDERAL,MARCONDES IRAN BENEVIDES GADELHA,00894486420,MARCONDES GADELHA,PFL,23061943,7537081252,-1
1998,PB,DEPUTADO FEDERAL,EFRAIM DE ARAUJO MORAIS,10873023404,EFRAIM MORAIS,PFL,4091952,5585241244,-1
1998,PB,DEPUTADO FEDERAL,ADAUTO PEREIRA DE LIMA,00434930415,ADAUTO PEREIRA,PFL,4061935,6597151279,-1
1998,PB,DEPUTADO FEDERAL,WILSON LEITE BRAGA,00568805453,WILSON BRAGA,PSDB,18071931,344141210,-1
1998,PE,SENADOR,JOSE JORGE DE VASCONCELOS LIMA,06417590453,JOSE JORGE,PFL,18111944,6723890868,-1
1998,PE,DEPUTADO FEDERAL,SEVERINO JOSE CAVALCANTI FERREIRA,00808458868,SEVERINO CAVALCANTI,PPB,18121930,23909540841,-1
1998,PE,DEPUTADO FEDERAL,SALATIEL SOUSA CARVALHO,10346104491,SALATIEL,PPB,5041954,30198690809,-1
1998,PE,DEPUTADO FEDERAL,FERNANDO DANTAS FERRO,12582980404,FERNANDO FERRO,PT,5091961,4738950809,-1
1998,PE,DEPUTADO FEDERAL,MARCOS ANTONIO DE BARROS,18735355468,MARCOS DE JESUS,PTB,23101958,101420876,-1
1998,PE,DEPUTADO FEDERAL,ARMANDO DE QUEIROZ MONTEIRO NETO,03881229434,ARMANDO MONTEIRO NETO,PMDB,24021952,11659750809,-1
1998,PE,DEPUTADO FEDERAL,CARLOS EDUARDO CINTRA DA COSTA PEREIRA,00230685404,CARLOS EDUARDO CADOCA,PMDB,23041940,599950868,-1
1998,PE,DEPUTADO FEDERAL,JOSE SEVERIANO CHAVES,01857649400,JOSE CHAVES,PMDB,8061942,302820817,-1
1998,PE,DEPUTADO FEDERAL,LUCIANO CALDAS BIVAR,01818961415,LUCIANO BIVAR,PSL,29111944,5740680817,-1
1998,PE,DEPUTADO FEDERAL,ANDRE CARLOS ALVES DE PAULA FILHO,34148485468,ANDRE,PFL,22071961,146970884,-1
1998,PE,DEPUTADO FEDERAL,INOCENCIO GOMES DE OLIVEIRA,00177601434,INOCENCIO,PFL,21101938,20220220876,-1
1998,PE,DEPUTADO FEDERAL,OSVALDO DE SOUZA COELHO,00371807468,OSVALDO COELHO,PFL,24081931,22601620876,-1
1998,PE,DEPUTADO FEDERAL,RICARDO FERREIRA FIUZA,07520832104,RICARDO FIUZA,PFL,6091939,389260892,-1
1998,PE,DEPUTADO FEDERAL,ANTONIO GERALDO RODRIGUES DA SILVA,11324929472,TONY GEL,PFL,5111955,27613410809,-1
1998,PE,DEPUTADO FEDERAL,JOAQUIM FRANCISCO DE FREITAS CAVALCANTI,00458287415,JOAQUIM FRANCISCO,PFL,14041948,5828210809,-1
1998,PE,DEPUTADO FEDERAL,JOSE MENDONCA BEZERRA,00182036472,ZE MENDONCA,PFL,18011936,15264840809,-1
1998,PE,DEPUTADO FEDERAL,JOSE MUCIO MONTEIRO FILHO,05059089487,JOSE MUCIO,PFL,25091948,11173270809,-1
1998,PE,DEPUTADO FEDERAL,CLEMENTINO DE SOUZA COELHO,06591329587,CLEMENTINO COELHO,PSB,18071954,22361260809,-1
1998,PE,DEPUTADO FEDERAL,LUIZ GONZAGA PATRIOTA,01960970453,GONZAGA PATRIOTA,PSB,26041946,22412340841,-1
1998,PE,DEPUTADO FEDERAL,EDUARDO HENRIQUE ACCIOLY CAMPOS,45334773487,EDUARDO CAMPOS,PSB,10081965,3439640809,-1
1998,PE,DEPUTADO FEDERAL,SEVERINO SERGIO ESTELITA GUERRA,01659367468,SERGIO GUERRA,PSB,9111947,403450884,-1
1998,PE,DEPUTADO FEDERAL,DJALMA SOUTO MAIOR PAES JUNIOR,07332467453,DJALMA PAES,PSB,2051955,5312400809,-1
1998,PE,DEPUTADO FEDERAL,PEDRO EUGENIO DE CASTRO TOLEDO CABRAL,07076398400,PEDRO EUGENIO,PSB,29031949,3736950841,-1
1998,PE,DEPUTADO FEDERAL,ANTONIO CARLOS VIEIRA DOS SANTOS,19287283400,BATATA,PSB,13061959,16276980817,-1
1998,PE,DEPUTADO FEDERAL,JOAO BASTOS COLACO DIAS,04313798404,JOCA COLACO,PSB,15111951,3242100825,-1
1998,PE,DEPUTADO FEDERAL,LUIZ PIAUHYLINO DE MELLO MONTEIRO,01862790434,PIAUHYLINO,PSDB,10081947,5090030825,-1
1998,PI,SENADOR,ALBERTO TAVARES SILVA,03053962349,ALBERTO SILVA,PMDB,10111918,8639481554,-1
1998,PI,DEPUTADO FEDERAL,JOSE WELLINGTON BARROSO DE ARAUJO DIAS,18255663304,WELLINGTON DIAS,PT,5031962,8809861503,-1
1998,PI,DEPUTADO FEDERAL,JOAO HENRIQUE DE ALMEIDA SOUSA,03580970372,JOÃO HENRIQUE,PMDB,4021950,572341597,-1
1998,PI,DEPUTADO FEDERAL,THEMISTOCLES DE SAMPAIO PEREIRA,00147869315,THEMISTOCLES SAMPAIO PEREIRA,PMDB,12111921,1048281570,-1
1998,PI,DEPUTADO FEDERAL,MARCELO COSTA E CASTRO,02382091304,MARCELO CASTRO,PMDB,9061950,123561503,-1
1998,PI,DEPUTADO FEDERAL,MUSSA DE JESUS DEMES,00233188304,MUSSA,PFL,8121939,9074311570,-1
1998,PI,DEPUTADO FEDERAL,JOSE FRANCISCO PAES LANDIM,00309745187,PAES LANDIM,PFL,23031937,9564851538,-1
1998,PI,DEPUTADO FEDERAL,CIRO NOGUEIRA LIMA FILHO,34190392391,CIRO NOGUEIRA,PFL,21111968,20499931503,-1
1998,PI,DEPUTADO FEDERAL,HERACLITO DE SOUSA FORTES,06342850410,HERACLITO FORTES,PFL,1081950,670911503,-1
1998,PI,DEPUTADO FEDERAL,ATILA FREITAS LIRA,13023594600,ATILA LIRA,PFL,7041947,466981503,-1
1998,PI,DEPUTADO FEDERAL,BENEDITO DE CARVALHO SA,24496588749,B.SA,PSDB,27121946,7781331546,-1
1998,PR,SENADOR,ALVARO FERNANDES DIAS,00274003953,ALVARO DIAS,PSDB,7121944,013624210604,-1
1998,PR,DEPUTADO FEDERAL,NELSON MEURER,00564834904,NELSON MEURER,PPB,23071942,019051390655,-1
1998,PR,DEPUTADO FEDERAL,DILCEU JOÃO SPERAFICO,11979216991,DILCEU SPERAFICO,PPB,26011948,020830410663,-1
1998,PR,DEPUTADO FEDERAL,JOSÉ MOHAMED JANENE,14430517991,JOSÉ JANENE,PPB,12091955,032335270604,-1
1998,PR,DEPUTADO FEDERAL,RICARDO JOSÉ MAGALHÃES BARROS,42478979934,RICARDO BARROS,PPB,15111959,017866770647,-1
1998,PR,DEPUTADO FEDERAL,BERNARDINO BARRETO DE OLIVEIRA,43429157749,PASTOR OLIVEIRA,PPB,15041957,067893700680,-1
1998,PR,DEPUTADO FEDERAL,AIRTON BERNARDO ROVEDA,01563955920,AIRTON ROVEDA,PDT,4021948,011775180612,-1
1998,PR,DEPUTADO FEDERAL,FLORISVALDO FIER,29938520944,DR. ROSINHA,PT,12111950,031908870604,-1
1998,PR,DEPUTADO FEDERAL,ROQUE ZIMMERMANN,07761520097,PADRE ROQUE,PT,15121939,047892580671,-1
1998,PR,DEPUTADO FEDERAL,MARCIO ARTUR DE MATOS,65229967820,DR. MARCIO,PT,29031946,035059630604,-1
1998,PR,DEPUTADO FEDERAL,JOSÉ RODRIGUES BORBA,02499550910,JOSE BORBA,PTB,14071949,019403080698,-1
1998,PR,DEPUTADO FEDERAL,FRANCISCO OCTÁVIO BECKERT,23224843934,CHICO DA PRINCESA,PTB,14071954,004003120680,-1
1998,PR,DEPUTADO FEDERAL,ALEX CANZIANI SILVEIRA,36601101915,ALEX CANZIANI,PTB,11061964,033038030612,-1
1998,PR,DEPUTADO FEDERAL,IRIS XAVIER SIMÕES,51463890982,IRIS SIMÕES,PTB,25051961,002993440698,-1
1998,PR,DEPUTADO FEDERAL,RUBENS BUENO,18746420959,RUBENS BUENO,PTB,23051948,011207330671,-1
1998,PR,DEPUTADO FEDERAL,JOSÉ CARLOS DE CASTRO MARTINEZ,05578337872,MARTINEZ,PTB,23051948,000323490671,-1
1998,PR,DEPUTADO FEDERAL,MOACIR MICHELETTO,06152643015,MOACIR MICHELETTO,PMDB,25111942,035602130698,-1
1998,PR,DEPUTADO FEDERAL,OSMAR JOSÉ SERRAGLIO,01773852949,DR. OSMAR,PMDB,23051948,023952280680,-1
1998,PR,DEPUTADO FEDERAL,HERMES PARCIANELLO,33496315920,HERMES FRANGÃO PARCIANELLO,PMDB,25041958,039650000663,-1
1998,PR,DEPUTADO FEDERAL,GUSTAVO BONATO FRUET,64446379968,GUSTAVO FRUET,PMDB,18041963,004261920655,-1
1998,PR,DEPUTADO FEDERAL,GUSTAVO BONATO FRUET,64446379968,MAURÍCIO FRUET,PMDB,18041963,004261920655,-1
1998,PR,DEPUTADO FEDERAL,MAURÍCIO ROSLINDO FRUET,00065579968,GUSTAVO FRUET,PMDB,12081939,000488930639,-1
1998,PR,DEPUTADO FEDERAL,MAURÍCIO ROSLINDO FRUET,00065579968,MAURÍCIO FRUET,PMDB,12081939,000488930639,-1
1998,PR,DEPUTADO FEDERAL,RAFAEL VALDOMIRO GRECA DE MACEDO,23224231904,RAFAEL GRECA,PFL,17031956,000927220680,-1
1998,PR,DEPUTADO FEDERAL,ABELARDO LUIZ LUPION MELLO,16096843972,LUPION,PFL,25081952,001051130604,-1
1998,PR,DEPUTADO FEDERAL,AFFONSO ALVES DE CAMARGO NETO,00094064920,AFFONSO CAMARGO,PFL,30041929,000669970604,-1
1998,PR,DEPUTADO FEDERAL,LUCIANO PIZZATTO,32010877934,LUCIANO PIZZATTO,PFL,23031957,002083800698,-1
1998,PR,DEPUTADO FEDERAL,WERNER WANDERER,00581186915,WANDER WERNER,PFL,15021939,026997820671,-1
1998,PR,DEPUTADO FEDERAL,JOAQUIM DOS SANTOS FILHO,00505129949,SANTOS FILHO,PFL,27011933,000558030663,-1
1998,PR,DEPUTADO FEDERAL,MAX ROSENMANN,00295655968,MAX ROSENMANN,PSDB,29111944,041709140647,-1
1998,PR,DEPUTADO FEDERAL,BASÍLIO VILLANI,02877066991,BASÍLIO VILLANI,PSDB,3091940,002344610604,-1
1998,PR,DEPUTADO FEDERAL,LUIZ CARLOS JORGE HAULY,08682607972,LUIZ CARLOS HAULY,PSDB,8101950,021272620604,-1
1998,PR,DEPUTADO FEDERAL,LUIZ CARLOS JORGE HAULY,08682607972,MAURO CLAUDIO TEMOCHKO,PSDB,8101950,021272620604,-1
1998,PR,DEPUTADO FEDERAL,MAURO CLAUDIO TEMOCHKO,#NULO#,MAURO CLAUDIO TEMOCHKO,PSDB,12041955,014515210604,-1
1998,PR,DEPUTADO FEDERAL,MAURO CLAUDIO TEMOCHKO,#NULO#,LUIZ CARLOS HAULY,PSDB,12041955,014515210604,-1
1998,PR,DEPUTADO FEDERAL,FLÁVIO JOSÉ ARNS,18516440915,FLÁVIO ARNS,PSDB,9111950,004675000620,-1
1998,PR,DEPUTADO FEDERAL,ODILIO BALBINOTTI,13861506904,ODÍLIO BALBINOTTI,PSDB,8061941,036538510655,-1
1998,RJ,SENADOR,ROBERTO SATURNINO BRAGA,00922072787,SATURNINO BRAGA,PSB,13091931,003140120310,-1
1998,RJ,DEPUTADO FEDERAL,FRANCISCO OSWALDO NEVES DORNELLES,00842818715,DORNELLES,PPB,7011935,017335750329,-1
1998,RJ,DEPUTADO FEDERAL,JOÃO RICARDO MENDES,00274992434,JOÃO MENDES,PPB,19061938,025297790310,-1
1998,RJ,DEPUTADO FEDERAL,JAIR MESSIAS BOLSONARO,45317828791,JAIR BOLSONARO,PPB,21031955,015564190337,-1
1998,RJ,DEPUTADO FEDERAL,SIMÃO SESSIM,03441067720,SIMÃO SESSIM,PPB,8121935,038350850388,-1
1998,RJ,DEPUTADO FEDERAL,OLIVEIRA FRANCISCO DA SILVA,15850846700,FRANCISCO SILVA,PPB,26051938,010869770388,-1
1998,RJ,DEPUTADO FEDERAL,EURICO ANGELO DE OLIVEIRA MIRANDA,33969779715,EURICO MIRANDA,PPB,7061944,016503530388,-1
1998,RJ,DEPUTADO FEDERAL,VIVALDO VIEIRA BARBOSA,02655942787,VIVALDO BARBOSA,PDT,23021942,010949280337,-1
1998,RJ,DEPUTADO FEDERAL,JOÃO CARLOS DE ALMEIDA SAMPAIO,02724375734,JOÃO SAMPAIO,PDT,24051941,069160290353,-1
1998,RJ,DEPUTADO FEDERAL,MIRO TEIXEIRA,03690288720,MIRO TEIXEIRA,PDT,27051945,005422210337,-1
1998,RJ,DEPUTADO FEDERAL,EBER SILVA,19892276787,EBER SILVA,PDT,3121949,042490640329,-1
1998,RJ,DEPUTADO FEDERAL,CORNELIO RIBEIRO,09931775734,CORNELIO RIBEIRO,PDT,25051948,053876940361,-1
1998,RJ,DEPUTADO FEDERAL,MIRIAM SANTOS MANCEBO REID,45366209749,MIRIAM REID,PDT,15061957,066129420370,-1
1998,RJ,DEPUTADO FEDERAL,VANDERLEY MARTINS DE BRITO,20986300772,WANDERLEY MARTINS GENTE NOSSA,PDT,12121950,036085210396,-1
1998,RJ,DEPUTADO FEDERAL,CARLOS AUGUSTO ALVES SANTANA,62965298720,CARLOS SANTANA,PT,25011961,009123930388,-1
1998,RJ,DEPUTADO FEDERAL,JORGE MILTON TEMER,02317850700,MILTON TEMER,PT,12121938,017649990345,-1
1998,RJ,DEPUTADO FEDERAL,LUIZ SÉRGIO NÓBREGA DE OLIVEIRA,44910614753,LUIZ SÉRGIO,PT,9041958,069956830396,-1
1998,RJ,DEPUTADO FEDERAL,JORGE RICARDO BITTAR,26922053753,JORGE BITTAR,PT,25101948,016745840310,-1
1998,RJ,DEPUTADO FEDERAL,FERNANDO ANTONIO FOLGADO GONÇALVES,52331830720,FERNANDO GONÇALVES,PTB,6121955,032732050388,-1
1998,RJ,DEPUTADO FEDERAL,ROBERTO JEFFERSON MONTEIRO FRANCISCO,28090764720,ROBERTO JEFFERSON,PTB,14061953,000014950388,-1
1998,RJ,DEPUTADO FEDERAL,IÉDIO ROSA DA SILVA,10771352700,IEDIO ROSA,PMDB,10111942,041356900302,-1
1998,RJ,DEPUTADO FEDERAL,JORGE WILSON DE MATOS,07238940787,JORGE WILSON,PMDB,16111943,047800660361,-1
1998,RJ,DEPUTADO FEDERAL,ITANILDES ORLANDO FERNANDES,33518971700,DINO FERNANDES,PSC,7081950,023571450345,-1
1998,RJ,DEPUTADO FEDERAL,RUBEM MEDINA,00752568787,RUBEM MEDINA,PFL,1091942,017396990396,-1
1998,RJ,DEPUTADO FEDERAL,AROLDE DE OLIVEIRA,01616706287,AROLDE DE OLIVEIRA,PFL,11031937,002597020302,-1
1998,RJ,DEPUTADO FEDERAL,ALDIR CABRAL DE ARAÚJO,18103600725,ALDIR CABRAL,PFL,12031948,015351500353,-1
1998,RJ,DEPUTADO FEDERAL,EDUARDO DA COSTA PAES,01475189702,EDUARDO PAES,PFL,14111969,072185730329,-1
1998,RJ,DEPUTADO FEDERAL,MARIA LAURA MONTEZA DE SOUZA CARNEIRO,79401546720,LAURA CARNEIRO,PFL,1051963,018614110361,-1
1998,RJ,DEPUTADO FEDERAL,CARLOS ALBERTO RODRIGUES PINTO,55181465749,BISPO RODRIGUES,PFL,4101957,106331330370,-1
1998,RJ,DEPUTADO FEDERAL,ALMERINDA FILGUEIRA DE CARVALHO,02308318775,ALMERINDA DE CARVALHO,PFL,17011952,038811540353,-1
1998,RJ,DEPUTADO FEDERAL,JOSE CARLOS PIRES COUTINHO,04057473734,JOSE CARLOS COUTINHO,PFL,18071943,047239700302,-1
1998,RJ,DEPUTADO FEDERAL,RODRIGO FELINTO IBARRA EPITÁCIO MAIA,00590048783,RODRIGO MAIA,PFL,12061970,073616970345,-1
1998,RJ,DEPUTADO FEDERAL,ALEXANDRE AGUIAR CARDOSO,30456363734,ALEXANDRE CARDOSO,PSB,3051952,042687640302,-1
1998,RJ,DEPUTADO FEDERAL,PAULO CESAR BALTAZAR DA NOBREGA,24910970797,PAULO BALTAZAR,PSB,25111949,039801580361,-1
1998,RJ,DEPUTADO FEDERAL,FERNANDO PAULO NAGLE GABEIRA,66717558768,GABEIRA,PV,17021941,017302560302,-1
1998,RJ,DEPUTADO FEDERAL,LUIZ EDUARDO ALMEIDA DE OLIVEIRA,83027483749,LUISINHO,PSDB,14021964,084452500310,-1
1998,RJ,DEPUTADO FEDERAL,ALEXANDRE JOSE DOS SANTOS,30557224772,ALEXANDRE SANTOS,PSDB,4091954,064350980337,-1
1998,RJ,DEPUTADO FEDERAL,PAULO FERNANDO FEIJÓ TORRES,52118037791,PAULO FEIJÓ,PSDB,23031956,034458760302,-1
1998,RJ,DEPUTADO FEDERAL,MATUSAEL DO NASCIMENTO,30012180700,MATTOS NASCIMENTO,PSDB,2061954,029899510361,-1
1998,RJ,DEPUTADO FEDERAL,ANTONIO VALDECI DE PAIVA,42498872787,PASTOR VALDECI PAIVA,PSDB,16051953,070393980329,-1
1998,RJ,DEPUTADO FEDERAL,AYRTON ALVARENGA XEREZ,04667611715,AYRTON XEREZ,PSDB,13051946,018106850345,-1
1998,RJ,DEPUTADO FEDERAL,RONALDO CEZAR COELHO,10999965700,RONALDO CEZAR COELHO,PSDB,23031947,056577510361,-1
1998,RJ,DEPUTADO FEDERAL,MÁRCIO JOÃO DE ANDRADE FORTES,02461668787,MARCIO FORTES,PSDB,4101944,017787180310,-1
1998,RJ,DEPUTADO FEDERAL,JOSÉ MAURÍCIO RODRIGUES GARCIA,38883830725,CORONEL GARCIA,PSDB,27091956,004224890329,-1
1998,RJ,DEPUTADO FEDERAL,LUIZ ANTONIO DANTAS RIBEIRO,44558783787,LUIZ RIBEIRO,PSDB,16041954,037029910361,-1
1998,RJ,DEPUTADO FEDERAL,HELENO AUGUSTO DE LIMA,03565971720,DR. HELENO,PSDB,25041940,064085740302,-1
1998,RJ,DEPUTADO FEDERAL,JANDIRA FEGHALI,43428169700,JANDIRA FEGHALI,PC do B,17051957,018508500329,-1
1998,RN,SENADOR,FERNANDO LUIZ GONÇALVES BEZERRA,342041487,FERNANDO BEZERRA,PMDB,20021941,1738951600,-1
1998,RN,DEPUTADO FEDERAL,IBERÊ PAIVA FERREIRA DE SOUZA,1087339472,IBERÊ,PPB,27021944,4799521660,-1
1998,RN,DEPUTADO FEDERAL,HENRIQUE EDUARDO LYRA ALVES,13047019720,HENRIQUE,PMDB,9121948,1645371643,-1
1998,RN,DEPUTADO FEDERAL,ANA CATARINA LYRA ALVES,36295906753,ANA,PMDB,9121948,253111619,-1
1998,RN,DEPUTADO FEDERAL,LAIRE ROSADO FILHO,1180401468,LAIRE ROSADO,PMDB,28081945,7091001619,-1
1998,RN,DEPUTADO FEDERAL,MÚCIO GURGEL DE SÁ,9736794415,MÚCIO SÁ,PMDB,5041952,7346761600,-1
1998,RN,DEPUTADO FEDERAL,LAVOISIER MAIA SOBRINHO,12372145487,LAVOISIER MAIA,PFL,9101928,195711651,-1
1998,RN,DEPUTADO FEDERAL,CARLOS ALBERTO DE SOUZA ROSADO,7457103449,BETINHO ROSADO,PFL,23121948,7012901600,-1
1998,RN,DEPUTADO FEDERAL,NEY LOPES DE SOUZA,307947491,NEY LOPES - NL,PFL,14021945,1670941686,-1
1998,RO,SENADOR,AMIR FRANCISCO LANDO,01043781072,AMIR LANDO,PMDB,25041944,000265602380,-1
1998,RO,DEPUTADO FEDERAL,EURÍPEDES MIRANDA BOTELHO,54122538815,EURÍPEDES MIRANDA,PDT,20021954,000908682313,-1
1998,RO,DEPUTADO FEDERAL,AGNALDO MUNIZ,31687059268,AGNALDO  MUNIZ,PDT,31081970,006879852330,-1
1998,RO,DEPUTADO FEDERAL,NILTON BALBINO,57785368791,NILTON CAPIXABA,PTB,9021960,009463542321,-1
1998,RO,DEPUTADO FEDERAL,CONFÚCIO AIRES MOURA,03733831187,CONFÚCIO,PMDB,16051948,002025122348,-1
1998,RO,DEPUTADO FEDERAL,EXPEDITO  GONCALVES FERREIRA JUNIOR,05019228818,EXPEDITO JÚNIOR,PFL,10061963,004093232321,-1
1998,RO,DEPUTADO FEDERAL,OSCAR ILTON DE ANDRADE,27901750634,OSCAR,PFL,26091957,004506942348,-1
1998,RO,DEPUTADO FEDERAL,SÉRGIO SIQUEIRA DE CARVALHO,62740806787,SÉRGIO CARVALHO,PSDB,25031955,000282552330,-1
1998,RO,DEPUTADO FEDERAL,MARINHA CELIA ROCHA RAUPP DE MATOS,03279216842,MARINHA RAUPP,PSDB,23111960,004197412305,-1
1998,RR,SENADOR,FRANCISCO MOZARILDO DE MELO CAVALCANTI,00131555200,MOZARILDO,PPB,11061944,189222674,-1
1998,RR,DEPUTADO FEDERAL,ROBERIO BEZERRA DE ARAUJO,06121926287,ROBERIO ARAUJO,PPB,8121954,246292682,-1
1998,RR,DEPUTADO FEDERAL,ALMIR MORAIS SA,18355102991,SA,PPB,30091953,45942623,-1
1998,RR,DEPUTADO FEDERAL,LUIS BARBOSA ALVES,02469405300,LUISINHO TABELA,PPB,25021953,227162615,-1
1998,RR,DEPUTADO FEDERAL,AIRTON ANTONIO SOLIGO,16212240230,CASCAVEL,PPB,4051964,428532615,-1
1998,RR,DEPUTADO FEDERAL,FRANCISCO DE ASSIS RODRIGUES,07654871449,CHICO RODRIGUES,PTB,23041951,27052674,-1
1998,RR,DEPUTADO FEDERAL,ALCESTE MADEIRA DE ALMEIDA,01549812220,DR. ALCESTE,PMDB,22031944,323392607,-1
1998,RR,DEPUTADO FEDERAL,LUCIANO DE SOUZA CASTRO,12776181787,LUCIANO,PSDB,22081949,243742640,-1
1998,RR,DEPUTADO FEDERAL,SALOMAO AFONSO DE SOUZA CRUZ,01127110225,SALOMAO CRUZ,PSDB,30071949,117992640,-1
1998,RS,SENADOR,PEDRO JORGE SIMON,00225843072,SIMON,PMDB,31011930,031158130477,-1
1998,RS,DEPUTADO FEDERAL,JULIO CESAR REDECKER,16145542004,JÚLIO REDECKER,PPB,12071956,049501130450,-1
1998,RS,DEPUTADO FEDERAL,TELMO JOSE KIRST,06925855087,TELMO KIRST,PPB,7041944,049681140418,-1
1998,RS,DEPUTADO FEDERAL,LUIS CARLOS HEINZE,14272954091,LUIS CARLOS HEINZE,PPB,14091950,009353970469,-1
1998,RS,DEPUTADO FEDERAL,JOAO AUGUSTO RIBEIRO NARDES,09054596015,JOAO AUGUSTO RIBEIRO NARDES,PPB,13101952,013225100434,-1
1998,RS,DEPUTADO FEDERAL,ADOLFO ANTONIO FETTER JUNIOR,24256390049,FETTER JUNIOR,PPB,21011954,030157600493,-1
1998,RS,DEPUTADO FEDERAL,DARCI POMPEO DE MATTOS,28346890087,POMPEO DE MATTOS,PDT,12071958,025313150400,-1
1998,RS,DEPUTADO FEDERAL,ALCEU DE DEUS COLLARES,08891311120,ALCEU COLLARES,PDT,12091927,025055270450,-1
1998,RS,DEPUTADO FEDERAL,AIRTON LANGARO DIPP,12277673072,DIPP,PDT,15101950,014711680400,-1
1998,RS,DEPUTADO FEDERAL,ENIO EGON BERGMANN BACCI,24076163087,ENIO BACCI,PDT,19091958,009972980469,-1
1998,RS,DEPUTADO FEDERAL,MARCOS FLAVIO ROLIM,39517616015,MARCOS ROLIM,PT,10091960,016587300485,-1
1998,RS,DEPUTADO FEDERAL,ANTONIO VALDECI OLIVEIRA DE OLIVEIRA,28783972072,VALDECI OLIVEIRA,PT,7091957,008405260434,-1
1998,RS,DEPUTADO FEDERAL,HENRIQUE FONTANA JUNIOR,33410518053,HENRIQUE FONTANA,PT,18011960,044194670469,-1
1998,RS,DEPUTADO FEDERAL,PAULO RENATO PAIM,11062975049,PAIM,PT,15031950,032745760418,-1
1998,RS,DEPUTADO FEDERAL,LUIZ FERNANDO MAINARDI,29149606034,MAINARDI,PT,30121960,018378190469,-1
1998,RS,DEPUTADO FEDERAL,WALDOMIRO FIORAVANTE,19584121049,WALDOMIRO FIORAVANTE,PT,3091954,047083380477,-1
1998,RS,DEPUTADO FEDERAL,FERNANDO STEPHAN MARRONI,21891583034,FERNANDO MARRONI,PT,31071956,018043040469,-1
1998,RS,DEPUTADO FEDERAL,ADAO PRETTO,12417211068,ADAO PRETTO,PT,18121945,027636980442,-1
1998,RS,DEPUTADO FEDERAL,OSVALDO ANICETTO BIOLCHI,04962796020,OSVALDO BIOLCHI,PTB,16121934,032272890485,-1
1998,RS,DEPUTADO FEDERAL,PAULO JOSE GOUVEA,52626830020,PASTOR PAULO GOUVEA,PTB,19041964,011281820400,-1
1998,RS,DEPUTADO FEDERAL,LUIZ CARLOS REPISO RIELA,20893833053,CAIO REPISO RIELA,PTB,8111958,008769130434,-1
1998,RS,DEPUTADO FEDERAL,DARCISIO PAULO PERONDI,08262748034,PERONDI,PMDB,2041947,015008650477,-1
1998,RS,DEPUTADO FEDERAL,JORGE ALBERTO PORTANOVA MENDES RIBEIRO FILHO,16508513087,MENDES RIBEIRO FILHO,PMDB,27121954,049265430418,-1
1998,RS,DEPUTADO FEDERAL,NELSON LUIZ PROENCA FERNANDES,10924213000,NELSON PROENCA,PMDB,14081950,058282630477,-1
1998,RS,DEPUTADO FEDERAL,CEZAR AUGUSTO SCHIRMER,20056435053,CEZAR SCHIRMER,PMDB,23021952,016548970434,-1
1998,RS,DEPUTADO FEDERAL,SYNVAL SEBASTIAO DUARTE GUAZZELLI,06298214020,GUAZZELLI,PMDB,24011930,026672150442,-1
1998,RS,DEPUTADO FEDERAL,WALDIR ARTUR SCHMIDT,02277980072,WALDIR SCHMIDT,PMDB,8071944,032540870469,-1
1998,RS,DEPUTADO FEDERAL,GERMANO ANTONIO RIGOTTO,22376283000,RIGOTTO,PMDB,24091949,004559670434,-1
1998,RS,DEPUTADO FEDERAL,ROBERTO ARGENTA,14093324034,ROBERTO ARGENTA,PFL,26081952,039077750469,-1
1998,RS,DEPUTADO FEDERAL,LUIZ ROBERTO DE ALBUQUERQUE,33769460006,BETO ALBUQUERQUE,PSB,6011963,014809240493,-1
1998,RS,DEPUTADO FEDERAL,YEDA RORATO CRUSIUS,15419819015,YEDA CRUSIUS,PSDB,26071944,021737700434,-1
1998,RS,DEPUTADO FEDERAL,NELSON MARCHEZAN,00129615072,MARCHEZAN,PSDB,4051938,026771450442,-1
1998,SC,SENADOR,JORGE KONDER BORNHAUSEN,00373117949,JORGE BORNHAUSEN,PFL,1101937,5776050981,-1
1998,SC,DEPUTADO FEDERAL,JOÃO ALBERTO PIZZOLATTI JUNIOR,42995043991,JOÃO PIZZOLATTI,PPB,31101961,19594400922,-1
1998,SC,DEPUTADO FEDERAL,LEODEGAR DA CUNHA TISCOSKI,16919661934,LEODEGAR TISCOSKI,PPB,2101948,19413270906,-1
1998,SC,DEPUTADO FEDERAL,ENI JOSÉ VOLTOLINI,09706607900,ENI VOLTOLINI,PPB,8051950,8373650957,-1
1998,SC,DEPUTADO FEDERAL,HUGO MATIAS BIEHL,22022430972,HUGO BIEHL,PPB,19061952,15272170965,-1
1998,SC,DEPUTADO FEDERAL,ANTONIO SERAFIM VENZON,21681961920,SERAFIM VENZON,PDT,19061953,1736360914,-1
1998,SC,DEPUTADO FEDERAL,CARLOS FERNANDO AGUSTINI,22073671934,CORUJA,PDT,4121954,10420030973,-1
1998,SC,DEPUTADO FEDERAL,CARLITO MERSS,24832707949,CARLITO,PT,16091955,9206770990,-1
1998,SC,DEPUTADO FEDERAL,LUCI TERESINHA CHOINACKI,70740178920,LUCI CHOINACKI,PT,17031954,17733800949,-1
1998,SC,DEPUTADO FEDERAL,EDSON BEZ DE OLIVEIRA,09629734915,EDINHO,PMDB,6031950,14165840981,-1
1998,SC,DEPUTADO FEDERAL,EDISON ADRIÃO ANDRINO DE OLIVEIRA,04754735900,EDISON ANDRINO,PMDB,18121945,5229340906,-1
1998,SC,DEPUTADO FEDERAL,RENATO DE MELLO VIANNA,10313648972,RENATO VIANNA,PMDB,18071944,503730981,-1
1998,SC,DEPUTADO FEDERAL,JOÃO BATISTA MATOS,02988186987,JOÃO MATOS,PMDB,8011948,6187230949,-1
1998,SC,DEPUTADO FEDERAL,ANTÔNIO CARLOS KONDER REIS,00020320159,ANTÔNIO CARLOS KONDER REIS,PFL,16121924,7249530957,-1
1998,SC,DEPUTADO FEDERAL,PAULO GILBERTO GOUVÊA DA COSTA,00597899053,PAULO GOUVÊA,PFL,13051943,554300981,-1
1998,SC,DEPUTADO FEDERAL,GERVÁSIO JOSÉ DA SILVA,14550067934,GERVÁSIO SILVA,PFL,24051955,13124070922,-1
1998,SC,DEPUTADO FEDERAL,VICENTE AUGUSTO CAROPRESO,41603788972,VICENTE,PSDB,1091956,7437610973,-1
1998,SE,SENADOR,MARIA DO CARMO DO NASCIMENTO ALVES,15523870544,MARIA DO CARMO,PFL,23081941,000637992186,-1
1998,SE,DEPUTADO FEDERAL,JOSÉ TELES DE MENDONÇA,07333870553,ZÉ TELES,PPB,1031953,002550762186,-1
1998,SE,DEPUTADO FEDERAL,MARCELO DEDA CHAGAS,15036219520,DEDA,PT,11031960,003176702135,-1
1998,SE,DEPUTADO FEDERAL,JOSÉ CLEONÂNCIO DA FONSECA,01100599568,CLEONÂNCIO FONSECA,PMDB,14121936,000029662100,-1
1998,SE,DEPUTADO FEDERAL,JORGE ALBERTO TELES PRADO,07705190591,JORGE ALBERTO,PMDB,4041953,000155532151,-1
1998,SE,DEPUTADO FEDERAL,JOSÉ IVAN DE CARVALHO PAIXAO,07777183591,IVAN PAIXÃO,PPS,20041952,000639572151,-1
1998,SE,DEPUTADO FEDERAL,ARTUR SERGIO DE ALMEIDA REIS,69442878549,SÉRGIO REIS,PMN,18081974,014167972127,-1
1998,SE,DEPUTADO FEDERAL,PEDRO ALMEIDA VALADARES NETO,31241972591,PEDRINHO VALADARES,PSB,4091965,001722012186,-1
1998,SE,DEPUTADO FEDERAL,AUGUSTO DO PRADO FRANCO NETO,58633057549,AUGUSTO FRANCO NETO,PSDB,26031971,016728402186,-1
1998,SP,SENADOR,EDUARDO MATARAZZO SUPLICY,05909198815,SUPLICY,PT,21061941,086508590183,-1
1998,SP,DEPUTADO FEDERAL,ANTONIO DELFIM NETTO,00858099853,DELFIM NETTO,PPB,1051928,086639430191,-1
1998,SP,DEPUTADO FEDERAL,RICARDO NAGIB IZAR,04004647800,RICARDO IZAR,PPB,28071936,088063780108,-1
1998,SP,DEPUTADO FEDERAL,JORGE TADEU MUDALEN,95663223800,JORGE TADEU,PPB,3011955,111609190141,-1
1998,SP,DEPUTADO FEDERAL,ARY KARA JOSÉ,13234820830,ARY KARA,PPB,26031942,050654470116,-1
1998,SP,DEPUTADO FEDERAL,LAMARTINE POSELLA SOBRINHO,04700596805,LAMARTINE POSELLA,PPB,3051961,011687700132,-1
1998,SP,DEPUTADO FEDERAL,JOSE FERREIRA DO NASCIMENTO,22022996887,ZE INDIO,PPB,19111937,004764630132,-1
1998,SP,DEPUTADO FEDERAL,ARNALDO FARIA DE SÁ,21911452800,ARNALDO FARIA DE SA,PPB,30121945,078025840124,-1
1998,SP,DEPUTADO FEDERAL,WAGNER AMARAL SALUSTIANO,55995721887,WAGNER SALUSTIANO,PPB,27061955,004653690167,-1
1998,SP,DEPUTADO FEDERAL,ANTONIO HENRIQUE BITENCOURT CUNHA BUENO,60910828849,CUNHA BUENO,PPB,17061949,002374790108,-1
1998,SP,DEPUTADO FEDERAL,NELLO RODOLPHO GIONGO FILHO,04084974838,NELO RODOLFO,PPB,8021959,003410470116,-1
1998,SP,DEPUTADO FEDERAL,CELSO UBIRAJARA RUSSOMANNO,01252958803,CELSO RUSSOMANNO,PPB,20081956,007504850132,-1
1998,SP,DEPUTADO FEDERAL,ETIVALDO VADÃO GOMES,78443091800,VADAO,PPB,19041957,075678160116,-1
1998,SP,DEPUTADO FEDERAL,RUBENEUTON OLIVEIRA LIMA,05951391830,NEUTON LIMA,PDT,27041965,068025160159,-1
1998,SP,DEPUTADO FEDERAL,CARLOS FERNANDO ZUPPO FRANCO,00176834834,ZUPPO,PDT,1031942,068831670167,-1
1998,SP,DEPUTADO FEDERAL,HÉLIO DE OLIVEIRA SANTOS,72111470830,DR  HELIO,PDT,6091950,017604120159,-1
1998,SP,DEPUTADO FEDERAL,JOSÉ ROBERTO BATOCHIO,16577701849,BATTOCHIO,PDT,17041944,086308940175,-1
1998,SP,DEPUTADO FEDERAL,JOSÉ MACHADO,36705780800,JOSE MACHADO,PT,27011946,104068610124,-1
1998,SP,DEPUTADO FEDERAL,TELMA SANDRA AUGUSTO DE SOUZA,03732630820,TELMA DE SOUZA,PT,29091944,168338600124,-1
1998,SP,DEPUTADO FEDERAL,IARA BERNARDI,00549299890,IARA BERNARDI,PT,2061952,104903100141,-1
1998,SP,DEPUTADO FEDERAL,JOSE GENOINO NETO,99606879887,GENOINO,PT,3051946,148036270191,-1
1998,SP,DEPUTADO FEDERAL,ANGELA MORAES GUADAGNIN,83130616853,ANGELA GUADAGNIN,PT,8041948,045838080191,-1
1998,SP,DEPUTADO FEDERAL,EDUARDO JORGE MARTINS ALVES SOBRINHO,63458691804,EDUARDO JORGE,PT,26101940,080840590116,-1
1998,SP,DEPUTADO FEDERAL,ARLINDO CHIGNALIA JUNIOR,06821146187,ARLINDO CHINAGLIA,PT,24121949,007428910108,-1
1998,SP,DEPUTADO FEDERAL,ANTONIO PALOCCI FILHO,06260544863,ANTONIO PALOCCI,PT,4101960,039421250124,-1
1998,SP,DEPUTADO FEDERAL,JOÃO PAULO CUNHA,00168387859,JOAO PAULO CUNHA,PT,6061958,110746810132,-1
1998,SP,DEPUTADO FEDERAL,RICARDO JOSÉ RIBEIRO BERZOINI,00752912828,RICARDO BEZOINI,PT,10021960,096396410159,-1
1998,SP,DEPUTADO FEDERAL,LUIZ CARLOS DA SILVA,75918862820,PROFESSOR LUIZINHO,PT,18041955,126426390124,-1
1998,SP,DEPUTADO FEDERAL,JOSE DIRCEU DE OLIVEIRA E SILVA,03362008895,ZE DIRCEU,PT,16031946,095349430108,-1
1998,SP,DEPUTADO FEDERAL,JAIR ANTONIO MENEGUELLI,32676883887,JAIR MENEGUELLI,PT,16071947,056419300191,-1
1998,SP,DEPUTADO FEDERAL,ALOIZIO MERCADANTE OLIVA,96333731820,ALOIZIO MERCADANTE,PT,13051954,087017320167,-1
1998,SP,DEPUTADO FEDERAL,DUILIO PISANESCHI,04060741868,DUILIO PISANESCHI,PTB,29081940,054034590116,-1
1998,SP,DEPUTADO FEDERAL,LUIZ ANTONIO FLEURY FILHO,07569513800,FLEURY,PTB,30031949,000070420141,-1
1998,SP,DEPUTADO FEDERAL,NELSON MARQUEZELLI,01601849834,MARQUEZELLI,PTB,29101941,128526260124,-1
1998,SP,DEPUTADO FEDERAL,VANDEVAL LIMA DOS SANTOS,58763414791,BISPO WANDERVAL DE JESUS,PTB,9101956,228095820141,-1
1998,SP,DEPUTADO FEDERAL,CELSO ANTONIO GIGLIO,02518619887,CELSO GIGLIO,PTB,19021941,068832520141,-1
1998,SP,DEPUTADO FEDERAL,MILTON ANTONIO CASQUEL MONTI,02980372897,MILTON MONTI,PMDB,11061961,046946170191,-1
1998,SP,DEPUTADO FEDERAL,ALBERTO PEREIRA MOURÃO,73105555872,MOURAO,PMDB,26041954,129992550116,-1
1998,SP,DEPUTADO FEDERAL,EDSON EDINHO COELHO ARAÚJO,49663003804,EDINHO ARAUJO,PMDB,30071949,062644550167,-1
1998,SP,DEPUTADO FEDERAL,MARCELO FORTES BARBIERI,02278270826,MARCELO BARBIERI,PMDB,21111956,010472320116,-1
1998,SP,DEPUTADO FEDERAL,MICHEL MIGUEL ELIAS TEMER LULIA,06931987887,MICHEL TEMER,PMDB,23091940,001970380116,-1
1998,SP,DEPUTADO FEDERAL,MARCOS CINTRA CAVALCANTI DE ALBUQUERQUE,01970801891,MARCOS CINTRA,PL,23081945,096786790159,-1
1998,SP,DEPUTADO FEDERAL,VALDEMAR COSTA NETO,52300536820,VALDEMAR COSTA NETO,PL,11081949,030887780108,-1
1998,SP,DEPUTADO FEDERAL,JOAO HERRMANN NETO,20257287868,JOAO HERRMANN,PPS,7031946,103940390116,-1
1998,SP,DEPUTADO FEDERAL,PAULO CESAR DE OLIVEIRA LIMA,03070589804,PAULO LIMA,PFL,9021963,037860920159,-1
1998,SP,DEPUTADO FEDERAL,JORGE MALULY NETTO,04224523868,MALULY NETO,PFL,28011931,009595480116,-1
1998,SP,DEPUTADO FEDERAL,VALDEMAR CORAUCI SOBRINHO,03477460804,CORAUCI,PFL,24081945,039492320108,-1
1998,SP,DEPUTADO FEDERAL,CARLOS EDUARDO MOREIRA FERREIRA,00457892820,MOREIRA FERREIRA,PFL,9031939,086733770108,-1
1998,SP,DEPUTADO FEDERAL,GILBERTO KASSAB,08884761832,GILBERTO KASSAB,PFL,12081960,086302290191,-1
1998,SP,DEPUTADO FEDERAL,ROBSON TUMA,12697282882,ROBSON TUMA,PFL,5091968,167784820108,-1
1998,SP,DEPUTADO FEDERAL,LUIZ ANTONIO DE MEDEIROS NETO,02841116867,MEDEIROS,PFL,23011948,096616340124,-1
1998,SP,DEPUTADO FEDERAL,RUBENS FURLAN,49280139800,FURLAN,PFL,12121952,065415650159,-1
1998,SP,DEPUTADO FEDERAL,LUIZA ERUNDINA DE SOUSA,00480584400,LUIZA ERUNDINA,PSB,30111934,097564300132,-1
1998,SP,DEPUTADO FEDERAL,EVILASIO CAVALCANTE DE FARIAS,13266179404,DR  EVILASIO,PSB,6021952,133697140124,-1
1998,SP,DEPUTADO FEDERAL,FRANCISCO GRAZIANO NETO,74843834815,XICO GRAZIANO,PSDB,15011953,025332430116,-1
1998,SP,DEPUTADO FEDERAL,JOSÉ MASCI DE ABREU,18372988820,JOSE DE ABREU,PSDB,8121944,077671100141,-1
1998,SP,DEPUTADO FEDERAL,ANTONIO KANDIR,14622963191,KANDIR,PSDB,2051953,096850980116,-1
1998,SP,DEPUTADO FEDERAL,ALOYSIO NUNES FERREIRA FILHO,01329335864,ALOYSIO NUNES FERREIRA,PSDB,5041945,044638280116,-1
1998,SP,DEPUTADO FEDERAL,ANTONIO CARLOS PANNUNZIO,18952364872,PANNUNZIO,PSDB,29071943,104790440108,-1
1998,SP,DEPUTADO FEDERAL,SALVADOR ZIMBALDI FILHO,77568940810,SALVADOR ZIMBALDI,PSDB,5061955,107865040116,-1
1998,SP,DEPUTADO FEDERAL,CARLOS EDUARDO SAMPAIO DORIA,03163911820,SAMPAIO DORIA,PSDB,30041945,086119410191,-1
1998,SP,DEPUTADO FEDERAL,ANDRE FRANCO MONTORO,00021229104,MONTORO,PSDB,14071916,006206160167,-1
1998,SP,DEPUTADO FEDERAL,ANDRÉ BENASSI,05643104849,ANDRE BENASSI,PSDB,14061937,027013330124,-1
1998,SP,DEPUTADO FEDERAL,PAULO SEITI KOBAYASHI,83968903820,PAULO KOBAYASHI,PSDB,30061945,000104410183,-1
1998,SP,DEPUTADO FEDERAL,JULIO FRANCISCO SEMEGHINI NETO,02950535852,JULIO SEMEGHINI,PSDB,25071956,006359750124,-1
1998,SP,DEPUTADO FEDERAL,EMERSON KAPÁZ,80764673815,EMERSON KAPAZ,PSDB,5031955,086696940175,-1
1998,SP,DEPUTADO FEDERAL,ALBERTO GOLDMAN,01111094853,GOLDMAN,PSDB,12101937,001847890191,-1
1998,SP,DEPUTADO FEDERAL,ARNALDO DE ABREU MADEIRA,04733398891,ARNALDO MADEIRA,PSDB,10031940,001726050167,-1
1998,SP,DEPUTADO FEDERAL,JOSÉ ANÍBAL PERES DE PONTES,10662952200,ZE ANIBAL,PSDB,9081947,000936420116,-1
1998,SP,DEPUTADO FEDERAL,PAULO CESAR MARQUES DE VELASCO,04606523700,DE VELASCO,PRONA,10021937,184503800191,-1
1998,SP,DEPUTADO FEDERAL,JOSE ALDO REBELO FIGUEIREDO,16412150463,ALDO REBELO,PC do B,23021956,000056520191,-1
1998,TO,SENADOR,JOSE EDUARDO DE SIQUEIRA CAMPOS,15277658149,EDUARDO SIQUEIRA CAMPOS,PFL,4031959,018118342780,-1
1998,TO,DEPUTADO FEDERAL,AMARILDO MARTINS DA SILVA,26119145168,PASTOR AMARILDO,PPB,22081962,028974172747,-1
1998,TO,DEPUTADO FEDERAL,OSVALDO DE SOUZA REIS,03667561172,OSVALDO REIS,PPB,30121936,021056002755,-1
1998,TO,DEPUTADO FEDERAL,JOSE DOS SANTOS FREIRE JUNIOR,74022024887,FREIRE JÚNIOR,PMDB,13081955,003478302704,-1
1998,TO,DEPUTADO FEDERAL,IGOR PUGLIESI AVELINO,41388607115,IGOR AVELINO,PMDB,20111971,026620062755,-1
1998,TO,DEPUTADO FEDERAL,DARCI MARTINS COELHO,06875700182,DARCI COELHO,PFL,17011940,020904102704,-1
1998,TO,DEPUTADO FEDERAL,JOAO BATISTA DE JESUS RIBEIRO,11747145149,JOÃO RIBEIRO,PFL,25061954,017511942712,-1
1998,TO,DEPUTADO FEDERAL,ANTONIO JORGE GODINHO,12745294172,ANTONIO JORGE,PFL,9091951,011061692739,-1
1998,TO,DEPUTADO FEDERAL,PAULO SARDINHA MOURÃO,06477534215,PAULO MOURÃO,PSDB,9031956,008187442747,-1
