ANO_ELEICAO,SIGLA_UF,DESCRICAO_CARGO,NOME_CANDIDATO,CPF_CANDIDATO,NOME_URNA_CANDIDATO,SIGLA_PARTIDO,DATA_NASCIMENTO,NUM_TITULO_ELEITORAL_CANDIDATO,SEQUENCIAL_CANDIDATO
2006,AC,SENADOR,SEBASTIÃO AFONSO VIANA MACEDO NEVES,9137394215,TIÃO VIANA,PT,09/02/1961,2288622410,10028
2006,AC,DEPUTADO FEDERAL,FERNANDO MELO DA COSTA,6567460253,FERNANDO MELO,PT,20/08/1958,933682461,10033
2006,AC,DEPUTADO FEDERAL,FLAVIANO FLÁVIO BAPTISTA DE MELO,33251797700,FLAVIANO MELO,PMDB,17/11/1949,745162429,10190
2006,AC,DEPUTADO FEDERAL,GLADSON DE LIMA CAMELI,43461107204,GLADSON CAMELI,PP,26/03/1978,2615252488,10024
2006,AC,DEPUTADO FEDERAL,HENRIQUE AFONSO SOARES LIMA,21630755249,HENRIQUE AFONSO,PT,03/12/1964,264572410,10032
2006,AC,DEPUTADO FEDERAL,ILDERLEI SOUZA RODRIGUES CORDEIRO,36048690215,ILDERLEI CORDEIRO,PPS,28/06/1977,2467542429,10194
2006,AC,DEPUTADO FEDERAL,MARIA PERPÉTUA ALMEIDA,21644063204,PERPÉTUA,PC do B,26/12/1964,1166662429,10044
2006,AC,DEPUTADO FEDERAL,NILSON MOURA LEITE MOURÃO,2190710200,NILSON MOURÃO,PT,01/04/1952,1426382496,10031
2006,AC,DEPUTADO FEDERAL,SERGIO DE OLIVEIRA CUNHA,9604332287,PETECÃO,PMN,24/04/1960,825962445,10038
2006,AL,SENADOR,FERNANDO AFFONSO COLLOR DE MELLO,2906287172,COLLOR,PRTB,12/08/1949,6630471724,10541
2006,AL,DEPUTADO FEDERAL,BENEDITO DE LIRA,322598400,BENEDITO DE LIRA,PP,01/05/1942,5492531708,10057
2006,AL,DEPUTADO FEDERAL,CARLOS ALBERTO MOREIRA DE MENDONÇA CANUTO,6080944472,CARLOS ALBERTO CANUTO,PMDB,12/01/1952,7439311783,10242
2006,AL,DEPUTADO FEDERAL,CRISTIANO MATHEUS DA SILVA E SOUSA,89426851453,CRISTIANO MATHEUS,PFL,03/06/1973,17449471724,10063
2006,AL,DEPUTADO FEDERAL,GERONIMO CIQUEIRA DA SILVA,13965310410,GERÔNIMO DA ADEFAL,PFL,12/08/1956,5025421775,10064
2006,AL,DEPUTADO FEDERAL,GIVALDO DE SÁ GOUVEIA CARIMBÃO,10270060510,GIVALDO CARIMBÃO,PSB,14/10/1957,1931871732,10204
2006,AL,DEPUTADO FEDERAL,JOAQUIM BELTRÃO SIQUEIRA,16349148304,JAOQUIM BELTRÃO,PMDB,25/10/1957,5326011708,10243
2006,AL,DEPUTADO FEDERAL,JOSÉ FRANCISCO CERQUEIRA TENÓRIO,36324205487,FRANCISCO TENÓRIO,PMN,17/02/1963,7217951716,10066
2006,AL,DEPUTADO FEDERAL,MAURÍCIO QUINTELLA MALTA LESSA,80355633434,MAURÍCIO QUINTELLA LESSA,PDT,28/03/1971,16488261716,10179
2006,AL,DEPUTADO FEDERAL,OLAVO CALHEIROS FILHO,14031736487,OLAVO,PMDB,12/03/1957,7493931724,10240
2006,AM,SENADOR,ALFREDO PEREIRA DO NASCIMENTO,5727600430,ALFREDO NASCIMENTO,PL,05/05/1952,2872972283,10366
2006,AM,DEPUTADO FEDERAL,ATILA SIDNEY LINS ALBUQUERQUE,694584215,ATILA LINS,PMDB,22/11/1950,4225492208,10592
2006,AM,DEPUTADO FEDERAL,CARLOS ALBERTO CAVALCANTE DE SOUZA,2574837215,CARLOS SOUZA,PP,17/08/1952,4939232291,10599
2006,AM,DEPUTADO FEDERAL,FRANCISCO EDNALDO PRACIANO,2581680210,PRACIANO,PT,18/02/1952,914232216,10342
2006,AM,DEPUTADO FEDERAL,MARCELO AUGUSTO DA EIRA CORREA,50864173253,MARCELO SERAFIM,PSB,09/01/1977,16858522224,10325
2006,AM,DEPUTADO FEDERAL,RAIMUNDO SABINO CASTELO BRANCO MAUES,22949461204,SABINO CASTELO BRANCO,PFL,31/08/1964,5068862208,10612
2006,AM,DEPUTADO FEDERAL,REBECCA MARTINS GARCIA,43935117272,REBECCA GARCIA,PP,28/04/1973,16271842208,10600
2006,AM,DEPUTADO FEDERAL,SILAS CAMARA,13512951287,SILAS CAMARA,PTB,15/12/1962,13588982224,10601
2006,AM,DEPUTADO FEDERAL,VANESSA GRAZZIOTIN,16114620291,VANESSA,PC do B,29/06/1961,3965652216,10357
2006,AP,SENADOR,JOSÉ SARNEY,60704349,SARNEY,PMDB,24/04/1930,1853922593,10083
2006,AP,DEPUTADO FEDERAL,DAVID SAMUEL ALCOLUMBRE TOBELEM,50900226234,DAVI ALCOLUMBRE,PFL,19/06/1977,2494272526,10251
2006,AP,DEPUTADO FEDERAL,EVANDRO COSTA MILHOMEN,18086306291,MILHOMEN,PC do B,21/04/1962,67682577,10024
2006,AP,DEPUTADO FEDERAL,FÁTIMA LÚCIA PELAES,7019858287,FÁTIMA PELAES,PMDB,13/02/1959,325222585,10292
2006,AP,DEPUTADO FEDERAL,JANETE MARIA GÓES CAPIBERIBE,18085830272,JANETE 4040,PSB,12/05/1949,69332577,10210
2006,AP,DEPUTADO FEDERAL,JURANDIL DOS SANTOS JUAREZ,3317277220,JURANDIL JUAREZ,PMDB,12/03/1950,89082577,10300
2006,AP,DEPUTADO FEDERAL,MARIA DALVA DE SOUZA FIGUEIREDO,14008165215,PROFª DALVA,PT,25/04/1961,295642577,10002
2006,AP,DEPUTADO FEDERAL,MARIA LUCENIRA FERREIRA OLIVEIRA PIMENTEL,6679200210,LUCENIRA PIMENTEL,PPS,20/10/1957,264312585,10249
2006,AP,DEPUTADO FEDERAL,SEBASTIÃO FERREIRA DA ROCHA,8986118220,BALA,PDT,21/01/1958,933702585,10088
2006,BA,SENADOR,JOÃO DURVAL CARNEIRO,366544500,JOÃO DURVAL,PDT,08/03/1929,24049870558,10570
2006,BA,DEPUTADO FEDERAL,ALICE MAZZUCO PORTUGAL,12377392504,ALICE PORTUGAL,PC do B,16/05/1959,24700970558,10518
2006,BA,DEPUTADO FEDERAL,ANTÔNIA MAGALHÃES DA CRUZ,27896439549,TONHA MAGALHÃES,PFL,16/01/1958,33773240566,10201
2006,BA,DEPUTADO FEDERAL,ANTÔNIO CARLOS PEIXOTO DE MAGALHÃES NETO,56583400553,ACM NETO,PFL,26/01/1979,84522510582,10206
2006,BA,DEPUTADO FEDERAL,CLAUDIO CAJADO SAMPAIO,29474485534,CLAUDIO CAJADO,PFL,01/12/1963,81300523,10204
2006,BA,DEPUTADO FEDERAL,COLBERT MARTINS DA SILVA FILHO,13236164549,COLBERT MARTINS,PPS,02/10/1952,51375820566,10766
2006,BA,DEPUTADO FEDERAL,DANIEL GOMES DE ALMEIDA,7894090549,DANIEL,PC do B,21/01/1955,30538180515,10520
2006,BA,DEPUTADO FEDERAL,EDSON GONÇALVES DUARTE,38251051568,EDSON DUARTE,PV,02/11/1965,22671460531,10842
2006,BA,DEPUTADO FEDERAL,FELIX DE ALMEIDA MENDONÇA,73202568,FELIX MENDONÇA,PFL,23/03/1928,31870740507,10200
2006,BA,DEPUTADO FEDERAL,FÁBIO LOUREIRO SOUTO,71612181520,FÁBIO SOUTO,PFL,18/01/1973,50492780507,10217
2006,BA,DEPUTADO FEDERAL,GEDDEL QUADROS VIEIRA LIMA,22062734115,GEDDEL,PMDB,18/03/1959,12448760515,10719
2006,BA,DEPUTADO FEDERAL,GERALDO SIMOES DE OLIVEIRA,10935088504,GERALDO SIMOES,PT,13/11/1953,9808470574,10421
2006,BA,DEPUTADO FEDERAL,GUILHERME MENEZES DE ANDRADE,26373351734,GUILHERME MENEZES,PT,12/12/1943,16801710574,10419
2006,BA,DEPUTADO FEDERAL,JORGE KHOURY HEDAYE,3452433587,JORGE KHOURY,PFL,16/02/1949,36871870574,10211
2006,BA,DEPUTADO FEDERAL,JOSE CARLOS LEÃO DE ARAÚJO,4820991515,JOSÉ CARLOS ARAÚJO,PL,21/12/1944,20895710523,10225
2006,BA,DEPUTADO FEDERAL,JOSE EDUARDO VIEIRA RIBEIRO,5035686515,ZEZEU,PT,21/11/1949,40467780531,10416
2006,BA,DEPUTADO FEDERAL,JOSÉ ALVES ROCHA,4789113515,JOSÉ ROCHA,PFL,18/08/1948,47135190507,10205
2006,BA,DEPUTADO FEDERAL,JOSÉ CARLOS ALELUIA COSTA,1782037500,ALELUIA,PFL,09/12/1947,21604240507,10212
2006,BA,DEPUTADO FEDERAL,JOÃO ALMEIDA DOS SANTOS,2697467572,JOÃO ALMEIDA,PSDB,23/05/1946,23334340574,10136
2006,BA,DEPUTADO FEDERAL,JOÃO CARLOS PAOLILO BACELAR FILHO,15345931879,JOÃO BACELAR,PL,08/10/1972,50482870540,10230
2006,BA,DEPUTADO FEDERAL,JOÃO FELIPE DE SOUZA LEÃO,3905756587,JOÃO LEÃO,PP,27/02/1946,31260830574,10222
2006,BA,DEPUTADO FEDERAL,JUSMARI TEREZINHA DE SOUZA OLIVEIRA,26873273520,JUSMARI OLIVEIRA,PFL,02/03/1963,21730800566,10202
2006,BA,DEPUTADO FEDERAL,JUTAHY MAGALHÃES JÚNIOR,10660410591,JUTAHY,PSDB,14/10/1955,12449470540,10135
2006,BA,DEPUTADO FEDERAL,LUIZ ALBERTO SILVA DOS SANTOS,7931174534,LUIZ ALBERTO,PT,13/01/1953,29214570523,10412
2006,BA,DEPUTADO FEDERAL,LUIZ ANTÔNIO VASCONCELLOS CARREIRA,2071428587,LUIZ CARREIRA,PFL,27/10/1947,8007490574,10219
2006,BA,DEPUTADO FEDERAL,LUIZ CARLOS BASSUMA,25405250910,BASSUMA,PT,08/08/1956,23586280515,10423
2006,BA,DEPUTADO FEDERAL,LUIZ FERNANDO DE FABINHO ARAÚJO LIMA,11034629549,FERNANDO DE FABINHO,PFL,11/11/1957,36045400531,10215
2006,BA,DEPUTADO FEDERAL,LÍDICE DA MATA E SOUZA,14672049515,LÍDICE DA MATA,PSB,12/03/1956,39432990582,10807
2006,BA,DEPUTADO FEDERAL,MARCELO DE OLIVEIRA GUIMARÃES FILHO,94331049515,MARCELO GUIMARÃES FILHO,PFL,01/03/1976,78549180531,10213
2006,BA,DEPUTADO FEDERAL,MARCOS ANTONIO MEDRADO,4808380544,MARCOS MEDRADO,PDT,30/06/1946,29156590590,10575
2006,BA,DEPUTADO FEDERAL,MAURICIO GONÇALVES TRINDADE,28090306500,MAURICIO TRINDADE,PL,10/09/1962,30936190558,10227
2006,BA,DEPUTADO FEDERAL,MÁRIO SILVIO MENDES NEGROMONTE,4340736449,MÁRIO NEGROMONTE,PP,06/07/1950,23974910558,10221
2006,BA,DEPUTADO FEDERAL,NELSON VICENTE PORTELA PELLEGRINO,24289612504,PELEGRINO,PT,27/12/1960,37648360558,10426
2006,BA,DEPUTADO FEDERAL,PAULO SERGIO PARANHOS DE MAGALHAES,6015530553,PAULO MAGALHAES,PFL,28/11/1952,44393360590,10207
2006,BA,DEPUTADO FEDERAL,RAYMUNDO VELOSO SILVA,1020986549,VELOSO,PPS,11/01/1938,13565630507,10774
2006,BA,DEPUTADO FEDERAL,ROBERTO PEREIRA DE BRITTO,11257741500,ROBERTO BRITTO,PP,03/04/1951,29335590507,10224
2006,BA,DEPUTADO FEDERAL,SERGIO BARRADAS CARNEIRO,17970873553,SERGIO BARRADAS CARNEIRO,PT,14/10/1960,3921710590,10411
2006,BA,DEPUTADO FEDERAL,SERGIO LUIS LACERDA BRITO,18635458591,SERGIO BRITO,PDT,08/06/1961,420200540,10572
2006,BA,DEPUTADO FEDERAL,SEVERIANO ALVES DE SOUZA,2485788553,SEVERIANO ALVES,PDT,12/02/1943,19105240507,10586
2006,BA,DEPUTADO FEDERAL,WALTER DE FREITAS PINHEIRO,14264790506,PINHEIRO,PT,25/05/1959,41320860574,10413
2006,CE,SENADOR,INÁCIO FRANCISCO DE ASSIS NUNES ARRUDA,9050752349,INÁCIO,PC do B,05/05/1957,24091430701,10271
2006,CE,DEPUTADO FEDERAL,ANTONIO EUDES XAVIER,23252880300,EUDES XAVIER,PT,11/09/1964,1565540701,10311
2006,CE,DEPUTADO FEDERAL,ANTONIO MARCELO TEIXEIRA SOUSA,10314717315,MARCELO,PSDB,06/04/1957,768260701,10085
2006,CE,DEPUTADO FEDERAL,ANÍBAL FERREIRA GOMES,4240952387,ANÍBAL,PMDB,07/06/1953,11450000728,10344
2006,CE,DEPUTADO FEDERAL,CARLOS MAURO CABRAL BENEVIDES,7331304,MAURO BENEVIDES,PMDB,21/03/1930,132360752,10352
2006,CE,DEPUTADO FEDERAL,CIRO FERREIRA GOMES,12005509353,CIRO GOMES,PSB,06/11/1957,9288940752,10287
2006,CE,DEPUTADO FEDERAL,EUGÊNIO RABELO,9180010300,EUGÊNIO RABELO,PP,15/05/1956,2058670779,10371
2006,CE,DEPUTADO FEDERAL,EUNÍCIO LOPES DE OLIVEIRA,3679004320,EUNÍCIO,PMDB,30/09/1952,905050744,10350
2006,CE,DEPUTADO FEDERAL,FLÁVIO BEZERRA DA SILVA,25449001487,FLÁVIO BEZERRA,PMDB,24/02/1961,48984810876,10349
2006,CE,DEPUTADO FEDERAL,FRANCISCO ARIOSTO HOLANDA,39691349,ARIOSTO HOLANDA,PSB,11/10/1938,498850787,10283
2006,CE,DEPUTADO FEDERAL,FRANCISCO LOPES DA SILVA,2810905304,CHICO LOPES,PC do B,13/08/1939,2037570728,10736
2006,CE,DEPUTADO FEDERAL,JOSE ARNON CRUZ BEZERRA DE MENEZES,11575646315,ARNON BEZERRA,PTB,13/08/1951,10671310752,10055
2006,CE,DEPUTADO FEDERAL,JOSÉ AIRTON FELIX CIRILO DA SILVA,9257357368,JOSÉ AIRTON,PT,21/02/1957,4755090701,10316
2006,CE,DEPUTADO FEDERAL,JOSÉ BARROSO PIMENTEL,6532535320,PIMENTEL,PT,16/10/1953,2210410701,10315
2006,CE,DEPUTADO FEDERAL,JOSÉ GERARDO OLIVEIRA DE ARRUDA FILHO,12197572334,ZÉ GERARDO,PMDB,30/04/1959,13512470710,10353
2006,CE,DEPUTADO FEDERAL,JOSÉ LINHARES PONTE,637513304,PADRE ZÉ,PP,21/10/1930,9126440795,10370
2006,CE,DEPUTADO FEDERAL,JOSÉ NOBRE GUIMARÃES,9324577387,GUIMARÃES,PT,13/02/1959,799920701,10314
2006,CE,DEPUTADO FEDERAL,LEONARDO ROSARIO DE ALCÂNTARA,58486747104,LEO ALCÂNTARA,PSDB,05/12/1972,39322820736,10080
2006,CE,DEPUTADO FEDERAL,MANOEL SALVIANO SOBRINHO,17443490704,MANOEL SALVIANO,PSDB,24/09/1939,10481490744,10088
2006,CE,DEPUTADO FEDERAL,MARIA GORETE PEREIRA,8187452315,GORETE PEREIRA,PL,10/04/1952,172730710,10519
2006,CE,DEPUTADO FEDERAL,PAULO HENRIQUE ELLERY LUSTOSA DA COSTA,39934179172,PAULO HENRIQUE LUSTOSA,PMDB,08/02/1968,36686180728,10347
2006,CE,DEPUTADO FEDERAL,RAIMUNDO GOMES DE MATOS,6163238320,RAIMUNDO GOMES DE MATOS,PSDB,30/03/1951,2925420779,10081
2006,CE,DEPUTADO FEDERAL,VICENTE FERREIRA DE ARRUDA COELHO,1009320700,VICENTE ARRUDA,PSDB,17/05/1929,9684960744,10090
2006,DF,SENADOR,JOAQUIM DOMINGOS RORIZ,430250134,RORIZ,PMDB,04/08/1936,9895812070,10524
2006,DF,DEPUTADO FEDERAL,AUGUSTO SILVEIRA DE CARVALHO,6796478134,AUGUSTO CARVALHO,PPS,27/07/1953,533372089,10668
2006,DF,DEPUTADO FEDERAL,GERALDO MAGELA PEREIRA,21134375620,MAGELA,PT,26/12/1956,1284552003,10363
2006,DF,DEPUTADO FEDERAL,JOFRAN FREJAT,22187120,JOFRAN FREJAT,PTB,19/05/1937,879032070,10916
2006,DF,DEPUTADO FEDERAL,JOÃO ALBERTO FRAGA SILVA,11939141168,FRAGA,PFL,02/06/1956,7235102003,10675
2006,DF,DEPUTADO FEDERAL,LAERTE RODRIGUES DE BESSA,9511172115,LAERTE BESSA,PMDB,01/05/1954,11375292097,10906
2006,DF,DEPUTADO FEDERAL,NELSON TADEU FILIPPELLI,4251091191,TADEU FILIPPELLI,PMDB,11/05/1949,862172070,10908
2006,DF,DEPUTADO FEDERAL,ROBSON LEMOS RODOVALHO,11770368191,BISPO RODOVALHO,PFL,15/08/1955,16031252038,10674
2006,DF,DEPUTADO FEDERAL,RODRIGO SOBRAL ROLLEMBERG,24529850153,RODRIGO ROLLEMBERG,PSB,13/07/1959,7484672046,10379
2006,ES,SENADOR,JOSÉ RENATO CASAGRANDE,70515182753,RENATO CASAGRANDE,PSB,03/12/1960,2241441473,10448
2006,ES,DEPUTADO FEDERAL,CAMILO COLA,1481568787,CAMILO COLA,PMDB,26/07/1923,1463701457,10609
2006,ES,DEPUTADO FEDERAL,CARLOS HUMBERTO MANNATO,57480788720,MANATO,PDT,07/08/1957,922121490,10523
2006,ES,DEPUTADO FEDERAL,IRINY NICOLAU CORRES LOPES,55845703700,IRINY LOPES,PT,12/02/1956,18549541430,10048
2006,ES,DEPUTADO FEDERAL,JURANDYR LOUREIRO BARROSO,8655979791,JURANDYR LOUREIRO,PSC,04/11/1940,437811465,10051
2006,ES,DEPUTADO FEDERAL,LUIZ PAULO VELLOZO LUCAS,66419123704,LUIZ PAULO,PSDB,12/12/1956,16480121406,10250
2006,ES,DEPUTADO FEDERAL,NEUCIMAR FERREIRA FRAGA,81824726791,NEUCIMAR FRAGA,PL,26/06/1966,8976591473,10052
2006,ES,DEPUTADO FEDERAL,RITA DE CÁSSIA PASTE CAMATA,185066747,RITA CAMATA,PMDB,01/01/1961,777081406,10205
2006,ES,DEPUTADO FEDERAL,ROSILDA DE FREITAS,37967517768,ROSE DE FREITAS,PMDB,23/01/1949,242451449,10207
2006,ES,DEPUTADO FEDERAL,SUELI RANGEL SILVA VIDIGAL,45103305704,SUELI VIDIGAL,PDT,19/06/1955,75471473,10517
2006,ES,DEPUTADO FEDERAL,WELINGTON COIMBRA,34318100715,LELO COIMBRA,PMDB,21/06/1954,1321801430,10208
2006,GO,SENADOR,MARCONI FERREIRA PERILLO JUNIOR,3553821809,MARCONI PERILLO,PSDB,07/03/1963,7162151040,10094
2006,GO,DEPUTADO FEDERAL,CARLOS ALBERTO LERÉIA DA SILVA,49240854134,CARLOS ALBERTO LERÉIA,PSDB,19/06/1961,11537051015,10129
2006,GO,DEPUTADO FEDERAL,IRIS DE ARAUJO REZENDE MACHADO,35519991120,DONA IRIS,PMDB,07/05/1943,145641058,10431
2006,GO,DEPUTADO FEDERAL,JOSÉ FUSCALDI CESILIO,19350090600,TATICO,PTB,28/09/1940,11557912054,10105
2006,GO,DEPUTADO FEDERAL,JOVAIR DE OLIVEIRA ARANTES,4035976172,JOVAIR ARANTES,PTB,04/06/1951,536601015,10104
2006,GO,DEPUTADO FEDERAL,JOÃO CAMPOS DE ARAÚJO,24254401191,JOÃO CAMPOS,PSDB,28/12/1962,13007031031,10131
2006,GO,DEPUTADO FEDERAL,JOÃO SANDES JÚNIOR,19681550153,SANDES JÚNIOR,PP,28/04/1959,20941001058,10100
2006,GO,DEPUTADO FEDERAL,LEANDRO VILELA VELOSO,76435300178,LEANDRO VILELA,PMDB,07/11/1975,31138841058,10429
2006,GO,DEPUTADO FEDERAL,LEONARDO MOURA VILELA,30504554115,LEONARDO VILELA,PSDB,22/12/1963,7349721066,10130
2006,GO,DEPUTADO FEDERAL,LUIZ JOSÉ BITTENCOURT,16660137149,BITTENCOURT,PMDB,20/06/1956,191041031,10438
2006,GO,DEPUTADO FEDERAL,MARCELO DE ARAÚJO MELO,17030927168,MARCELO MELO,PMDB,11/10/1958,6591371007,10442
2006,GO,DEPUTADO FEDERAL,PEDRO PINHEIRO CHAVES,16692454115,PEDRO CHAVES,PMDB,28/08/1958,19363051023,10444
2006,GO,DEPUTADO FEDERAL,PEDRO WILSON GUIMARAES,423190130,PEDRO WILSON,PT,24/02/1942,19838031040,10178
2006,GO,DEPUTADO FEDERAL,RAQUEL FIGUEIREDO ALESSANDRI TEIXEIRA,10169342115,PROFESSORA RAQUEL TEIXEIRA,PSDB,24/11/1946,523941015,10132
2006,GO,DEPUTADO FEDERAL,ROBERTO EGIDIO BALESTRA,1611500125,ROBERTO BALESTRA,PP,24/05/1944,4819871007,10097
2006,GO,DEPUTADO FEDERAL,RONALDO RAMOS CAIADO,26472058768,RONALDO CAIADO E CAIADO,PFL,25/09/1949,3087571031,10017
2006,GO,DEPUTADO FEDERAL,RUBENS OTONI GOMIDE,13334727149,RUBENS OTONI,PT,06/02/1956,2938891082,10177
2006,GO,DEPUTADO FEDERAL,SANDRO ANTONIO SCODRO,279046871,SANDRO MABEL,PL,31/12/1958,12632921090,10110
2006,MA,SENADOR,EPITACIO CAFETEIRA AFONSO PEREIRA,308897315,EPITÁCIO CAFETEIRA,PTB,27/06/1924,842701120,10561
2006,MA,DEPUTADO FEDERAL,CARLOS ORLEANS BRANDAO JUNIOR,10411640330,CARLOS BRANDÃO,PSDB,02/06/1958,7457341104,10067
2006,MA,DEPUTADO FEDERAL,CLEBER CORDEIRO MENDES,48357600344,CLEBER VERDE,PAN,10/05/1972,21413081180,10128
2006,MA,DEPUTADO FEDERAL,CLOVIS ANTONIO CHAVES FECURY,49040162115,CLOVIS FECURY,PFL,08/02/1969,176941171171,10564
2006,MA,DEPUTADO FEDERAL,DAVI ALVES SILVA JUNIOR,52295982391,DAVI ALVES SILVA JUNIOR,PDT,22/11/1976,29674041120,10448
2006,MA,DEPUTADO FEDERAL,DOMINGOS FRANCISCO DUTRA FILHO,9875514349,DUTRA,PT,20/03/1956,339211104,10321
2006,MA,DEPUTADO FEDERAL,FLAVIO DINO DE CASTRO E COSTA,37715631353,FLAVIO DINO,PC do B,30/04/1968,3359611112,10339
2006,MA,DEPUTADO FEDERAL,GASTAO DIAS VIEIRA,1196553300,GASTÃO VIEIRA,PMDB,15/06/1946,467591163,10582
2006,MA,DEPUTADO FEDERAL,JOSE DE RIBAMAR COSTA ALVES,5464617353,DR. RIBAMAR ALVES,PSB,15/06/1954,13970631112,10335
2006,MA,DEPUTADO FEDERAL,JOSE ELEONILDO SOARES,15916464304,PINTO DA ITAMARATY,PSDB,10/05/1960,3508971180,10057
2006,MA,DEPUTADO FEDERAL,JOSE SARNEY FILHO,14737418315,SARNEY FILHO,PV,14/06/1957,471181163,10590
2006,MA,DEPUTADO FEDERAL,JULIAO AMIN CASTRO,1238949304,JULIÃO AMIN,PDT,01/10/1946,1161231171,10096
2006,MA,DEPUTADO FEDERAL,NICE LOBAO,39960250172,NICE LOBÃO,PFL,29/10/1936,33220861171,10563
2006,MA,DEPUTADO FEDERAL,PEDRO FERNANDES RIBEIRO,6235760310,PEDRO FERNANDES,PTB,02/03/1949,294681139,10573
2006,MA,DEPUTADO FEDERAL,PEDRO NOVAIS LIMA,668532734,NOVAIS,PMDB,07/07/1930,247541155,10579
2006,MA,DEPUTADO FEDERAL,ROBERTO COELHO ROCHA,25056956368,ROBERTO ROCHA,PSDB,04/08/1965,36827501198,10064
2006,MA,DEPUTADO FEDERAL,SEBASTIAO TORRES MADEIRA,5359511320,MADEIRA,PSDB,29/12/1949,8307811147,10061
2006,MA,DEPUTADO FEDERAL,SETIMO WAQUIM,3850960382,PROFESSOR SÉTIMO WAQUIM,PMDB,27/11/1949,5586281139,10584
2006,MA,DEPUTADO FEDERAL,WALDIR MARANHAO CARDOSO,6482902391,WALDIR MARANHÃO,PSB,04/08/1955,647391104,10333
2006,MG,SENADOR,ELISEU RESENDE,128708620,ELISEU RESENDE,PFL,07/02/1929,39613060221,10103
2006,MG,DEPUTADO FEDERAL,ADEMIR CAMILO PRATES RODRIGUES,48704300610,ADEMIR CAMILO,PDT,30/05/1964,18899740299,11495
2006,MG,DEPUTADO FEDERAL,AELTON JOSÉ DE FREITAS,36179140634,AELTON FREITAS,PL,15/12/1961,17335670213,10625
2006,MG,DEPUTADO FEDERAL,ALEXANDRE SILVEIRA DE OLIVEIRA,79022499634,ALEXANDRE SILVEIRA,PPS,15/07/1970,92662760256,10016
2006,MG,DEPUTADO FEDERAL,ANTONIO EUSTAQUIO ANDRADE FERREIRA,15248020697,ANTONIO ANDRADE,PMDB,18/06/1953,71349530272,10200
2006,MG,DEPUTADO FEDERAL,ANTÔNIO ROBERTO SOARES,4857097672,ANTÔNIO ROBERTO,PV,20/06/1942,22116020281,10420
2006,MG,DEPUTADO FEDERAL,ARACELY DE PAULA,455482691,ARACELY,PL,03/06/1941,64500720213,10628
2006,MG,DEPUTADO FEDERAL,BONIFÁCIO JOSÉ TAMM DE ANDRADA,352748672,BONIFÁCIO ANDRADA,PSDB,14/05/1930,64098450213,10662
2006,MG,DEPUTADO FEDERAL,CARLOS CARMO ANDRADE MELLES,15868982649,CARLOS MELLES,PFL,11/03/1947,13980070264,10644
2006,MG,DEPUTADO FEDERAL,CARLOS WILLIAN DE SOUZA,21858039649,CARLOS WILLIAN,PTC,01/08/1956,72653810272,11636
2006,MG,DEPUTADO FEDERAL,CIRO FRANCISCO PEDROSA,19520948600,CIRO PEDROSA,PV,09/07/1956,25394070205,10421
2006,MG,DEPUTADO FEDERAL,CUSTÓDIO ANTÔNIO DE MATTOS,22142150772,CUSTÓDIO MATTOS,PSDB,03/04/1948,30853310213,10660
2006,MG,DEPUTADO FEDERAL,EDMAR BATISTA MOREIRA,1017659672,EDMAR MOREIRA,PFL,25/09/1939,29463360205,10639
2006,MG,DEPUTADO FEDERAL,EDUARDO LUIZ BARROS BARBOSA,27582400682,EDUARDO BARBOSA,PSDB,25/08/1958,48712990205,10654
2006,MG,DEPUTADO FEDERAL,ELISMAR FERNANDES PRADO,2734132605,ELISMAR PRADO,PT,12/08/1972,110074870248,10189
2006,MG,DEPUTADO FEDERAL,FERNANDO ALBERTO DINIZ,16382722634,FERNANDO DINIZ,PMDB,03/02/1954,7589900256,10205
2006,MG,DEPUTADO FEDERAL,FÁBIO AUGUSTO RAMALHO DOS SANTOS,54471788604,FABINHO LIDERANÇA,PV,22/12/1961,59299900281,10396
2006,MG,DEPUTADO FEDERAL,GEORGE HILTON DOS SANTOS CECILIO,49106902553,GEORGE HILTON,PP,11/06/1971,114898600205,10599
2006,MG,DEPUTADO FEDERAL,GERALDO THADEU PEDREIRA DOS SANTOS,30503353868,GERALDO THADEU,PPS,26/10/1945,59820980256,10024
2006,MG,DEPUTADO FEDERAL,GILMAR ALVES MACHADO,44272600630,GILMAR MACHADO,PT,06/11/1961,76154520213,10177
2006,MG,DEPUTADO FEDERAL,HUMBERTO GUIMARÃES SOUTO,6589235600,HUMBERTO SOUTO,PPS,03/06/1934,37940920299,10017
2006,MG,DEPUTADO FEDERAL,JAIME MARTINS FILHO,17614899687,JAIMINHO MARTINS,PL,17/06/1953,28310300264,10630
2006,MG,DEPUTADO FEDERAL,JOAO LUCIO MAGALHAES BIFANO,34420274620,JOAO MAGALHAES,PMDB,06/02/1960,78594830299,10197
2006,MG,DEPUTADO FEDERAL,JOSE FERNANDO APARECIDO DE OLIVEIRA,3241242609,ZÉ FERNANDO,PV,18/05/1974,102969640272,10400
2006,MG,DEPUTADO FEDERAL,JOSÉ LEONARDO COSTA MONTEIRO,20811845672,LEONARDO MONTEIRO,PT,09/10/1951,78354080213,10181
2006,MG,DEPUTADO FEDERAL,JOSÉ MIGUEL MARTINI,34878050730,MIGUEL MARTINI,PHS,28/03/1955,57458980272,11352
2006,MG,DEPUTADO FEDERAL,JOSÉ RAFAEL GUERRA PINTO COELHO,881651672,RAFAEL GUERRA,PSDB,29/03/1943,57730850272,10665
2006,MG,DEPUTADO FEDERAL,JOSÉ SANTANA DE VASCONCELLOS MOREIRA,1115421620,JOSÉ SANTANA,PL,10/04/1939,34172550264,10632
2006,MG,DEPUTADO FEDERAL,JOSÉ SARAIVA FELIPE,27018938600,SARAIVA FELIPE,PMDB,26/03/1952,19845440281,10216
2006,MG,DEPUTADO FEDERAL,JOÃO BITTAR JUNIOR,45621985672,JOÃO BITTAR,PFL,17/04/1963,64047530299,10636
2006,MG,DEPUTADO FEDERAL,JULIO CESAR DELGADO,81993358668,JULIO DELGADO,PSB,18/11/1966,45237680299,11387
2006,MG,DEPUTADO FEDERAL,JUVENIL ALVES FERREIRA FILHO,27942783634,JUVENIL ALVES,PT,05/06/1959,50830210205,10178
2006,MG,DEPUTADO FEDERAL,LAEL VIEIRA VARELLA,303720620,LAEL VARELLA,PFL,19/02/1939,50220040272,10635
2006,MG,DEPUTADO FEDERAL,LEONARDO LEMOS BARROS QUINTÃO,79043607649,LEONARDO QUINTÃO,PMDB,01/04/1975,114093990272,10191
2006,MG,DEPUTADO FEDERAL,LINCOLN DINIZ PORTELA,10254730191,LINCOLN PORTELA,PL,03/11/1953,21160760272,10626
2006,MG,DEPUTADO FEDERAL,LUIZ FERNANDO RAMOS FARIA,30736250620,LUIZ FERNANDO,PP,12/09/1957,31551080248,10600
2006,MG,DEPUTADO FEDERAL,MARCIO REINALDO DIAS MOREIRA,3523756715,MARCIO REINALDO,PP,03/11/1942,97168200230,10601
2006,MG,DEPUTADO FEDERAL,MARCOS MONTES CORDEIRO,19152922634,MARCOS MONTES,PFL,03/08/1949,9184250221,10642
2006,MG,DEPUTADO FEDERAL,MARIA DO CARMO LARA PERPÉTUO,19951396615,MARIA DO CARMO LARA,PT,18/08/1954,410860213,10153
2006,MG,DEPUTADO FEDERAL,MARIA DO SOCORRO JÔ MORAES VIEIRA,51243946687,JÔ MORAES,PC do B,09/08/1946,15503350264,10220
2006,MG,DEPUTADO FEDERAL,MARIA LÚCIA CARDOSO,24538035653,MARIA LÚCIA CARDOSO,PMDB,27/11/1958,8327440213,10211
2006,MG,DEPUTADO FEDERAL,MARIO DE OLIVEIRA,22182861653,PR MARIO DE OLIVEIRA,PSC,03/11/1945,49030000213,11283
2006,MG,DEPUTADO FEDERAL,MAURO RIBEIRO LOPES,10901906620,MAURO LOPES,PMDB,24/05/1936,49094330256,10196
2006,MG,DEPUTADO FEDERAL,MIGUEL CORREA DA SILVA JUNIOR,3053788640,MIGUEL CORREA JR,PT,11/06/1978,137725250264,10170
2006,MG,DEPUTADO FEDERAL,MÁRIO LÚCIO HERINGER,28539249634,DR. MÁRIO HERINGER,PDT,30/09/1954,75733500213,11498
2006,MG,DEPUTADO FEDERAL,NARCIO RODRIGUES DA SILVEIRA,30222290625,NARCIO RODRIGUES,PSDB,23/04/1954,51920810264,10651
2006,MG,DEPUTADO FEDERAL,ODAIR JOSÉ DA CUNHA,94892393649,ODAIR CUNHA,PT,18/06/1976,105627590230,10157
2006,MG,DEPUTADO FEDERAL,OLAVO BILAC PINTO NETO,45561699687,BILAC PINTO,PL,08/06/1963,12706370205,10631
2006,MG,DEPUTADO FEDERAL,PAULO ABI-ACKEL,30825628172,PAULO ABI-ACKEL,PSDB,21/06/1963,25341960213,10656
2006,MG,DEPUTADO FEDERAL,PAULO PIAU NOGUEIRA,16694368615,PAULO PIAU,PPS,23/08/1953,30348710248,10040
2006,MG,DEPUTADO FEDERAL,REGINALDO LAZARO DE OLIVEIRA LOPES,90330862634,REGINALDO LOPES,PT,02/04/1973,94886720256,10161
2006,MG,DEPUTADO FEDERAL,RODRIGO BATISTA DE CASTRO,83035605653,RODRIGO DE CASTRO,PSDB,15/07/1971,97361540221,10658
2006,MG,DEPUTADO FEDERAL,VIRGÍLIO GUIMARÃES DE PAULA,19966547649,VIRGÍLIO GUIMARÃES,PT,05/09/1949,51099530256,10160
2006,MG,DEPUTADO FEDERAL,VITOR PENIDO DE BARROS,1075438691,VITOR PENIDO,PFL,26/06/1942,46772430205,10640
2006,MS,SENADOR,MARISA JOAQUINA MONTEIRO SERRANO,16270479134,MARISA SERRANO,PSDB,21/06/1947,6699401953,10056
2006,MS,DEPUTADO FEDERAL,ANTONIO CARLOS BIFFI,79796346834,BIFFI,PT,09/03/1952,8183581996,10190
2006,MS,DEPUTADO FEDERAL,ANTONIO FERREIRA DA CRUZ FILHO,3914127104,DR.ANTONIO CRUZ,PP,05/12/1949,6380691970,10202
2006,MS,DEPUTADO FEDERAL,DAGOBERTO NOGUEIRA FILHO,263382893,DAGOBERTO NOGUEIRA,PDT,21/07/1955,3045511902,10022
2006,MS,DEPUTADO FEDERAL,GERALDO RESENDE PEREIRA,12896918191,GERALDO RESENDE,PPS,20/04/1955,1886791970,10072
2006,MS,DEPUTADO FEDERAL,NELSON TRAD,416770134,NELSON TRAD,PMDB,30/10/1930,3230401961,10065
2006,MS,DEPUTADO FEDERAL,VANDER LUIZ DOS SANTOS LOUBET,32247753191,VANDER LOUBET,PT,22/01/1964,7749031910,10191
2006,MS,DEPUTADO FEDERAL,WALDEMIR MOKA MIRANDA DE BRITTO,14332604172,MOKA,PMDB,10/10/1951,7279941996,10061
2006,MS,DEPUTADO FEDERAL,WALDIR NEVES BARBOSA,27338550182,WALDIR NEVES,PSDB,31/01/1963,5164551996,10078
2006,MT,SENADOR,JAYME VERISSIMO DE CAMPOS,4881044168,JAYME CAMPOS,PFL,13/09/1951,8104391856,10321
2006,MT,DEPUTADO FEDERAL,CARLOS AUGUSTO ABICALIL,69721106704,CARLOS ABICALIL,PT,23/01/1962,5483581813,10216
2006,MT,DEPUTADO FEDERAL,CARLOS GOMES BEZERRA,834939134,CARLOS BEZERRA,PMDB,04/11/1941,5594801848,10140
2006,MT,DEPUTADO FEDERAL,ELIENE JOSE DE LIMA,28885970630,ELIENE - LN - ELIENE LIMA,PP,09/09/1955,2128921864,10160
2006,MT,DEPUTADO FEDERAL,HOMERO ALVES PEREIRA,72606509820,HOMERO PEREIRA,PPS,25/05/1955,4137961856,10075
2006,MT,DEPUTADO FEDERAL,PEDRO HENRY NETO,17506867168,PEDRO HENRY,PP,19/04/1957,5145811830,10158
2006,MT,DEPUTADO FEDERAL,THELMA PIMENTEL FIGUEIREDO DE OLIVEIRA,17178517115,THELMA DE OLIVEIRA,PSDB,30/10/1957,2990671899,10403
2006,MT,DEPUTADO FEDERAL,VALTENIR LUIZ PEREIRA,34358099149,VALTENIR PEREIRA,PSB,24/11/1971,14271051821,10339
2006,MT,DEPUTADO FEDERAL,WELLINGTON ANTONIO FAGUNDES,23019093104,WELINTON,PL,01/06/1957,2528351856,10152
2006,PA,SENADOR,MÁRIO COUTO FILHO,9563253,MÁRIO COUTO,PSDB,14/01/1946,84521325,10278
2006,PA,DEPUTADO FEDERAL,ANA ISABEL MESQUITA DE OLIVEIRA,96298960872,BEL MESQUITA,PMDB,24/09/1952,7720641350,10397
2006,PA,DEPUTADO FEDERAL,ASDRUBAL MENDES BENTES,815411200,ASDRUBAL,PMDB,27/07/1939,7251321376,10399
2006,PA,DEPUTADO FEDERAL,ELCIONE THEREZINHA ZAHLUTH BARBALHO,605387249,ELCIONE BARBALHO,PMDB,05/10/1944,12440651350,10400
2006,PA,DEPUTADO FEDERAL,GERSON DOS SANTOS PERES,59536268,GERSON PERES,PP,02/05/1931,3596371309,10600
2006,PA,DEPUTADO FEDERAL,GIOVANNI CORREA QUEIROZ,3662306115,GIOVANNI QUEIROZ,PDT,15/07/1946,8479791384,10749
2006,PA,DEPUTADO FEDERAL,JADER FONTENELLE BARBALHO,18031234,JADER BARBALHO,PMDB,27/10/1944,12453171309,10403
2006,PA,DEPUTADO FEDERAL,JOAQUIM DE LIRA MAIA,3640426215,LIRA MAIA,PFL,01/09/1952,6030041317,10484
2006,PA,DEPUTADO FEDERAL,JOSE GERALDO TORRES DA SILVA,17188326215,ZÉ GERALDO,PT,21/12/1961,5767281384,10555
2006,PA,DEPUTADO FEDERAL,JOSE ROBERTO OLIVEIRA FARO,40070565287,BETO,PT,20/06/1969,17800311350,10553
2006,PA,DEPUTADO FEDERAL,JOSÉ DA CRUZ MARINHO,6651127268,ZEQUINHA MARINHO,PSC,18/09/1959,8226021341,10481
2006,PA,DEPUTADO FEDERAL,LÚCIO DUTRA VALE,32205252291,LÚCIO VALE,PMDB,27/12/1972,22853511309,10404
2006,PA,DEPUTADO FEDERAL,NILSON PINTO DE OLIVEIRA,2875900200,NILSON PINTO,PSDB,25/03/1952,11590901341,10580
2006,PA,DEPUTADO FEDERAL,PAULO ROBERTO GALVÃO DA ROCHA,2366010249,PAULO ROCHA,PT,01/04/1951,11040781350,10552
2006,PA,DEPUTADO FEDERAL,VICTOR PIRES FRANCO NETO,9426701249,VIC PIRES FRANCO,PFL,18/06/1960,323861317,10486
2006,PA,DEPUTADO FEDERAL,WANDENKOLK PASTEUR GONÇALVES,4246853291,WANDENKOLK (VANDINHO)GONÇALVES,PSDB,17/04/1951,7173221392,10576
2006,PA,DEPUTADO FEDERAL,WLADIMIR AFONSO DA COSTA RABELO,13761900287,WLADIMIR COSTA,PMDB,16/01/1964,10830731317,10401
2006,PA,DEPUTADO FEDERAL,ZENALDO RODRIGUES COUTINHO JUNIOR,11661054234,ZENALDO COUTINHO,PSDB,04/02/1961,132521376,10650
2006,PB,SENADOR,CÍCERO DE LUCENA FILHO,14248832453,CÍCERO LUCENA,PSDB,05/08/1957,12960161201,10057
2006,PB,DEPUTADO FEDERAL,ARMANDO ABÍLIO VIEIRA,2537850491,ARMANDO ABÍLIO,PSDB,20/12/1941,4544781210,10071
2006,PB,DEPUTADO FEDERAL,DAMIÃO FELICIANO DA SILVA,13932772415,DR. DAMIÃO,PL,28/04/1952,3991541279,10123
2006,PB,DEPUTADO FEDERAL,EFRAIM DE ARAÚJO MORAIS FILHO,770338410,EFRAIM FILHO,PFL,18/03/1979,24422511279,10061
2006,PB,DEPUTADO FEDERAL,JOSÉ WELLINGTON ROBERTO,26254166453,WELLINGTON ROBERTO,PL,19/05/1959,3543081201,10122
2006,PB,DEPUTADO FEDERAL,JOSÉ WILSON SANTIAGO,16159977415,WILSON SANTIAGO,PMDB,10/06/1957,9932351260,10207
2006,PB,DEPUTADO FEDERAL,LUIZ ALBUQUERQUE COUTO,2043033468,LUIZ COUTO,PT,13/02/1945,382951279,10460
2006,PB,DEPUTADO FEDERAL,MANOEL ALVES DA SILVA JUNIOR,40902650459,MANOEL JUNIOR,PSB,21/02/1964,9084031279,10217
2006,PB,DEPUTADO FEDERAL,MARCONDES IRAN BENEVIDES GADELHA,894486420,MARCONDES GADELHA,PSB,23/06/1943,7537081252,10216
2006,PB,DEPUTADO FEDERAL,RONALDO JOSÉ DA CUNHA LIMA,300500491,RONALDO CUNHA LIMA,PSDB,18/03/1936,3584241201,10065
2006,PB,DEPUTADO FEDERAL,RÔMULO JOSÉ DE GOUVEIA,42787262449,RÔMULO GOUVEIA,PSDB,19/03/1965,3620941287,10072
2006,PB,DEPUTADO FEDERAL,VITAL DO REGO FILHO,38014726472,VITALZINHO,PMDB,21/09/1963,14413121244,10206
2006,PB,DEPUTADO FEDERAL,WILSON LEITE BRAGA,568805453,WILSON BRAGA,PMDB,18/07/1931,344141210,10209
2006,PE,SENADOR,JARBAS DE ANDRADE VASCONCELOS,105457434,JARBAS,PMDB,23/08/1942,3358090876,10300
2006,PE,DEPUTADO FEDERAL,ANA LÚCIA ARRAES DE ALENCAR,69623333404,ANA ARRAES,PSB,28/07/1947,3367740868,10228
2006,PE,DEPUTADO FEDERAL,ANDRÉ CARLOS ALVES DE PAULA FILHO,34148485468,ANDRÉ DE PAULA,PFL,22/07/1961,146970884,10319
2006,PE,DEPUTADO FEDERAL,ARMANDO DE QUEIROZ MONTEIRO NETO,3881229434,ARMANDO MONTEIRO,PTB,24/02/1952,11659750809,10556
2006,PE,DEPUTADO FEDERAL,BRUNO CAMPELO RODRIGUES DE SOUZA,58287612420,BRUNO RODRIGUES,PSDB,05/08/1970,34981480892,10335
2006,PE,DEPUTADO FEDERAL,BRUNO CAVALCANTI DE ARAÚJO,73467260497,BRUNO ARAÚJO,PSDB,15/03/1972,36258420833,10333
2006,PE,DEPUTADO FEDERAL,CARLOS EDUARDO CINTRA DA COSTA PEREIRA,230685404,CADOCA,PMDB,23/04/1940,599950868,10306
2006,PE,DEPUTADO FEDERAL,CARLOS WILSON ROCHA DE QUEIROZ CAMPOS,7300859100,CARLOS WILSON,PT,11/03/1950,264010868,10550
2006,PE,DEPUTADO FEDERAL,EDGAR MOURY FERNANDES SOBRINHO,107611449,EDGAR MOURY,PMDB,01/01/1944,5584950876,10310
2006,PE,DEPUTADO FEDERAL,EDUARDO HENRIQUE DA FONTE DE ALBUQUERQUE SILVA,53467108415,EDUARDO DA FONTE,PP,17/10/1972,37093110884,10191
2006,PE,DEPUTADO FEDERAL,FERNANDO BEZERRA DE SOUZA COELHO FILHO,4921093466,FERNANDO BEZERRA COELHO FILHO,PSB,28/02/1984,56796460833,10217
2006,PE,DEPUTADO FEDERAL,FERNANDO DANTAS FERRO,12582980404,FERRO,PT,05/09/1951,4738950809,10548
2006,PE,DEPUTADO FEDERAL,INOCÊNCIO GOMES DE OLIVEIRA,177601434,INOCÊNCIO OLIVEIRA,PL,21/10/1938,20220220876,10210
2006,PE,DEPUTADO FEDERAL,JOSE MENDONÇA BEZERRA,182036472,ZÉ MENDONÇA,PFL,18/01/1936,15264840809,10328
2006,PE,DEPUTADO FEDERAL,JOSE SEVERIANO CHAVES,1857649400,JOSE CHAVES,PTB,08/06/1942,302820817,10563
2006,PE,DEPUTADO FEDERAL,JOSÉ MÚCIO MONTEIRO FILHO,5059089487,JOSÉ MÚCIO,PTB,25/09/1948,11173270809,10569
2006,PE,DEPUTADO FEDERAL,LUIZ GONZAGA PATRIOTA,1960970453,GONZAGA PATRIOTA,PSB,26/04/1946,22412340841,10216
2006,PE,DEPUTADO FEDERAL,MARCOS ANTÔNIO RAMOS DA HORA,32720432415,MARCOS ANTÔNIO,PSC,02/11/1963,8139160841,10204
2006,PE,DEPUTADO FEDERAL,MAURÍCIO RANDS COELHO BARROS,29999154468,MAURÍCIO RANDS,PT,17/09/1961,3472170850,10547
2006,PE,DEPUTADO FEDERAL,PAULO RUBEM SANTIAGO FERREIRA,11344024491,PAULO RUBEM,PT,17/07/1955,3543390809,10553
2006,PE,DEPUTADO FEDERAL,PEDRO EUGÊNIO DE CASTRO TOLEDO CABRAL,7076398400,PEDRO EUGÊNIO,PT,29/03/1949,3736950841,10549
2006,PE,DEPUTADO FEDERAL,RAUL BELENS JUNGMANN PINTO,24444928468,RAUL JUNGMANN,PPS,03/04/1952,2728710809,10316
2006,PE,DEPUTADO FEDERAL,RAUL JEAN LOUIS HENRY JUNIOR,45877475487,RAUL HENRY,PMDB,06/06/1964,5069760892,10311
2006,PE,DEPUTADO FEDERAL,RENILDO VASCONCELOS CALHEIROS,20936079487,RENILDO CALHEIROS,PC do B,20/04/1959,4853340825,10578
2006,PE,DEPUTADO FEDERAL,ROBERTO MAGALHAES MELO,7722400,ROBERTO MAGALHAES,PFL,17/07/1933,5783330809,10329
2006,PE,DEPUTADO FEDERAL,WOLNEY QUEIROZ MACIEL,74989910478,WOLNEY QUEIROZ,PDT,12/12/1972,37327330809,10200
2006,PI,SENADOR,JOÃO VICENTE DE MACEDO CLAUDINO,18518001315,JOÃO VICENTE CLAUDINO,PTB,09/02/1963,9157361503,10106
2006,PI,DEPUTADO FEDERAL,ALBERTO TAVARES SILVA,3053962349,ALBERTO SILVA,PMDB,10/11/1918,8639481554,10357
2006,PI,DEPUTADO FEDERAL,ANTONIO JOSE CASTELO BRANCO MEDEIROS,1076760368,ANTONIO JOSE MEDEIROS,PT,16/05/1950,25674081503,10078
2006,PI,DEPUTADO FEDERAL,ATILA FREITAS LIRA,13023594600,ATILA,PSDB,07/04/1947,466981503,10153
2006,PI,DEPUTADO FEDERAL,CIRO NOGUEIRA LIMA FILHO,34190392391,CIRO NOGUEIRA,PP,21/11/1968,20499931503,10337
2006,PI,DEPUTADO FEDERAL,JOSÉ FRANCISCO PAES LANDIM,309745187,PAES LANDIM,PTB,23/03/1937,9564851538,10108
2006,PI,DEPUTADO FEDERAL,JOSÉ NAZARENO CARDEAL FONTELES,4178823353,NAZARENO FONTELES,PT,04/05/1954,3914711520,10077
2006,PI,DEPUTADO FEDERAL,JULIO CESAR DE CARVALHO LIMA,1102125334,JULIO CESAR,PFL,25/08/1948,7702671511,10426
2006,PI,DEPUTADO FEDERAL,MARCELO COSTA E CASTRO,2382091304,MARCELO CASTRO,PMDB,09/06/1950,123561503,10350
2006,PI,DEPUTADO FEDERAL,MUSSA DE JESUS DEMES,233188304,MUSSA DEMES,PFL,08/12/1939,30846941538,10421
2006,PI,DEPUTADO FEDERAL,OSMAR RIBEIRO DE ALMEIDA JUNIOR,15091686304,OSMAR JUNIOR,PC do B,08/10/1959,255891503,10128
2006,PR,SENADOR,ALVARO FERNANDES DIAS,274003953,ALVARO DIAS,PSDB,07/12/1944,13624210604,10778
2006,PR,DEPUTADO FEDERAL,ABELARDO LUIZ LUPION MELLO,16096843972,LUPION,PFL,25/08/1952,1051130604,10102
2006,PR,DEPUTADO FEDERAL,AFFONSO ALVES DE CAMARGO NETO,94064920,AFFONSO CAMARGO,PSDB,30/04/1929,669970604,10792
2006,PR,DEPUTADO FEDERAL,ALCENI ANGELO GUERRA,6109977934,ALCENI GUERRA,PFL,11/07/1945,20276170663,10106
2006,PR,DEPUTADO FEDERAL,ALEX CANZIANI SILVEIRA,36601101915,ALEX CANZIANI,PTB,11/06/1964,33038030612,10433
2006,PR,DEPUTADO FEDERAL,ANDRÉ LUIZ VARGAS ILÁRIO,49750950925,ANDRÉ VARGAS,PT,02/03/1964,42716320620,10238
2006,PR,DEPUTADO FEDERAL,ANGELO CARLOS VANHONI,35977442904,ANGELO VANHONI,PT,19/06/1955,3252530612,10232
2006,PR,DEPUTADO FEDERAL,ASSIS MIGUEL DO COUTO,39479471949,ASSIS DO COUTO,PT,17/10/1961,22331170647,10228
2006,PR,DEPUTADO FEDERAL,CARLOS ROBERTO MASSA JUNIOR,3208448970,RATINHO JUNIOR,PPS,19/04/1981,69852310663,10020
2006,PR,DEPUTADO FEDERAL,CASSIO TANIGUCHI,871621991,CASSIO TANIGUCHI,PFL,30/10/1941,2545260680,10105
2006,PR,DEPUTADO FEDERAL,CEZAR AUGUSTO CAROLLO SILVESTRI,22215603968,CEZAR SILVESTRI,PPS,01/08/1954,14235010639,10012
2006,PR,DEPUTADO FEDERAL,DILCEU JOÃO SPERAFICO,11979216991,DILCEU SPERAFICO,PP,26/01/1948,20830410663,10400
2006,PR,DEPUTADO FEDERAL,EDUARDO FRANCISCO SCIARRA,17207320949,EDUARDO SCIARRA,PFL,05/10/1952,18612990671,10107
2006,PR,DEPUTADO FEDERAL,FERNANDO LUCIO GIACOBO,71827404949,GIACOBO,PL,17/12/1970,47438910663,10304
2006,PR,DEPUTADO FEDERAL,FLORISVALDO FIER,29938520944,DR. ROSINHA,PT,12/11/1950,31908870604,10227
2006,PR,DEPUTADO FEDERAL,FRANCISCO OCTAVIO BECKERT,23224843934,CHICO DA PRINCESA,PL,14/07/1954,4003120680,10308
2006,PR,DEPUTADO FEDERAL,GUSTAVO BONATO FRUET,64446379968,GUSTAVO FRUET,PSDB,18/04/1963,4261920655,10797
2006,PR,DEPUTADO FEDERAL,HERMES PARCIANELLO,33496315920,HERMES PARCIANELLO FRANGÃO,PMDB,25/04/1958,39650000663,10153
2006,PR,DEPUTADO FEDERAL,HIDEKAZU TAKAYAMA,52499383887,TAKAYAMA,PMDB,20/04/1948,1668610671,10137
2006,PR,DEPUTADO FEDERAL,HOMERO BARBOSA NETO,7640902835,BARBOSA NETO,PDT,19/09/1966,13752070639,10413
2006,PR,DEPUTADO FEDERAL,JACOB ALFREDO STOFFELS KAEFER,24106305968,ALFREDO KAEFER,PSDB,07/11/1955,39673290647,10796
2006,PR,DEPUTADO FEDERAL,LUIZ CARLOS JORGE HAULY,8682607972,LUIZ CARLOS HAULY,PSDB,08/10/1950,21272620604,10787
2006,PR,DEPUTADO FEDERAL,LUIZ CARLOS SETIM,308676904,SETIM,PFL,02/05/1944,6001630671,10109
2006,PR,DEPUTADO FEDERAL,MAX ROSENMANN,295655968,MAX ROSENMANN,PMDB,29/11/1944,41709140647,10141
2006,PR,DEPUTADO FEDERAL,MOACIR MICHELETTO,6152643015,MICHELETTO,PMDB,25/11/1942,35602130698,10142
2006,PR,DEPUTADO FEDERAL,NELSON MEURER,564834904,NELSON MEURER,PP,23/07/1942,19051390655,10399
2006,PR,DEPUTADO FEDERAL,ODILIO BALBINOTTI,13861506904,BALBINOTTI,PMDB,08/06/1941,36538510655,10158
2006,PR,DEPUTADO FEDERAL,OSMAR JOSÉ SERRAGLIO,1773852949,OSMAR SERRAGLIO,PMDB,23/05/1948,23952280680,10151
2006,PR,DEPUTADO FEDERAL,REINHOLD STEPHANES,207098115,REINHOLD STEPHANES,PMDB,13/08/1939,1666830655,10145
2006,PR,DEPUTADO FEDERAL,RICARDO JOSÉ MAGALHÃES BARROS,42478979934,RICARDO BARROS,PP,15/11/1959,17866770647,10404
2006,PR,DEPUTADO FEDERAL,RODRIGO SANTOS DA ROCHA LOURES,9084795814,ROCHA LOURES,PMDB,13/11/1966,6533570141,10139
2006,RJ,SENADOR,FRANCISCO OSWALDO NEVES DORNELLES,842818715,FRANCISCO DORNELLES,PP,07/01/1935,17335750329,10151
2006,RJ,DEPUTADO FEDERAL,ADILSON SOARES,11166509753,DR. ADILSON SOARES,PL,11/09/1940,330190310,10014
2006,RJ,DEPUTADO FEDERAL,ALEXANDRE AGUIAR CARDOSO,30456363734,ALEXANDRE CARDOSO,PSB,03/05/1952,42687640302,10871
2006,RJ,DEPUTADO FEDERAL,ALEXANDRE JOSÉ DOS SANTOS,30557224772,ALEXANDRE SANTOS,PMDB,04/09/1954,64350980337,11888
2006,RJ,DEPUTADO FEDERAL,ANDREIA ALMEIDA ZITO DOS SANTOS,3607353719,ANDREIA ZITO,PSDB,13/07/1974,91303020388,10439
2006,RJ,DEPUTADO FEDERAL,ANTONIO PEDRO DE SIQUEIRA INDIO DA COSTA,405819773,INDIO DA COSTA,PFL,20/10/1970,78803230337,10160
2006,RJ,DEPUTADO FEDERAL,ARNALDO FRANÇA VIANNA,26877619749,ARNALDO VIANNA,PDT,04/11/1947,62606040329,11431
2006,RJ,DEPUTADO FEDERAL,AROLDE DE OLIVEIRA,1616706287,AROLDE DE OLIVEIRA,PFL,11/03/1937,2597020302,10158
2006,RJ,DEPUTADO FEDERAL,BERNARDO RAMOS ARISTON,601114701,BERNARDO ARISTON,PMDB,25/09/1969,72189640396,11886
2006,RJ,DEPUTADO FEDERAL,CARLOS AUGUSTO ALVES SANTANA,62965298720,CARLOS SANTANA,PT,25/05/1961,9123930388,10828
2006,RJ,DEPUTADO FEDERAL,CARLOS DAUDT BRIZOLA,8196385790,BRIZOLA NETO,PDT,11/10/1978,104981430310,11433
2006,RJ,DEPUTADO FEDERAL,EDMILSON JOSÉ VALENTIM DOS SANTOS,74978454700,EDMILSON VALENTIM,PC do B,28/07/1963,88540800345,12527
2006,RJ,DEPUTADO FEDERAL,EDSON EZEQUIEL DE MATOS,8278393753,EZEQUIEL,PMDB,13/07/1945,44800070302,11887
2006,RJ,DEPUTADO FEDERAL,EDSON SANTOS DE SOUZA,43914446749,EDSON SANTOS,PT,21/07/1954,11397180370,10833
2006,RJ,DEPUTADO FEDERAL,EDUARDO COSENTINO DA CUNHA,50447971700,EDUARDO CUNHA,PMDB,29/09/1958,10915780388,11896
2006,RJ,DEPUTADO FEDERAL,FELIPE LEONE BORNIER DE OLIVEIRA,7421725709,FELIPE BORNIER,PHS,26/12/1978,95345100388,11862
2006,RJ,DEPUTADO FEDERAL,FERNANDO LOPES DE ALMEIDA,10287590704,FERNANDO LOPES,PMDB,03/12/1946,18552420302,11903
2006,RJ,DEPUTADO FEDERAL,FERNANDO PAULO NAGLE GABEIRA,66717558768,FERNANDO GABEIRA,PV,17/02/1941,17302560302,11357
2006,RJ,DEPUTADO FEDERAL,FILIPE DE ALMEIDA PEREIRA,10352572701,FILIPE RIO DE CARA NOVA,PSC,16/11/1983,119140620345,11955
2006,RJ,DEPUTADO FEDERAL,FRANCISCO JOSE D'ANGELO PINTO,47247436700,CHICO D'ANGELO,PT,11/02/1953,69070060370,10832
2006,RJ,DEPUTADO FEDERAL,FRANCISCO RODRIGUES DE ALENCAR FILHO,26451379700,CHICO ALENCAR,PSOL,19/10/1949,5038000361,11031
2006,RJ,DEPUTADO FEDERAL,GERALDO ROBERTO SIQUEIRA DE SOUZA,57077231704,PUDIM,PMDB,08/03/1960,63190920337,11902
2006,RJ,DEPUTADO FEDERAL,HUGO LEAL MELO DA SILVA,41365585620,HUGO LEAL,PSC,06/08/1962,92664330345,11945
2006,RJ,DEPUTADO FEDERAL,ILIOBALDO VIVAS DA SILVA,55195598720,LÉO VIVAS,PRB,29/12/1957,70541010698,12006
2006,RJ,DEPUTADO FEDERAL,JAIR MESSIAS BOLSONARO,45317828791,JAIR BOLSONARO,PP,21/03/1955,15564190337,10333
2006,RJ,DEPUTADO FEDERAL,JORGE RICARDO BITTAR,26922053753,JORGE BITTAR,PT,25/10/1948,16745840310,10841
2006,RJ,DEPUTADO FEDERAL,LEANDRO JOSÉ MENDES SAMPAIO FERNANDES,24488445187,LEANDRO SAMPAIO,PPS,25/10/1960,33284310388,11257
2006,RJ,DEPUTADO FEDERAL,LEONARDO CARNEIRO MONTEIRO PICCIANI,8436066731,LEONARDO PICCIANI,PMDB,06/11/1979,100324470396,11910
2006,RJ,DEPUTADO FEDERAL,LUIZ SERGIO NOBREGA DE OLIVEIRA,44910614753,LUIZ SERGIO,PT,09/04/1958,69956830396,10834
2006,RJ,DEPUTADO FEDERAL,MANOEL FERREIRA,13962884815,PASTOR MANOEL FERREIRA,PTB,30/05/1932,97339360396,10690
2006,RJ,DEPUTADO FEDERAL,MARCELO ZATURANSKY NOGUEIRA ITAGIBA,70228272734,MARCELO ITAGIBA,PMDB,20/03/1956,3025620345,11891
2006,RJ,DEPUTADO FEDERAL,MARIA APARECIDA DIOGO BRAGA,61302368753,CIDA DIOGO,PT,20/01/1958,39527490329,10835
2006,RJ,DEPUTADO FEDERAL,MARINA TERRA MAGGESSI DE SOUZA,52874141704,MARINA MAGGESSI,PPS,11/02/1959,4386150396,11241
2006,RJ,DEPUTADO FEDERAL,MIRO TEIXEIRA,3690288720,MIRO TEIXEIRA,PDT,27/05/1945,5422210337,11425
2006,RJ,DEPUTADO FEDERAL,NEILTON MULIM DA COSTA,77636864720,NEILTON MULIM,PPS,22/07/1962,46322160370,11270
2006,RJ,DEPUTADO FEDERAL,NELSON ROBERTO BORNIER DE OLIVEIRA,10041800710,NELSON BORNIER,PMDB,14/01/1950,52866010370,11882
2006,RJ,DEPUTADO FEDERAL,OTAVIO SANTOS SILVA LEITE,20163452504,OTAVIO LEITE,PSDB,29/07/1961,2618040345,10444
2006,RJ,DEPUTADO FEDERAL,RODRIGO FELINTO IBARRA EPITÁCIO MAIA,590048783,RODRIGO MAIA,PFL,12/06/1970,73616970345,10178
2006,RJ,DEPUTADO FEDERAL,ROGERIO MARTINS LISBOA,90236025791,ROGERIO LISBOA,PFL,22/08/1967,32603060310,10162
2006,RJ,DEPUTADO FEDERAL,SANDRO MATOS PEREIRA,691660727,SANDRO MATOS,PTB,22/04/1970,76089080388,10684
2006,RJ,DEPUTADO FEDERAL,SILVIO LOPES TEIXEIRA,8235074753,SILVIO LOPES,PSDB,12/07/1931,66488440337,10442
2006,RJ,DEPUTADO FEDERAL,SIMAO SESSIM,3441067720,SIMAO SESSIM,PP,12/08/1935,38350850388,10334
2006,RJ,DEPUTADO FEDERAL,SOLANGE AMARAL,55314341700,SOLANGE AMARAL,PFL,03/06/1953,17910080302,10166
2006,RJ,DEPUTADO FEDERAL,SOLANGE PEREIRA DE ALMEIDA,26097958072,SOLANGE ALMEIDA,PMDB,26/02/1961,34386330353,11883
2006,RJ,DEPUTADO FEDERAL,SUELY SANTANA DA SILVA,29859020884,SUELY,PRONA,26/08/1976,91315640566,11586
2006,RJ,DEPUTADO FEDERAL,VINICIUS RAPOZO DE CARVALHO,82286019720,VINICIUS CARVALHO,PT do B,07/01/1966,6979250345,11192
2006,RJ,DEPUTADO FEDERAL,WANDERLEY ALVES DE OLIVEIRA,53002440744,DELEY,PSC,28/08/1959,39834920310,11940
2006,RN,SENADOR,ROSALBA CIARLINI ROSADO,19951698468,ROSALBA CIARLINI,PFL,26/10/1952,7513621635,10151
2006,RN,DEPUTADO FEDERAL,FELIPE CATALÃO MAIA,91644372487,FELIPE MAIA,PFL,07/12/1973,13770251600,10153
2006,RN,DEPUTADO FEDERAL,FÁBIO SALUSTINO MESQUITA DE FARIA,2128728428,FÁBIO FARIA,PMN,01/09/1977,16792391643,10046
2006,RN,DEPUTADO FEDERAL,HENRIQUE EDUARDO LYRA ALVES,13047019720,HENRIQUE EDUARDO ALVES,PMDB,09/12/1948,1645371643,10126
2006,RN,DEPUTADO FEDERAL,JOÃO DA SILVA MAIA,6662978191,JOÃO MAIA,PL,20/09/1953,2016100396,10043
2006,RN,DEPUTADO FEDERAL,MARIA DE FÁTIMA BEZERRA,16025733449,FATIMA BEZERRA,PT,19/05/1955,804411600,10039
2006,RN,DEPUTADO FEDERAL,NÉLIO SILVEIRA DIAS,1192914449,NÉLIO DIAS,PP,22/01/1945,9326091600,10166
2006,RN,DEPUTADO FEDERAL,ROGÉRIO SIMONETTI MARINHO,41301129453,ROGÉRIO MARINHO,PSB,26/11/1963,1672041651,10033
2006,RN,DEPUTADO FEDERAL,SANDRA MARIA DA ESCÓSSIA ROSADO,32889429415,SANDRA ROSADO,PSB,23/05/1951,6993941600,10036
2006,RO,SENADOR,EXPEDITO GONÇALVES FERREIRA JUNIOR,5019228818,EXPEDITO JUNIOR,PPS,10/06/1963,4093232321,10406
2006,RO,DEPUTADO FEDERAL,ANSELMO DE JESUS ABREU,32518374949,ANSELMO,PT,25/12/1952,7953032380,10003
2006,RO,DEPUTADO FEDERAL,EDUARDO VALVERDE ARAÚJO ALVES,38935120715,EDUARDO VALVERDE,PT,20/02/1957,1533732380,10004
2006,RO,DEPUTADO FEDERAL,ERNANDES SANTOS AMORIM,2361922568,AMORIM,PTB,22/10/1946,1991252364,10070
2006,RO,DEPUTADO FEDERAL,LINDOMAR BARBOSA ALVES,32550685253,LINDOMAR GARÇON / GARÇON,PV,18/10/1969,6288122305,10501
2006,RO,DEPUTADO FEDERAL,MARINHA CÉLIA ROCHA RAUPP DE MATOS,3279216842,MARINHA RAUPP,PMDB,23/11/1960,4197412305,10495
2006,RO,DEPUTADO FEDERAL,MAURO NAZIF RASUL,70162000782,DR. MAURO NAZIF,PSB,30/01/1959,428982313,10081
2006,RO,DEPUTADO FEDERAL,NATAN DONADON,24194425200,NATAN DONADON,PMDB,27/07/1967,2449082305,10498
2006,RO,DEPUTADO FEDERAL,RUBENS MOREIRA MENDES FILHO,47576286849,MOREIRA MENDES,PPS,19/07/1946,163692348,10412
2006,RR,SENADOR,FRANCISCO MOZARILDO DE MELO CAVALCANTI,131555200,MOZARILDO,PTB,11/06/1944,189222674,10098
2006,RR,DEPUTADO FEDERAL,ANGELA MARIA GOMES PORTELA,19965303215,ANGELA PORTELA,PTC,03/02/1962,237342658,10072
2006,RR,DEPUTADO FEDERAL,FRANCISCO DE ASSIS RODRIGUES,7654871449,CHICO RODRIGUES,PFL,23/04/1951,27052674,10088
2006,RR,DEPUTADO FEDERAL,LUCIANO DE SOUZA CASTRO,12776181787,LUCIANO CASTRO,PL,22/08/1949,243742640,10086
2006,RR,DEPUTADO FEDERAL,MARIA HELENA VERONESE RODRIGUES,11251778291,MARIA HELENA,PSB,15/06/1949,226422640,10074
2006,RR,DEPUTADO FEDERAL,MÁRCIO HENRIQUE JUNQUEIRA PEREIRA,32828926249,MÁRCIO JUNQUEIRA,PFL,27/01/1968,1401962631,10087
2006,RR,DEPUTADO FEDERAL,NEUDO RIBEIRO CAMPOS,2109778253,NEUDO CAMPOS,PP,01/09/1946,431452615,10081
2006,RR,DEPUTADO FEDERAL,URZENI DA ROCHA FREITAS FILHO,15549305100,URZENI,PSDB,28/05/1958,1313712615,10095
2006,RR,DEPUTADO FEDERAL,ÉDIO VIEIRA LOPES,77548981872,ÉDIO LOPES,PMDB,04/01/1952,87082640,10065
2006,RS,SENADOR,PEDRO JORGE SIMON,225843072,SIMON,PMDB,31/01/1930,31158130477,10480
2006,RS,DEPUTADO FEDERAL,ADÃO PRETTO,12417211068,ADÃO PRETTO,PT,18/12/1945,27636980442,10021
2006,RS,DEPUTADO FEDERAL,CARLOS EDUARDO VIEIRA DA CUNHA,34939628000,VIEIRA DA CUNHA,PDT,31/03/1960,29074900485,10361
2006,RS,DEPUTADO FEDERAL,DARCI POMPEO DE MATTOS,28346890087,POMPEO DE MATTOS,PDT,12/07/1958,25313150400,10367
2006,RS,DEPUTADO FEDERAL,DARCISIO PAULO PERONDI,8262748034,PERONDI,PMDB,02/04/1947,15008650477,10455
2006,RS,DEPUTADO FEDERAL,ELISEU LEMOS PADILHA,922773068,ELISEU PADILHA,PMDB,23/12/1945,19148540426,10473
2006,RS,DEPUTADO FEDERAL,ENIO EGON BERGMANN BACCI,24076163087,ENIO BACCI,PDT,19/09/1958,9972980469,10381
2006,RS,DEPUTADO FEDERAL,GERMANO MOSTARDEIRO BONOW,741108291,GERMANO BONOW,PFL,05/04/1942,43959700493,10742
2006,RS,DEPUTADO FEDERAL,GILBERTO JOSÉ SPIER VARGAS,27905799034,PEPE VARGAS,PT,29/10/1958,4448240434,10005
2006,RS,DEPUTADO FEDERAL,HENRIQUE FONTANA JUNIOR,33410518053,HENRIQUE FONTANA,PT,18/01/1960,44194670469,10010
2006,RS,DEPUTADO FEDERAL,IBSEN VALLS PINHEIRO,603171087,IBSEN PINHEIRO,PMDB,05/07/1935,39824010426,10457
2006,RS,DEPUTADO FEDERAL,JORGE ALBERTO PORTANOVA MENDES RIBEIRO FILHO,16508513087,MENDES RIBEIRO FILHO,PMDB,27/12/1954,49265430418,10456
2006,RS,DEPUTADO FEDERAL,JOSÉ ALFONSO EBERT HAMM,37040642034,AFONSO HAMM,PP,24/04/1962,11694010477,10856
2006,RS,DEPUTADO FEDERAL,JOSÉ OTÁVIO GERMANO,36447374015,JOSÉ OTÁVIO GERMANO,PP,21/04/1962,44347170400,10839
2006,RS,DEPUTADO FEDERAL,JULIO CESAR REDECKER,16145542004,JULIO REDECKER,PSDB,12/07/1956,49501130450,10746
2006,RS,DEPUTADO FEDERAL,LUCIANA KREBS GENRO,61952370000,LUCIANA GENRO,PSOL,17/01/1971,58020930442,10126
2006,RS,DEPUTADO FEDERAL,LUIS CARLOS HEINZE,14272954091,LUIS CARLOS HEINZE,PP,14/09/1950,9353970469,10850
2006,RS,DEPUTADO FEDERAL,LUIZ CARLOS GHIORZZI BUSATO,5698960020,BUSATO,PTB,06/11/1948,44057300400,10502
2006,RS,DEPUTADO FEDERAL,LUIZ ROBERTO DE ALBUQUERQUE,33769460006,BETO ALBUQUERQUE,PSB,06/01/1963,14809240493,10173
2006,RS,DEPUTADO FEDERAL,MANUELA PINTO VIEIRA D'AVILA,96460555087,MANUELA,PC do B,18/08/1981,72017840485,10065
2006,RS,DEPUTADO FEDERAL,MARCO AURÉLIO SPALL MAIA,47500867034,MARCO MAIA,PT,27/12/1965,28402660493,10011
2006,RS,DEPUTADO FEDERAL,MARIA DO ROSÁRIO NUNES,48989371015,MARIA DO ROSÁRIO,PT,22/11/1966,22431930442,10024
2006,RS,DEPUTADO FEDERAL,NELSON LUIZ PROENÇA FERNANDES,10924213000,NELSON PROENÇA,PPS,14/08/1950,58282630477,10722
2006,RS,DEPUTADO FEDERAL,ONYX DORNELLES LORENZONI,21025932072,ONYX LORENZONI,PFL,03/10/1954,38183130477,10829
2006,RS,DEPUTADO FEDERAL,OSMAR GASPARINI TERRA,19971478072,OSMAR TERRA,PMDB,18/02/1950,21995280418,10464
2006,RS,DEPUTADO FEDERAL,PAULO ROBERTO MANOEL PEREIRA,1753589827,PAULO ROBERTO,PTB,10/12/1961,37755470116,10497
2006,RS,DEPUTADO FEDERAL,PAULO ROBERTO SEVERO PIMENTA,42844924034,PIMENTA,PT,19/03/1965,8832570493,10007
2006,RS,DEPUTADO FEDERAL,RENATO DELMAR MOLLING,32091206091,RENATO MOLLING,PP,01/10/1960,10368220418,10845
2006,RS,DEPUTADO FEDERAL,RUY PAULETTI,5627451068,PROFESSOR RUY PAULETTI,PSDB,15/02/1936,25209490434,10743
2006,RS,DEPUTADO FEDERAL,SÉRGIO IVAN MORAES,20504225049,SÉRGIO MORAES,PTB,27/04/1958,40077160400,10488
2006,RS,DEPUTADO FEDERAL,TARCISIO JOÃO ZIMERMMANN,16793471015,TARCISIO ZIMMERMANN,PT,24/07/1954,25346220493,10004
2006,RS,DEPUTADO FEDERAL,VILSON LUIZ COVATTI,28455690097,COVATTI,PP,26/01/1957,34878170434,10838
2006,SC,SENADOR,JOÃO RAIMUNDO COLOMBO,29568420991,RAIMUNDO COLOMBO,PFL,28/02/1955,10172580906,10024
2006,SC,DEPUTADO FEDERAL,ANGELA REGINA HEINZEN AMIN HELOU,29316715920,ANGELA AMIN,PP,20/12/1953,5815520957,10469
2006,SC,DEPUTADO FEDERAL,CARLITO MERSS,24832707949,CARLITO,PT,16/09/1955,9206770990,10211
2006,SC,DEPUTADO FEDERAL,CARLOS FERNANDO CORUJA AGUSTINI,22073671934,FERNANDO CORUJA,PPS,04/12/1954,10420030973,10124
2006,SC,DEPUTADO FEDERAL,CELSO MALDANER,18270522953,CELSO MALDANER,PMDB,30/08/1953,20206140930,10103
2006,SC,DEPUTADO FEDERAL,CLÁUDIO ANTÔNIO VIGNATTI,58988327934,VIGNATTI,PT,02/02/1967,16929300965,10218
2006,SC,DEPUTADO FEDERAL,DJALMA VANDO BERGER,43667872968,DJALMA BERGER,PSDB,07/03/1962,5817970981,10119
2006,SC,DEPUTADO FEDERAL,DÉCIO NERY DE LIMA,38858240944,DÉCIO LIMA,PT,01/10/1960,7187910922,10212
2006,SC,DEPUTADO FEDERAL,EDSON BEZ DE OLIVEIRA,9629734915,EDINHO BEZ,PMDB,06/03/1950,14165840981,10093
2006,SC,DEPUTADO FEDERAL,GERVÁSIO JOSÉ DA SILVA,14550067934,GERVÁSIO SILVA,PFL,24/05/1955,13124070922,10114
2006,SC,DEPUTADO FEDERAL,JOÃO ALBERTO PIZZOLATTI JÚNIOR,42995043991,PIZZOLATTI,PP,31/10/1961,19594400922,10465
2006,SC,DEPUTADO FEDERAL,JOÃO BATISTA MATOS,2988186987,JOÃO MATOS,PMDB,08/01/1948,6187230949,10107
2006,SC,DEPUTADO FEDERAL,MAURO MARIANI,48520500900,MAURO MARIANI,PMDB,08/01/1964,22661420957,10105
2006,SC,DEPUTADO FEDERAL,NELSON GOETTEN DE LIMA,29250552904,NELSON GOETTEN,PFL,16/12/1955,18256070949,10109
2006,SC,DEPUTADO FEDERAL,ODACIR ZONTA,10536744904,ZONTA,PP,18/07/1945,3259290930,10471
2006,SC,DEPUTADO FEDERAL,PAULO ROBERTO BARRETO BORNHAUSEN,48875589968,PAULO BORNHAUSEN,PFL,19/09/1963,5799380949,10112
2006,SC,DEPUTADO FEDERAL,VALDIR COLATTO,16261577900,VALDIR COLATTO,PMDB,15/10/1949,17393690981,10094
2006,SE,SENADOR,MARIA DO CARMO DO NASCIMENTO ALVES,15523870544,MARIA DO CARMO,PFL,23/08/1941,637992186,10104
2006,SE,DEPUTADO FEDERAL,ALBANO DO PRADO PIMENTEL FRANCO,253391504,ALBANO,PSDB,22/11/1940,5682782194,10125
2006,SE,DEPUTADO FEDERAL,ANTONIO CARLOS VALADARES FILHO,80616291515,VALADARES FILHO,PSB,01/10/1980,18712002127,10062
2006,SE,DEPUTADO FEDERAL,EDUARDO ALVES DO AMORIM,23629711553,EDUARDO AMORIM,PSC,17/05/1963,5709332143,10111
2006,SE,DEPUTADO FEDERAL,JACKSON BARRETO DE LIMA,3862232549,JACKSON BARRETO,PTB,06/05/1944,5871662127,10082
2006,SE,DEPUTADO FEDERAL,JERONIMO DE OLIVEIRA REIS,6827845591,JERONIMO REIS,PFL,10/09/1955,1089392100,10117
2006,SE,DEPUTADO FEDERAL,JOSE CARLOS MACHADO,3388190534,JOSE CARLOS MACHADO,PFL,17/01/1949,2151752186,10114
2006,SE,DEPUTADO FEDERAL,JOSÉ DE ARAÚJO MENDONÇA SOBRINHO,34247351591,MENDONÇA PRADO,PFL,14/10/1966,584502194,10115
2006,SE,DEPUTADO FEDERAL,JOSÉ IRAN BARBOSA FILHO,33618100515,PROFESSOR IRAN,PT,21/06/1966,3865012100,10049
2006,SP,SENADOR,EDUARDO MATARAZZO SUPLICY,5909198815,EDUARDO SUPLICY,PT,21/06/1941,86508590183,12607
2006,SP,DEPUTADO FEDERAL,ALINE LEMOS CORREA DE OLIVEIRA ANDRADE,86659804404,ALINE CORREA,PP,25/03/1973,37624600817,12906
2006,SP,DEPUTADO FEDERAL,ANTONIO ADOLPHO LOBBE NETO,5929116830,LOBBE,PSDB,18/06/1957,43102910132,10393
2006,SP,DEPUTADO FEDERAL,ANTONIO CARLOS DE MENDES THAME,20849893887,THAME,PSDB,13/06/1946,35903700183,13038
2006,SP,DEPUTADO FEDERAL,ANTONIO CARLOS MARTINS DE BULHÕES,335868703,ANTONIO BULHÕES,PMDB,05/05/1968,281406850159,10673
2006,SP,DEPUTADO FEDERAL,ANTONIO CARLOS PANNUNZIO,18952364872,PANNUNZIO,PSDB,29/07/1943,104790440108,10407
2006,SP,DEPUTADO FEDERAL,ANTONIO DUARTE NOGUEIRA JUNIOR,4804881859,DUARTE NOGUEIRA,PSDB,16/05/1964,39498670116,10425
2006,SP,DEPUTADO FEDERAL,ANTÔNIO PALOCCI FILHO,6260544863,ANTONIO PALOCCI,PT,04/10/1960,39421250124,12629
2006,SP,DEPUTADO FEDERAL,ARLINDO CHIGNALIA JÚNIOR,6821146187,ARLINDO CHINAGLIA,PT,24/12/1949,7428910108,12628
2006,SP,DEPUTADO FEDERAL,ARNALDO CALIL PEREIRA JARDIM,4197807856,ARNALDO JARDIM,PPS,08/05/1955,86345260159,10145
2006,SP,DEPUTADO FEDERAL,ARNALDO DE ABREU MADEIRA,4733398891,ARNALDO MADEIRA,PSDB,10/03/1940,1726050167,10438
2006,SP,DEPUTADO FEDERAL,ARNALDO FARIA DE SÁ,21911452800,ARNALDO FARIA DE SÁ,PTB,30/12/1945,78025840124,10277
2006,SP,DEPUTADO FEDERAL,CARLOS ALBERTO ROLIM ZARATTINI,398099863,ZARATTINI,PT,08/06/1959,148002880191,12659
2006,SP,DEPUTADO FEDERAL,CARLOS HENRIQUE FOCESI SAMPAIO,6197277808,CARLOS SAMPAIO,PSDB,31/03/1963,107672700175,10382
2006,SP,DEPUTADO FEDERAL,CELSO UBIRAJARA RUSSOMANNO,1252958803,CELSO RUSSOMANNO,PP,20/08/1956,7504850132,12920
2006,SP,DEPUTADO FEDERAL,CLODOVIL HERNANDES,2549514815,CLODOVIL,PTC,17/06/1937,51608040191,12590
2006,SP,DEPUTADO FEDERAL,CÂNDIDO ELPIDIO DE SOUZA VACCAREZZA,13158546515,VACCAREZZA,PT,26/09/1955,88440430159,12621
2006,SP,DEPUTADO FEDERAL,DEVANIR RIBEIRO,27173275849,DEVANIR RIBEIRO,PT,02/02/1944,94619840116,12658
2006,SP,DEPUTADO FEDERAL,DIMAS EDUARDO RAMALHO,82886890863,DIMAS RAMALHO,PPS,13/08/1954,49434620141,10132
2006,SP,DEPUTADO FEDERAL,EDSON APARECIDO DOS SANTOS,162717857,EDSON APARECIDO,PSDB,15/09/1957,89123360116,10418
2006,SP,DEPUTADO FEDERAL,EMANUEL FERNANDES,83073418849,EMANUEL,PSDB,06/03/1956,45580800141,10396
2006,SP,DEPUTADO FEDERAL,ENEAS FERREIRA CARNEIRO,12604305704,ENEAS,PRONA,05/11/1938,16352040310,10010
2006,SP,DEPUTADO FEDERAL,ETIVALDO VADÃO GOMES,78443091800,VADÃO,PP,19/04/1957,75678160116,12924
2006,SP,DEPUTADO FEDERAL,FERNANDO BARRANCOS CHUCRE,5809058884,FERNANDO FUAD CHUCRE,PSDB,02/08/1966,143429970132,10432
2006,SP,DEPUTADO FEDERAL,FRANCINETO LUZ DE AGUIAR,39495400325,FRANK AGUIAR,PTB,18/09/1970,17483091538,10288
2006,SP,DEPUTADO FEDERAL,FRANCISCO MARCELO ORTIZ FILHO,1832778800,MARCELO ORTIZ,PV,26/12/1934,21328270175,11056
2006,SP,DEPUTADO FEDERAL,FRANCISCO ROSSI DE ALMEIDA,5999758815,FRANCISCO ROSSI DE ALMEIDA,PMDB,10/07/1940,68839950124,10658
2006,SP,DEPUTADO FEDERAL,GUILHERME CAMPOS JUNIOR,4889097830,GUILHERME CAMPOS,PFL,20/11/1962,17292920116,10584
2006,SP,DEPUTADO FEDERAL,IVAN VALENTE,37655582815,IVAN VALENTE,PSOL,05/07/1946,103324530141,12006
2006,SP,DEPUTADO FEDERAL,JANETE ROCHA PIETÁ,25052754833,JANETE PIETÁ,PT,03/11/1946,112574690167,12664
2006,SP,DEPUTADO FEDERAL,JILMAR AUGUSTINHO TATTO,3946999808,JILMAR TATTO,PT,25/06/1965,116189870183,12646
2006,SP,DEPUTADO FEDERAL,JORGE TADEU MUDALEN,95663223800,JORGE TADEU,PFL,03/01/1955,111609190141,10548
2006,SP,DEPUTADO FEDERAL,JOSE ALDO REBELO FIGUEIREDO,16412150463,ALDO REBELO,PC do B,23/02/1956,56520191,12785
2006,SP,DEPUTADO FEDERAL,JOSE RICARDO ALVARENGA TRIPOLI,47796278853,TRIPOLI,PSDB,17/04/1952,1772760175,10431
2006,SP,DEPUTADO FEDERAL,JOSÉ ABELARDO GUIMARÃES CAMARINHA,38233754820,CAMARINHA,PSB,22/03/1952,29712230183,12447
2006,SP,DEPUTADO FEDERAL,JOSÉ ANÍBAL PERES DE PONTES,10662952200,JOSÉ ANÍBAL,PSDB,09/08/1947,936420116,13288
2006,SP,DEPUTADO FEDERAL,JOSÉ ARISTODEMO PINOTTI,1428837868,DR. PINOTTI,PFL,20/12/1934,16727190132,10561
2006,SP,DEPUTADO FEDERAL,JOSÉ EDUARDO MARTINS CARDOZO,2160431826,JOSÉ EDUARDO CARDOZO,PT,18/04/1959,1240900116,12612
2006,SP,DEPUTADO FEDERAL,JOSÉ GENOINO NETO,99606879887,GENOINO,PT,03/05/1946,148036270191,12622
2006,SP,DEPUTADO FEDERAL,JOSÉ MENTOR GUILHERME DE MELLO NETTO,53455843891,JOSÉ MENTOR,PT,30/09/1948,97310820141,12634
2006,SP,DEPUTADO FEDERAL,JOSÉ PAULO TOFFANO,12960677854,TOFFANO,PV,05/07/1970,174504850132,11052
2006,SP,DEPUTADO FEDERAL,JOSÉ ROBERTO SANTIAGO GOMES,1165213842,ROBERTO SANTIAGO,PV,01/07/1958,6993220124,11032
2006,SP,DEPUTADO FEDERAL,JOÃO EDUARDO DADO LEITE DE CARVALHO,99275783853,DADO,PDT,16/12/1954,52303690116,11821
2006,SP,DEPUTADO FEDERAL,JOÃO PAULO CUNHA,168387859,JOÃO PAULO CUNHA,PT,06/06/1958,110746810132,12630
2006,SP,DEPUTADO FEDERAL,JULIO FRANCISCO SEMEGHINI NETO,2950535852,JULIO SEMEGHINI,PSDB,25/07/1956,6359750124,10426
2006,SP,DEPUTADO FEDERAL,LUIZ PAULO TEIXEIRA FERREIRA,2441369806,PAULO TEIXEIRA,PT,06/05/1961,79999180124,12668
2006,SP,DEPUTADO FEDERAL,LUIZA ERUNDINA DE SOUSA,480584400,LUIZA ERUNDINA,PSB,30/11/1934,97564300132,12406
2006,SP,DEPUTADO FEDERAL,MARCIO LUIZ FRANÇA GOMES,4751068814,MARCIO FRANÇA,PSB,23/06/1963,59616160141,12420
2006,SP,DEPUTADO FEDERAL,MARCO AURÉLIO UBIALI,74557980830,DR. UBIALI,PSB,07/10/1949,121119160159,12456
2006,SP,DEPUTADO FEDERAL,MICHEL MIGUEL ELIAS TEMER LULIA,6931987887,MICHEL TEMER,PMDB,23/09/1940,1970380116,10679
2006,SP,DEPUTADO FEDERAL,MILTON ANTÔNIO CASQUEL MONTI,2980372897,MILTON MONTI,PL,11/06/1961,46946170191,11290
2006,SP,DEPUTADO FEDERAL,NELSON MARQUEZELLI,1601849834,NELSON MARQUEZELLI,PTB,29/10/1941,128526260124,10267
2006,SP,DEPUTADO FEDERAL,PAULO PEREIRA DA SILVA,21006768904,PAULINHO DA FORÇA,PDT,24/02/1956,64508800132,11822
2006,SP,DEPUTADO FEDERAL,PAULO RENATO COSTA SOUZA,952958015,PAULO RENATO SOUZA,PSDB,10/09/1945,108956490116,10406
2006,SP,DEPUTADO FEDERAL,PAULO ROBERTO GOMES MANSUR,73255319820,BETO MANSUR,PP,07/07/1951,106191500116,12911
2006,SP,DEPUTADO FEDERAL,PAULO SALIM MALUF,768782872,PAULO MALUF,PP,03/09/1931,5969140108,12894
2006,SP,DEPUTADO FEDERAL,REGIS FERNANDES DE OLIVEIRA,4956001800,REGIS DE OLIVEIRA,PSC,19/09/1944,107700116,11613
2006,SP,DEPUTADO FEDERAL,REINALDO NOGUEIRA LOPES CRUZ,10251769879,REINALDO NOGUEIRA,PDT,17/09/1967,68194060141,11840
2006,SP,DEPUTADO FEDERAL,RENATO FAUVEL AMARY,14650606853,RENATO AMARY,PSDB,26/10/1946,48958830124,10410
2006,SP,DEPUTADO FEDERAL,RICARDO JOSÉ RIBEIRO BERZOINI,752912828,RICARDO BERZOINI,PT,10/02/1960,96396410159,12633
2006,SP,DEPUTADO FEDERAL,RICARDO NAGIB IZAR,4004647800,RICARDO IZAR,PTB,28/07/1936,88063780108,10253
2006,SP,DEPUTADO FEDERAL,SERGIO ANTONIO NECHAR,82502501849,DR. NECHAR,PV,26/06/1951,29939230124,11082
2006,SP,DEPUTADO FEDERAL,SILVIO FRANÇA TORRES,3336123887,SILVIO TORRES,PSDB,01/06/1946,44484830167,10414
2006,SP,DEPUTADO FEDERAL,SILVIO ROBERTO CAVALCANTI PECCIOLI,4719764827,SILVINHO PECCIOLI,PFL,03/01/1958,66040830132,10575
2006,SP,DEPUTADO FEDERAL,TALMIR RODRIGUES,56875584700,DR. TALMIR,PV,10/12/1958,535720191,11023
2006,SP,DEPUTADO FEDERAL,VALDEMAR COSTA NETO,52300536820,VALDEMAR COSTA NETO,PL,11/08/1949,30887780108,11309
2006,SP,DEPUTADO FEDERAL,VANDERLEI MACRIS,19044690868,VANDERLEI MACRIS,PSDB,20/05/1950,54881950116,10423
2006,SP,DEPUTADO FEDERAL,VICENTE PAULO DA SILVA,12995398404,VICENTINHO,PT,08/04/1956,142330690183,12665
2006,SP,DEPUTADO FEDERAL,WALTER MEYER FELDMAN,359614817,WALTER FELDMAN,PSDB,29/01/1954,8442570167,10436
2006,SP,DEPUTADO FEDERAL,WALTER SHINDI IIHOSHI,4688846886,WALTER IHOSHI,PFL,17/07/1961,7912530167,10585
2006,SP,DEPUTADO FEDERAL,WILLIAM BOSS WOO,12567332880,WILLIAM WOO,PSDB,27/11/1968,167921720108,10412
2006,TO,SENADOR,KÁTIA REGINA DE ABREU,61330345134,KÁTIA ABREU,PFL,02/02/1962,28950062720,10268
2006,TO,DEPUTADO FEDERAL,CARLOS EDUARDO TORRES GOMES,31340261120,EDUARDO GOMES,PSDB,28/04/1966,22562992704,10102
2006,TO,DEPUTADO FEDERAL,JOÃO OLIVEIRA DE SOUSA,8865817100,JOÃO OLIVEIRA,PFL,22/02/1952,18183122739,10275
2006,TO,DEPUTADO FEDERAL,LAUREZ DA ROCHA MOREIRA,22019090163,LAUREZ MOREIRA,PFL,03/07/1957,16384532798,10274
2006,TO,DEPUTADO FEDERAL,LAZARO BOTELHO MARTINS,4984846100,LAZARO BOTELHO,PP,11/02/1947,17505292712,10084
2006,TO,DEPUTADO FEDERAL,MOISÉS NOGUEIRA AVELINO,1082183172,MOISÉS AVELINO,PMDB,20/05/1940,18658092712,10256
2006,TO,DEPUTADO FEDERAL,NILMAR GAVINO RUIZ,30989302172,NILMAR,PFL,05/02/1956,31929082771,10272
2006,TO,DEPUTADO FEDERAL,OSVALDO DE SOUZA REIS,3667561172,OSVALDO REIS,PMDB,30/12/1936,21056002755,10259
2006,TO,DEPUTADO FEDERAL,VICENTE ALVES DE OLIVEIRA,15965961120,VICENTINHO,PSDB,01/10/1957,8230262798,10099
