ANO_ELEICAO,SIGLA_UF,DESCRICAO_CARGO,NOME_CANDIDATO,CPF_CANDIDATO,NOME_URNA_CANDIDATO,SIGLA_PARTIDO,DATA_NASCIMENTO,NUM_TITULO_ELEITORAL_CANDIDATO,SEQUENCIAL_CANDIDATO
1994,AC,SENADOR,MARIA OSMARINA SILVA DE SOUZA,#NULO#,MARINA SILVA,PT,08/02/58,962092402,-1
1994,AC,SENADOR,NABOR TELES DA ROCHA JUNIOR,#NULO#,NABOR JUNIOR,PMDB,07/11/30,1347562402,-1
1994,AC,DEPUTADO FEDERAL,CARLOS AIRTON MAGALHAES SANTANA DE SOUZA,#NULO#,CARLOS AIRTON,PPR,27/01/61,828412461,-1
1994,AC,DEPUTADO FEDERAL,AURICELIA FREITAS DE ASSIS,#NULO#,CELIA MENDES,PPR,28/09/58,373832445,-1
1994,AC,DEPUTADO FEDERAL,JOSE EDMAR SANTIAGO DE MELO,#NULO#,RONIVON,PPR,14/10/50,589392402,-1
1994,AC,DEPUTADO FEDERAL,MARIA ZILA FROTA BEZERRA DE OLIVEIRA,#NULO#,ZILA BEZERRA,PMDB,07/05/45,1238162470,-1
1994,AC,DEPUTADO FEDERAL,MAURI SERGIO MOURA DE OLIVEIRA,#NULO#,MAURI SERGIO,PMDB,15/09/55,789842445,-1
1994,AC,DEPUTADO FEDERAL,FRANCISCO BRIGIDO DA COSTA,#NULO#,CHICAO,PMDB,09/03/58,493042402,-1
1994,AC,DEPUTADO FEDERAL,FRANCISCO DIOGENES DE ARAUJO,#NULO#,DIOGENES,PMDB,20/01/40,822352437,-1
1994,AC,DEPUTADO FEDERAL,JOAO MAIA DA SILVA FILHO,#NULO#,JOAO MAIA,PP,04/11/41,255902445,-1
1994,AL,SENADOR,JOSE RENAN VASCONCELOS CALHEIROS,#NULO#,RENAN CALHEIROS,PMDB,16/09/55,5448401791,-1
1994,AL,SENADOR,TEOTONIO BRANDAO VILELA FILHO,#NULO#,TEOTONIO VILELA,PSDB,29/01/51,3956391732,-1
1994,AL,DEPUTADO FEDERAL,MOACIR LOPES DE ANDRADE,#NULO#,MOACIR,PPR,17/12/40,22237671740,-1
1994,AL,DEPUTADO FEDERAL,ALBERICO CORDEIRO,#NULO#,CORDEIRO,PTB,28/09/41,4872171775,-1
1994,AL,DEPUTADO FEDERAL,JOSE THOMAZ DA SILVA NONO NETTO,#NULO#,JOSE THOMAZ,PMDB,17/08/47,4370441791,-1
1994,AL,DEPUTADO FEDERAL,AUGUSTO CESAR CAVALCANTE FARIAS,#NULO#,AUGUSTO FARIAS,PSC,29/12/56,6579441724,-1
1994,AL,DEPUTADO FEDERAL,BENEDITO DE LIRA,#NULO#,BENEDITO DE LIR,PFL,01/05/42,5492531708,-1
1994,AL,DEPUTADO FEDERAL,TALVANE LUIS GAMA ALBUQUERQUE,#NULO#,TALVANE,PP,12/11/56,521761708,-1
1994,AL,DEPUTADO FEDERAL,LUIZ DANTAS LIMA,#NULO#,LUIZ DANTAS,PSD,29/11/49,1445901716,-1
1994,AL,DEPUTADO FEDERAL,JOSEFA SANTOS CUNHA,#NULO#,CECI,PSDB,05/08/49,278461775,-1
1994,AL,DEPUTADO FEDERAL,FERNANDO JOSE TORRES,#NULO#,FERNANDO TORRES,PSDB,17/01/52,899901791,-1
1994,AM,SENADOR,JOSE BERNARDO CABRAL,#NULO#,BERNARDO CABRAL,PP,27/03/32,5086232208,-1
1994,AM,SENADOR,JOSE JEFFERSON CARPINTEIRO PERES,#NULO#,JEFFERSON PERES,PSDB,19/03/32,87542283,-1
1994,AM,DEPUTADO FEDERAL,PAUDERNEY TOMAZ AVELINO,#NULO#,PAUDERNEY,PPR,24/09/54,2405652224,-1
1994,AM,DEPUTADO FEDERAL,ALZIRA VALDELICE PIRES EWERTON,#NULO#,ALZIRA EWERTON,PPR,15/07/52,4830112232,-1
1994,AM,DEPUTADO FEDERAL,JOSE MELO DE OLIVEIRA,#NULO#,PROFESSOR MELO,PPR,26/09/46,705472208,-1
1994,AM,DEPUTADO FEDERAL,LUIZ FERNANDO SARMENTO NICOLAU,#NULO#,LUIZ FERNANDO,PMDB,30/03/46,764222216,-1
1994,AM,DEPUTADO FEDERAL,JOAO THOME VERCOSA DE MEDEIROS RAPOSO,#NULO#,JOAO THOME,PMDB,15/08/51,6448432275,-1
1994,AM,DEPUTADO FEDERAL,EULER ESTEVES RIBEIRO,#NULO#,EULER,PMDB,31/07/41,169002259,-1
1994,AM,DEPUTADO FEDERAL,ATILA SIDNEY LINS DE ALBUQUERQUE,#NULO#,ATILA LINS,PFL,22/11/50,4225492208,-1
1994,AM,DEPUTADO FEDERAL,ARTHUR VIRGILIO DO CARMO RIBEIRO NETO,#NULO#,ARTUR NETO,PSDB,15/11/45,1311162267,-1
1994,AP,SENADOR,SEBASTIAO FERREIRA DA ROCHA,#NULO#,BALA,PDT,21/01/58,933702585,-1
1994,AP,SENADOR,GILVAM PINHEIRO BORGES,#NULO#,GILVAM BORGES,PMDB,01/08/58,346522577,-1
1994,AP,DEPUTADO FEDERAL,ERALDO DA SILVA TRINDADE,#NULO#,ERALDOTRINDADE,PPR,20/11/56,324912542,-1
1994,AP,DEPUTADO FEDERAL,ANTONIO DA JUSTA FEIJAO,#NULO#,FEIJAO,PTB,19/06/56,1243912585,-1
1994,AP,DEPUTADO FEDERAL,SERGIO CERQUEIRA BARCELLOS,#NULO#,SERGIO BARCELOS,PFL,04/10/43,874062500,-1
1994,AP,DEPUTADO FEDERAL,MURILO AGOSTINHO PINHEIRO,#NULO#,MURILO,PFL,11/10/48,75172550,-1
1994,AP,DEPUTADO FEDERAL,FATIMA LUCIA PELAES,#NULO#,FATIMA PELAES,PFL,13/02/59,325222585,-1
1994,AP,DEPUTADO FEDERAL,VALDENOR GUEDES SOARES,#NULO#,VALDENOR GUEDES,PP,31/01/54,253962500,-1
1994,AP,DEPUTADO FEDERAL,RAQUEL CAPIBERIBE DA SILVA,#NULO#,RAQUEL,PSB,14/12/39,150322500,-1
1994,AP,DEPUTADO FEDERAL,GERVASIO AUGUSTO DE OLIVEIRA,#NULO#,GERVASIO,PSB,09/06/57,213272569,-1
1994,BA,SENADOR,ANTONIO CARLOS PEIXOTO DE MAGALHAES,#NULO#,ACM,PFL,04/09/27,619270523,-1
1994,BA,SENADOR,WALDECK VIEIRA ORNELAS,#NULO#,WALDECK ORNELAS,PFL,06/07/45,28860710531,-1
1994,BA,DEPUTADO FEDERAL,LUIZ HUMBERTO PRISCO VIANA,#NULO#,PRISCO VIANA,PPR,04/06/32,23198570558,-1
1994,BA,DEPUTADO FEDERAL,CORIOLANO SOUSA SALES,#NULO#,CORIOLANO SALES,PDT,01/08/43,25064770507,-1
1994,BA,DEPUTADO FEDERAL,SEVERIANO ALVES DE SOUZA,#NULO#,SEVERIANO ALVES,PDT,12/02/43,19105240507,-1
1994,BA,DEPUTADO FEDERAL,ANTONIO SERGIO BARRADAS CARNEIRO,#NULO#,SERGIO CARNEIRO,PDT,14/10/60,3921710590,-1
1994,BA,DEPUTADO FEDERAL,JAQUES WAGNER,#NULO#,JAQUES WAGNER,PT,16/03/51,38496250590,-1
1994,BA,DEPUTADO FEDERAL,MANOEL ALCIDES MODESTO COÒLHO,#NULO#,ALCIDES MODESTO,PT,09/08/39,2639000590,-1
1994,BA,DEPUTADO FEDERAL,FELIX DE ALMEIDA MENDONA,#NULO#,FELIX MENDONA,PTB,23/03/28,31870740507,-1
1994,BA,DEPUTADO FEDERAL,JOAO ALMEIDA  DOS SANTOS,#NULO#,JOAO ALMEIDA,PMDB,23/05/46,23334340574,-1
1994,BA,DEPUTADO FEDERAL,FERNANDO GOMES OLIVEIRA,#NULO#,FERNANDO,PMDB,30/06/39,10139880558,-1
1994,BA,DEPUTADO FEDERAL,SIMARA NOGUEIRA ELLERY,#NULO#,SIM,PMDB,12/01/43,47967040582,-1
1994,BA,DEPUTADO FEDERAL,GEDDEL QUADROS VIEIRA LIMA,#NULO#,GEDDEL VIEIRA,PMDB,18/03/59,12448760515,-1
1994,BA,DEPUTADO FEDERAL,NESTOR DUARTE GUIMARAES NETO,#NULO#,NESTOR DUARTE,PMDB,14/11/56,29417170515,-1
1994,BA,DEPUTADO FEDERAL,PEDRO IRUJO YANIZ,#NULO#,PEDRO IRUJO,PMDB,29/06/30,28323330558,-1
1994,BA,DEPUTADO FEDERAL,ROLAND LAVIGNE DO NASCIMENTO,#NULO#,ROLAND LAVIGNE,PL,28/04/62,4828600574,-1
1994,BA,DEPUTADO FEDERAL,EUJACIO SIMOES VIANA FILHO,#NULO#,EUJACIO SIMOES,PL,15/06/48,33947750590,-1
1994,BA,DEPUTADO FEDERAL,ERALDO TINOCO MELO,#NULO#,ERALDO TINOCO,PFL,20/11/43,21162320582,-1
1994,BA,DEPUTADO FEDERAL,MANOEL FIGUEIREDO CASTRO,#NULO#,MANOEL CASTRO,PFL,03/05/42,35038390507,-1
1994,BA,DEPUTADO FEDERAL,JONIVAL LUCAS DA SILVA,#NULO#,JONIVAL LUCAS,PFL,18/09/45,41920400566,-1
1994,BA,DEPUTADO FEDERAL,LUIZ FERNANDO LUZ BRAGA,#NULO#,LUIZ BRAGA,PFL,15/12/49,32835950574,-1
1994,BA,DEPUTADO FEDERAL,JAIRO ALFREDO OLIVEIRA CARNEIRO,#NULO#,JAIRO CARNEIRO,PFL,28/03/44,14649130566,-1
1994,BA,DEPUTADO FEDERAL,JAIRO AZI,#NULO#,JAIRO AZI,PFL,22/05/33,8945200590,-1
1994,BA,DEPUTADO FEDERAL,BENITO DA GAMA SANTOS,#NULO#,BENITO GAMA,PFL,29/08/48,5940340566,-1
1994,BA,DEPUTADO FEDERAL,CLAUDIO CAJADO SAMPAIO,#NULO#,CAJADO,PFL,01/12/63,81300523,-1
1994,BA,DEPUTADO FEDERAL,JOSE ALVES ROCHA,#NULO#,JOSE ROCHA,PFL,18/08/48,47135190507,-1
1994,BA,DEPUTADO FEDERAL,LUIS EDUARDO MARON DE MAGALHAES,#NULO#,LUIS EDUARDO,PFL,16/03/55,5642050515,-1
1994,BA,DEPUTADO FEDERAL,LUIZ MOREIRA DA SILVA,#NULO#,LUIZ MOREIRA,PFL,25/01/28,30871790540,-1
1994,BA,DEPUTADO FEDERAL,AROLDO CEDRAZ DE OLIVEIRA,#NULO#,AROLDO CEDRAZ,PFL,26/02/51,42187740558,-1
1994,BA,DEPUTADO FEDERAL,JORGE KHOURY HEDAYE,#NULO#,JORGE KHOURY,PFL,16/02/49,36871870574,-1
1994,BA,DEPUTADO FEDERAL,JOSE CARLOS ALELUIA COSTA,#NULO#,ALELUIA,PFL,09/12/47,21604240507,-1
1994,BA,DEPUTADO FEDERAL,URSICINO PINTO DE QUEIROZ,#NULO#,URSICINO,PFL,27/10/37,5406970582,-1
1994,BA,DEPUTADO FEDERAL,LEUR ANTONIO DE BRITO LOMANTO,#NULO#,LEUR LOMANTO,PFL,18/12/49,26380310558,-1
1994,BA,DEPUTADO FEDERAL,MARCOS ANTONIO MEDRADO,#NULO#,MARCOS MEDRADO,PP,30/06/46,29156590590,-1
1994,BA,DEPUTADO FEDERAL,JOSE UBALDINO ALVES PINTO JUNIOR,#NULO#,UBALDINO JUNIOR,PSB,01/03/69,60701640515,-1
1994,BA,DEPUTADO FEDERAL,ADALBERTO LELIS FILHO,#NULO#,BETO,PSB,19/07/56,4428380523,-1
1994,BA,DEPUTADO FEDERAL,MARIO SILVIO MENDES NEGROMONTE,#NULO#,MARIONEGROMONTE,PSDB,06/07/50,23974910558,-1
1994,BA,DEPUTADO FEDERAL,JOAO FELIPE DE SOUZA LEAO,#NULO#,LEAO,PSDB,27/02/46,31260830574,-1
1994,BA,DEPUTADO FEDERAL,ROBERTO FIGUEIRA SANTOS,#NULO#,ROBERTO SANTOS,PSDB,15/09/26,37629270515,-1
1994,BA,DEPUTADO FEDERAL,DOMINGOS LEONELLI NETO,#NULO#,D.LEONELLI,PSDB,21/01/46,30506360507,-1
1994,BA,DEPUTADO FEDERAL,HAROLDO BORGES RODRIGUES LIMA,#NULO#,HAROLDO LIMA,PC DO B,07/10/39,38003490507,-1
1994,GO,SENADOR,IRIS REZENDE MACHADO,#NULO#,IRIS REZENDE,PMDB,22/12/33,138731082,-1
1994,GO,SENADOR,MAURO MIRANDA SOARES,#NULO#,MAURO MIRANDA,PMDB,28/02/41,510741023,-1
1994,GO,DEPUTADO FEDERAL,ROBERTO EGIDIO BALESTRA,#NULO#,ROBERTO BALESTR,PPR,24/05/44,4819871007,-1
1994,GO,DEPUTADO FEDERAL,MARIA BAHIA PEIXOTO VALADAO,#NULO#,MARIA VALADAO,PPR,19/08/32,21150411090,-1
1994,GO,DEPUTADO FEDERAL,PEDRO WILSON GUIMARAES,#NULO#,PEDRO WILSON,PT,24/02/42,19838031040,-1
1994,GO,DEPUTADO FEDERAL,PEDRO ABRAO JUNIOR,#NULO#,PEDRINHO ABRAO,PTB,22/07/58,173111082,-1
1994,GO,DEPUTADO FEDERAL,SEBASTIAO AUGUSTO BARBOSA NETO,#NULO#,BARBOSA NETO,PMDB,03/02/64,831331066,-1
1994,GO,DEPUTADO FEDERAL,LIDIA DE ARAUJO QUINAN,#NULO#,LIDIA QUINAN,PMDB,16/07/37,2400941040,-1
1994,GO,DEPUTADO FEDERAL,SANDRO ANTONIO SCODRO,#NULO#,SANDRO MABEL,PMDB,31/12/58,12632921090,-1
1994,GO,DEPUTADO FEDERAL,JOAO NATAL DE ALMEIDA,#NULO#,JOAO NATAL,PMDB,19/02/43,339111031,-1
1994,GO,DEPUTADO FEDERAL,JOSIAS GONZAGA CARDOSO,#NULO#,JOSIAS GONZAGA,PMDB,24/09/53,952351040,-1
1994,GO,DEPUTADO FEDERAL,ORCINO GONCALVES DA SILVA,#NULO#,ORCINO,PMDB,03/06/39,2121074,-1
1994,GO,DEPUTADO FEDERAL,RUBENS EDREIRA COSAC,#NULO#,RUBENS COSAC,PMDB,04/03/46,5067511007,-1
1994,GO,DEPUTADO FEDERAL,VILMAR DA SILVA ROCHA,#NULO#,VILMAR ROCHA,PFL,14/02/51,10310921040,-1
1994,GO,DEPUTADO FEDERAL,JOSE GOMES DA ROCHA,#NULO#,ZE GOMES,PRN,12/04/58,5512821040,-1
1994,GO,DEPUTADO FEDERAL,MARCONI FERREIRA PERILLO JUNIOR,#NULO#,MARCONI PERILLO,PP,07/03/63,7162151040,-1
1994,GO,DEPUTADO FEDERAL,PEDRO CHAVES CANEDO,#NULO#,PEDRO CANEDO,PP,20/06/49,2406481090,-1
1994,GO,DEPUTADO FEDERAL,JOVAIR DE OLIVEIRA ARANTES,#NULO#,JOVAIR ARANTES,PSDB,04/06/51,536601015,-1
1994,GO,DEPUTADO FEDERAL,ALDO SILVA ARANTES,#NULO#,ALDO ARANTES,PC DO B,20/12/38,2459171058,-1
1994,MA,SENADOR,ALEXANDRE ALVES COSTA,#NULO#,ALEXANDRE COSTA,PFL,13/10/18,501041120,-1
1994,MA,SENADOR,EDISON LOBAO,#NULO#,EDISON LOBAO,PFL,05/12/36,453381120,-1
1994,MA,DEPUTADO FEDERAL,CARLOS MAGNO DUQUE BACELAR,#NULO#,MAGNO BACELAR,PDT,25/02/38,7274061180,-1
1994,MA,DEPUTADO FEDERAL,HAROLDO FREITAS PIRES DE SABOIA,#NULO#,HAROLDO SABOIA,PT,16/06/50,453881198,-1
1994,MA,DEPUTADO FEDERAL,DOMINGOS FRANCISCO DUTRA FILHO,#NULO#,DUTRA,PT,20/03/56,339211104,-1
1994,MA,DEPUTADO FEDERAL,JOAO ALBERTO DE SOUZA,#NULO#,JOAO ALBERTO,PMDB,01/10/35,4179661180,-1
1994,MA,DEPUTADO FEDERAL,PEDRO NOVAIS LIMA,#NULO#,PEDRO NOVAIS,PMDB,07/07/30,247541155,-1
1994,MA,DEPUTADO FEDERAL,REMI ABREU TRINTA,#NULO#,REMI TRINTA,PMDB,11/02/40,9499191198,-1
1994,MA,DEPUTADO FEDERAL,ROBERTO COELHO ROCHA,#NULO#,ROBERTO ROCHA,PMDB,04/08/65,3136511155,-1
1994,MA,DEPUTADO FEDERAL,GASTAO DIAS VIEIRA,#NULO#,GASTAO VIEIRA,PMDB,15/06/46,467591163,-1
1994,MA,DEPUTADO FEDERAL,MARCIA REGINA SEREJO MARINHO,#NULO#,MARCIA MARINHO,PSC,22/10/63,3364211163,-1
1994,MA,DEPUTADO FEDERAL,FRANCISCO DE ASSIS MILHOMEM COELHO,#NULO#,CHICO COELHO,PFL,14/06/49,6238251147,-1
1994,MA,DEPUTADO FEDERAL,DAVI ALVES SILVA,#NULO#,DAVI,PFL,25/07/51,8261301104,-1
1994,MA,DEPUTADO FEDERAL,ANTONIO JOAQUIM ARAUJO FILHO,#NULO#,ANTONIO JOAQUIM,PFL,21/08/40,2228141198,-1
1994,MA,DEPUTADO FEDERAL,ELISEU BARROSO DE CARVALHO MOURA,#NULO#,ELISEU MOURA,PFL,04/12/52,17424031180,-1
1994,MA,DEPUTADO FEDERAL,MAURO DE ALENCAR FECURY,#NULO#,MAURO FECURY,PFL,13/01/41,313871147,-1
1994,MA,DEPUTADO FEDERAL,JOSE SARNEY FILHO,#NULO#,SARNEY FILHO,PFL,14/06/57,471181163,-1
1994,MA,DEPUTADO FEDERAL,CARLOS CESAR BRANCO BANDEIRA,#NULO#,CESAR BANDEIRA,PFL,02/05/46,12439611147,-1
1994,MA,DEPUTADO FEDERAL,SEBASTIAO TORRES MADEIRA,#NULO#,MADEIRA,PSDB,29/12/49,8307811147,-1
1994,MA,DEPUTADO FEDERAL,JAIME MANOEL TAVARES NEIVA DE SANTANA,#NULO#,JAIME SANTANA,PSDB,19/11/43,383151155,-1
1994,MS,SENADOR,RAMEZ TEBET,#NULO#,RAMEZ TEBET,PMDB,07/11/36,7664051929,-1
1994,MS,SENADOR,LUDIO MARTINS COELHO,#NULO#,LUDIO COELHO,PSDB,22/09/22,7305011902,-1
1994,MS,DEPUTADO FEDERAL,OSCAR GOLDONI,#NULO#,OSCAR GOLDONI,PDT,03/08/49,8430181970,-1
1994,MS,DEPUTADO FEDERAL,NELSON TRAD,#NULO#,NELSON TRAD,PTB,30/10/30,3230401961,-1
1994,MS,DEPUTADO FEDERAL,DILSO SPERAFICO,#NULO#,DILSO SPERAFICO,PMDB,09/08/53,2572771902,-1
1994,MS,DEPUTADO FEDERAL,ANDRE PUCCINELLI,#NULO#,ANDRE PUCCINELI,PMDB,02/07/48,3742261910,-1
1994,MS,DEPUTADO FEDERAL,MARISA JOAQUINA MONTEIRO SERRANO,#NULO#,MARISA SERRANO,PMDB,21/06/47,6699401953,-1
1994,MS,DEPUTADO FEDERAL,MARILU SEGATTO GUIMARAES,#NULO#,MARILU SEGATTO,PFL,13/10/51,7318221970,-1
1994,MS,DEPUTADO FEDERAL,FLAVIO AUGUSTO COELHO DERZI,#NULO#,FLAVIO DERZI,PP,30/06/51,6685221961,-1
1994,MS,DEPUTADO FEDERAL,SAULO GARCIA QUEIROZ,#NULO#,SAULO QUEIROZ,PSDB,22/06/39,7355001996,-1
1994,RR,SENADOR,ROMERO JUCA FILHO,#NULO#,JUCA,PPR,30/11/54,1325082666,-1
1994,RR,SENADOR,MARIA MARLUCE MOREIRA PINTO,#NULO#,MARLUCE PINTO,PTB,03/06/38,328512607,-1
1994,RR,DEPUTADO FEDERAL,LUCIANO DE SOUZA CASTRO,#NULO#,LUCIANO,PPR,22/08/49,243742640,-1
1994,RR,DEPUTADO FEDERAL,MOISES SRAGOWICZ LIPNIK,#NULO#,LIPNIK,PTB,05/08/53,1291962631,-1
1994,RR,DEPUTADO FEDERAL,FRANCISCO DE ASSIS RODRIGUES,#NULO#,CHICO RODRIGUES,PTB,23/04/51,27052674,-1
1994,RR,DEPUTADO FEDERAL,LUIS BARBOSA ALVES,#NULO#,LUISINHO,PTB,26/02/53,227162615,-1
1994,RR,DEPUTADO FEDERAL,ALCESTE MADEIRA DE ALMEIDA,#NULO#,DR. ALCESTE,PTB,22/03/44,323392607,-1
1994,RR,DEPUTADO FEDERAL,ELTON DA LUZ ROHNELT,#NULO#,ELTON,PSC,27/01/41,1144632640,-1
1994,RR,DEPUTADO FEDERAL,SALOMAO AFONSO DE SOUZA CRUZ,#NULO#,SALOMAO CRUZ,PFL,30/07/49,117992640,-1
1994,RR,DEPUTADO FEDERAL,ROBERIO BEZERRA DE ARAUJO,#NULO#,ROBERIO ARAUJO,PSDB,08/12/54,246292682,-1
1994,RS,SENADOR,EMILIA THEREZINHA XAVIER FERNANDES,#NULO#,EMILIAFERNANDES,PTB,18/07/49,1032920450,-1
1994,RS,SENADOR,JOSE ALBERTO FOGACA DE MEDEIROS,#NULO#,JOSE FOGACA,PMDB,13/01/47,23094240493,-1
1994,RS,DEPUTADO FEDERAL,TELMO JOSE KIRST,#NULO#,TELMO KIRST,PPR,07/04/44,49681140418,-1
1994,RS,DEPUTADO FEDERAL,JARBAS DE MELO E LIMA,#NULO#,JARBAS LIMA,PPR,11/01/40,48803940442,-1
1994,RS,DEPUTADO FEDERAL,ADYLSON MARTINS MOTTA,#NULO#,ADYLSON MOTTA,PPR,26/08/36,39823300400,-1
1994,RS,DEPUTADO FEDERAL,JOAO AUGUSTO RIBEIRO NARDES,#NULO#,NARDES,PPR,13/10/52,13225100434,-1
1994,RS,DEPUTADO FEDERAL,NELSON MARCHEZAN,#NULO#,MARCHEZAN,PPR,04/05/38,26771450442,-1
1994,RS,DEPUTADO FEDERAL,ADOLFO ANTONIO FETTER JUNIOR,#NULO#,FETTER JUNIOR,PPR,21/01/54,30157600493,-1
1994,RS,DEPUTADO FEDERAL,CARLOS RENAN KURTZ,#NULO#,RENAN KURTZ,PDT,10/02/37,13694350493,-1
1994,RS,DEPUTADO FEDERAL,MATHEUS JOSE SCHMIDT FILHO,#NULO#,MATHEUS SCHMIDT,PDT,28/10/26,49871790400,-1
1994,RS,DEPUTADO FEDERAL,AIRTON LANGARO DIPP,#NULO#,AIRTON DIPP,PDT,15/10/50,14711680400,-1
1994,RS,DEPUTADO FEDERAL,CARLOS CARDINAL OLIVEIRA,#NULO#,CARLOS CARDINAL,PDT,01/03/50,26196330469,-1
1994,RS,DEPUTADO FEDERAL,ENIO EGON BERGMANN BACCI,#NULO#,ENIO BACCI,PDT,19/09/58,9972980469,-1
1994,RS,DEPUTADO FEDERAL,JOSE ALBERTO REUS FORTUNATI,#NULO#,JOSE FORTUNATI,PT,24/10/55,26734570450,-1
1994,RS,DEPUTADO FEDERAL,MIGUEL SOLDATELLI ROSSETTO,#NULO#,MIGUEL ROSSETTO,PT,04/05/60,23324290450,-1
1994,RS,DEPUTADO FEDERAL,PAULO RENATO PAIM,#NULO#,PAIM,PT,15/03/50,32745760418,-1
1994,RS,DEPUTADO FEDERAL,ESTHER PILLAR GROSSI,#NULO#,ESTHER GROSSI,PT,24/04/36,30823030400,-1
1994,RS,DEPUTADO FEDERAL,LUIZ FERNANDO MAINARDI,#NULO#,MAINARDI,PT,30/12/60,18378190469,-1
1994,RS,DEPUTADO FEDERAL,WALDOMIRO FIORAVANTE,#NULO#,FIORAVANTE,PT,03/09/54,47083380477,-1
1994,RS,DEPUTADO FEDERAL,ADAO PRETTO,#NULO#,ADAO PRETTO,PT,18/12/45,27636980442,-1
1994,RS,DEPUTADO FEDERAL,HUGO SIMOES LAGRANHA,#NULO#,LAGRANHA,PTB,09/04/18,37692120477,-1
1994,RS,DEPUTADO FEDERAL,OSVALDO ANICETTO BIOLCHI,#NULO#,OSVALDO BIOLCHI,PTB,16/12/34,32272890485,-1
1994,RS,DEPUTADO FEDERAL,DARCISIO PAULO PERONDI,#NULO#,PERONDI,PMDB,02/04/47,15008650477,-1
1994,RS,DEPUTADO FEDERAL,JORGE ALBERTO PORTANOVA MENDES RIBEIRO FILHO,#NULO#,MENDES RIBEIRO,PMDB,27/12/54,49265430418,-1
1994,RS,DEPUTADO FEDERAL,NELSON LUIZ PROEN¿A FERNANDES,#NULO#,NELSON PROEN¿A,PMDB,14/08/50,58282630477,-1
1994,RS,DEPUTADO FEDERAL,ODACIR KLEIN,#NULO#,ODACIR KLEIN,PMDB,04/03/43,44603700434,-1
1994,RS,DEPUTADO FEDERAL,PAULO ARTUR RITZEL,#NULO#,PAULO RITZEL,PMDB,09/03/52,17046930493,-1
1994,RS,DEPUTADO FEDERAL,WILSON JOAO CIGNACHI,#NULO#,WILSON CIGNACHI,PMDB,29/10/45,42260530418,-1
1994,RS,DEPUTADO FEDERAL,ELISEU LEMOS PADILHA,#NULO#,ELISEU PADILHA,PMDB,23/12/45,19148540426,-1
1994,RS,DEPUTADO FEDERAL,GERMANO ANTONIO RIGOTTO,#NULO#,RIGOTTO,PMDB,24/09/49,4559670434,-1
1994,RS,DEPUTADO FEDERAL,JAIR DE OLIVEIRA SOARES,#NULO#,JAIR SOARES,PFL,26/11/33,49120600434,-1
1994,RS,DEPUTADO FEDERAL,YEDA RORATO CRUSIUS,#NULO#,YEDA CRUSIUS,PSDB,26/07/44,21737700434,-1
1994,RS,DEPUTADO FEDERAL,EZIDIO VANELI PINHEIRO,#NULO#,EZIDIO PINHEIRO,PSDB,06/02/44,47944850442,-1
1994,SC,SENADOR,CASILDO JOAO MALDANER,#NULO#,CASILDOMALDANER,PMDB,02/04/42,21352210965,-1
1994,SC,SENADOR,VILSON PEDRO KLEINUBING,#NULO#,KLEINUBING,PFL,09/09/44,5348010930,-1
1994,SC,DEPUTADO FEDERAL,JOAO ALBERTO PIZZOLATTI JUNIOR,#NULO#,PIZZOLATTI,PPR,31/10/61,19594400922,-1
1994,SC,DEPUTADO FEDERAL,MARIO ROBERTO CAVALLAZZI,#NULO#,CAVALLAZZI,PPR,07/07/48,5236480973,-1
1994,SC,DEPUTADO FEDERAL,HUGO MATIAS BIEHL,#NULO#,HUGO BIEHL,PPR,19/06/52,15272170965,-1
1994,SC,DEPUTADO FEDERAL,PAULO ROBERTO BAUER,#NULO#,PAULO BAUER,PPR,20/03/57,8279440965,-1
1994,SC,DEPUTADO FEDERAL,LEONEL ARCANGELO PAVAN,#NULO#,LEONEL PAVAN,PDT,07/09/54,19693960965,-1
1994,SC,DEPUTADO FEDERAL,ANTONIO SERAFIM VENZON,#NULO#,SERAFIM VENZON,PDT,19/06/53,1736360914,-1
1994,SC,DEPUTADO FEDERAL,MILTON MENDES DE OLIVEIRA,#NULO#,MILTON OLIVEIRA,PT,15/03/53,3821960906,-1
1994,SC,DEPUTADO FEDERAL,JOSE FRITSCH,#NULO#,JOSE FRITSCH,PT,06/08/54,15370360949,-1
1994,SC,DEPUTADO FEDERAL,EDSON BEZ DE OLIVEIRA,#NULO#,EDINHO,PMDB,06/03/50,14165840981,-1
1994,SC,DEPUTADO FEDERAL,LUIZ HENRIQUE DA SILVEIRA,#NULO#,LUIZ HENRIQUE,PMDB,25/02/40,9574020965,-1
1994,SC,DEPUTADO FEDERAL,EDISON A. ANDRINO DE OLIVEIRA,#NULO#,EDISON ANDRINO,PMDB,18/12/45,4873010973,-1
1994,SC,DEPUTADO FEDERAL,NEUTO FAUSTO DE CONTO,#NULO#,NEUTO DE CONTO,PMDB,08/09/38,17926120922,-1
1994,SC,DEPUTADO FEDERAL,JOAO BATISTA MATOS,#NULO#,JOAO MATOS,PMDB,08/01/48,6187230949,-1
1994,SC,DEPUTADO FEDERAL,PAULO ROBERTO BARRETO BORNHAUSEN,#NULO#,PAULOBORNHAUSEN,PFL,19/09/63,5799380949,-1
1994,SC,DEPUTADO FEDERAL,PAULO GOUVEA DA COSTA,#NULO#,PAULO GOUVEA,PFL,13/05/43,554300981,-1
1994,SC,DEPUTADO FEDERAL,JOSE CARLOS VIEIRA,#NULO#,JOSE C. VIEIRA,PFL,27/05/53,9005600990,-1
1994,SE,SENADOR,JOSE EDUARDO DE BARROS DUTRA,#NULO#,ZE EDUARDO,PT,11/04/57,2418582143,-1
1994,SE,SENADOR,ANTONIO CARLOS VALADARES,#NULO#,VALADARES,PP,06/04/43,3792812119,-1
1994,SE,DEPUTADO FEDERAL,JOSE CLEONANCIO DA FONSECA,#NULO#,CLEONANCIO,PPR,14/12/36,209662100,-1
1994,SE,DEPUTADO FEDERAL,JOSE TELES DE MENDONCA,#NULO#,ZE TELES,PPR,,2550762186,-1
1994,SE,DEPUTADO FEDERAL,MARCELO DEDA CHAGAS,#NULO#,DEDA,PT,11/03/60,3176702135,-1
1994,SE,DEPUTADO FEDERAL,JOSE WILSON DA CUNHA,#NULO#,WILSON CUNHA,PMDB,10/08/51,192712160,-1
1994,SE,DEPUTADO FEDERAL,ADELSON ROSENDO LIMA RIBEIRO,#NULO#,ADELSON RIBEIRO,PMDB,30/03/65,4331882151,-1
1994,SE,DEPUTADO FEDERAL,CARLOS MAGNO COSTA GARCIA,#NULO#,CARLOS MAGNO,PFL,26/08/52,809412119,-1
1994,SE,DEPUTADO FEDERAL,JOAO BOSCO FRANCA CRUZ,#NULO#,BOSCO FRANCA,PMN,27/12/52,5184782194,-1
1994,SE,DEPUTADO FEDERAL,JERONIMO DE OLIVEIRA REIS,#NULO#,JERONIMO REIS,PMN,10/09/55,1089392100,-1
1994,SP,SENADOR,ROMEU TUMA,#NULO#,ROMEU TUMA,PL,04/10/31,95689710116,-1
1994,SP,SENADOR,JOSE SERRA,#NULO#,JOSE SERRA,PSDB,19/03/42,86309170108,-1
1994,SP,DEPUTADO FEDERAL,WELSON GASPARINI,#NULO#,GASPARINI,PPR,01/12/36,126040450116,-1
1994,SP,DEPUTADO FEDERAL,FAUSTO MIGUEL MARTELLO,#NULO#,MARTELLO,PPR,29/09/52,58689030167,-1
1994,SP,DEPUTADO FEDERAL,ANTONIO DELFIM NETTO,#NULO#,DELFIM NETTO,PPR,01/05/28,86639430191,-1
1994,SP,DEPUTADO FEDERAL,RICARDO NAGIB IZAR,#NULO#,RICARDO IZAR,PPR,28/07/36,88063780108,-1
1994,SP,DEPUTADO FEDERAL,PAULO ROBERTO GOMES MANSUR,#NULO#,BETO MANSUR,PPR,07/07/51,106191500116,-1
1994,SP,DEPUTADO FEDERAL,ARNALDO FARIA DE SA,#NULO#,ARNALDO F DE SA,PPR,30/12/45,78025840124,-1
1994,SP,DEPUTADO FEDERAL,WAGNER AMARAL SALUSTIANO,#NULO#,DR. WAGNER,PPR,27/06/55,4653690167,-1
1994,SP,DEPUTADO FEDERAL,ANTONIO HENRIQUE BITENCOURT CUNHA BUENO,#NULO#,CUNHA BUENO,PPR,17/06/49,2374790108,-1
1994,SP,DEPUTADO FEDERAL,CARLOS FERNANDO ZUPPO FRANCO,#NULO#,ZUPPO,PDT,01/03/42,68831670167,-1
1994,SP,DEPUTADO FEDERAL,ANTONIO DA CUNHA LIMA,#NULO#,CUNHA LIMA,PDT,08/09/55,124989570183,-1
1994,SP,DEPUTADO FEDERAL,JOSE MACHADO,#NULO#,JOSE MACHADO,PT,27/01/46,104068610124,-1
1994,SP,DEPUTADO FEDERAL,TELMA SANDRA AUGUSTO DE SOUZA,#NULO#,TELMA DE SOUZA,PT,29/09/44,168338600124,-1
1994,SP,DEPUTADO FEDERAL,JOSE GENOINO NETO,#NULO#,JOSE GENOINO,PT,03/05/46,148036270191,-1
1994,SP,DEPUTADO FEDERAL,LUIZ GUSHIKEN,#NULO#,LUIZ GUSHIKEN,PT,08/05/50,86367080116,-1
1994,SP,DEPUTADO FEDERAL,EDUARDO JORGE MARTINS ALVES SOBRINHO,#NULO#,EDUARDO JORGE,PT,26/10/49,80840590116,-1
1994,SP,DEPUTADO FEDERAL,ARLINDO CHIGNALIA JUNIOR,#NULO#,CHINAGLIA,PT,24/12/49,116294410183,-1
1994,SP,DEPUTADO FEDERAL,JOAO PAULO CUNHA,#NULO#,JOAO PAULO,PT,06/06/58,110746810132,-1
1994,SP,DEPUTADO FEDERAL,IVAN VALENTE,#NULO#,IVAN VALENTE,PT,05/07/46,103324530141,-1
1994,SP,DEPUTADO FEDERAL,HELIO PEREIRA BICUDO,#NULO#,HELIO BICUDO,PT,05/07/22,148181900124,-1
1994,SP,DEPUTADO FEDERAL,JOSE AUGUSTO DA SILVA RAMOS,#NULO#,ZE AUGUSTO,PT,15/12/46,72713570175,-1
1994,SP,DEPUTADO FEDERAL,CELSO AUGUSTO DANIEL,#NULO#,CELSO DANIEL,PT,16/04/51,132673170175,-1
1994,SP,DEPUTADO FEDERAL,JAIR ANTONIO MENEGUELLI,#NULO#,JAIR MENEGUELLI,PT,16/07/47,56419300191,-1
1994,SP,DEPUTADO FEDERAL,EUSTAQUIO LUCIANO ZICA,#NULO#,LUCIANO ZICA,PT,07/01/51,110167350108,-1
1994,SP,DEPUTADO FEDERAL,MARTA TERESA SUPLICY,#NULO#,MARTA SUPLICY,PT,18/03/45,86530840141,-1
1994,SP,DEPUTADO FEDERAL,DUILIO PISANESCHI,#NULO#,DUILIO PISANESC,PTB,29/08/40,54034590116,-1
1994,SP,DEPUTADO FEDERAL,JOSE DE CASTRO COIMBRA,#NULO#,JOSE DE CASTRO,PTB,05/05/30,45108960108,-1
1994,SP,DEPUTADO FEDERAL,NELSON MARQUEZELLI,#NULO#,MARQUEZELLI,PTB,29/10/41,128526260124,-1
1994,SP,DEPUTADO FEDERAL,HELIO CESAR ROSAS,#NULO#,HELIO C ROSAS,PMDB,24/03/29,120659780167,-1
1994,SP,DEPUTADO FEDERAL,CARLOS ALBERTO EUGENIO APOLINARIO,#NULO#,APOLINARIO,PMDB,28/04/52,153136790116,-1
1994,SP,DEPUTADO FEDERAL,JOSE ARISTODEMO PINOTTI,#NULO#,PINOTTI,PMDB,20/12/34,16727190132,-1
1994,SP,DEPUTADO FEDERAL,ALOYSIO NUNES FERREIRA FILHO,#NULO#,ALOYSIO NUNES,PMDB,05/04/45,44638280116,-1
1994,SP,DEPUTADO FEDERAL,ARY KARA JOSE,#NULO#,ARI KARA JOSE,PMDB,26/03/42,50654470116,-1
1994,SP,DEPUTADO FEDERAL,LUIZ CARLOS DOS SANTOS,#NULO#,LUIZ CARLOS DOS,PMDB,26/05/32,6477380116,-1
1994,SP,DEPUTADO FEDERAL,WAGNER GONCALVES ROSSI,#NULO#,WAGNER ROSSI,PMDB,27/01/43,121354520116,-1
1994,SP,DEPUTADO FEDERAL,ALBERTO GOLDMAN,#NULO#,ALBERTO GOLDMAN,PMDB,12/10/37,1847890191,-1
1994,SP,DEPUTADO FEDERAL,EDSON EDINHO COELHO ARAUJO,#NULO#,EDINHO ARAUJO,PMDB,30/07/49,62644550167,-1
1994,SP,DEPUTADO FEDERAL,JURANDYR DA PAIXAO DE CAMPOS FREIRE FILHO,#NULO#,JURANDYR PAIXAO,PMDB,12/11/55,27809560116,-1
1994,SP,DEPUTADO FEDERAL,MARCELO FORTES BARBIERI,#NULO#,MARCELOBARBIERI,PMDB,21/11/56,10472320116,-1
1994,SP,DEPUTADO FEDERAL,CARLOS NELSON BUENO,#NULO#,CARLOS NELSON,PMDB,21/02/40,69324200141,-1
1994,SP,DEPUTADO FEDERAL,JORGE TADEU MUDALEN,#NULO#,JORGE TADEU,PMDB,03/01/55,111609190141,-1
1994,SP,DEPUTADO FEDERAL,MICHEL MIGUEL ELIAS TEMER LULIA,#NULO#,MICHEL TEMER,PMDB,23/09/40,1970380116,-1
1994,SP,DEPUTADO FEDERAL,ROBSON TUMA,#NULO#,ROBSON TUMA,PL,05/09/68,167784820108,-1
1994,SP,DEPUTADO FEDERAL,VALDEMAR CORAUCI SOBRINHO,#NULO#,CORAUCISOBRINHO,PL,24/08/45,39492320108,-1
1994,SP,DEPUTADO FEDERAL,VALDEMAR COSTA NETO,#NULO#,VALDEMAR C.NETO,PL,11/08/49,30887780108,-1
1994,SP,DEPUTADO FEDERAL,JOAO MELLAO NETO,#NULO#,JOAO MELLAO,PL,06/11/55,148107760116,-1
1994,SP,DEPUTADO FEDERAL,VICENTE FERNANDES CASCIONE,#NULO#,VICENTECASCIONE,PL,14/07/42,106390360183,-1
1994,SP,DEPUTADO FEDERAL,PAULO CESAR DE OLIVEIRA LIMA,#NULO#,PAULO LIMA,PFL,09/02/63,37860920159,-1
1994,SP,DEPUTADO FEDERAL,JORGE MALULY NETTO,#NULO#,MALULY NETO,PFL,28/01/31,9595480116,-1
1994,SP,DEPUTADO FEDERAL,MAURICIO NAGIB NAJAR,#NULO#,MAURICIO NAJAR,PFL,19/09/34,30735720167,-1
1994,SP,DEPUTADO FEDERAL,ETIVALDO VADAO GOMES,#NULO#,VADAO GOMES,PP,19/04/57,75678160116,-1
1994,SP,DEPUTADO FEDERAL,USHITARO KAMIA,#NULO#,KAMIA,PSB,01/07/46,93275540141,-1
1994,SP,DEPUTADO FEDERAL,MARCO ANTONIO NASSIF ABI CHEDID,#NULO#,MARQUINHOCHEDID,PSD,23/11/57,15410870116,-1
1994,SP,DEPUTADO FEDERAL,PAULO CESAR MARQUES DE VELASCO,#NULO#,DE VELASCO,PSD,10/02/37,184503800191,-1
1994,SP,DEPUTADO FEDERAL,ADHEMAR DE BARROS FILHO,#NULO#,ADHEMAR FILHO,PRP,18/06/29,2546750124,-1
1994,SP,DEPUTADO FEDERAL,JOSE GUALBERTO TUGA MARTINS ANGERAMI,#NULO#,TUGA ANGERAMI,PSDB,17/04/50,13422110116,-1
1994,SP,DEPUTADO FEDERAL,JOSE MASCI DE ABREU,#NULO#,JOSE DE ABREU,PSDB,08/12/44,77671100141,-1
1994,SP,DEPUTADO FEDERAL,ANTONIO KANDIR,#NULO#,ANTONIO KANDIR,PSDB,02/05/53,96850980116,-1
1994,SP,DEPUTADO FEDERAL,ANTONIO CARLOS PANNUNZIO,#NULO#,PANNUNZIO,PSDB,29/07/43,104790440108,-1
1994,SP,DEPUTADO FEDERAL,SALVADOR ZIMBALDI FILHO,#NULO#,SALVAD ZIMBALDI,PSDB,05/06/55,107865040116,-1
1994,SP,DEPUTADO FEDERAL,KOYU IHA,#NULO#,KOYU IHA,PSDB,30/06/40,59524980175,-1
1994,SP,DEPUTADO FEDERAL,SILVIO FRANCA TORRES,#NULO#,SILVIO TORRES,PSDB,01/06/46,44484830167,-1
1994,SP,DEPUTADO FEDERAL,ZULAIE COBRA RIBEIRO,#NULO#,ZULAIE COBRA,PSDB,18/11/43,77566380167,-1
1994,SP,DEPUTADO FEDERAL,ANDRE FRANCO MONTORO,#NULO#,FRANCO MONTORO,PSDB,14/07/16,6206160167,-1
1994,SP,DEPUTADO FEDERAL,ALMINO MONTEIRO ALVARES AFFONSO,#NULO#,ALMINO AFFONSO,PSDB,11/04/29,2704230141,-1
1994,SP,DEPUTADO FEDERAL,REGIS FERNANDES DE OLIVEIRA,#NULO#,REGIS,PSDB,19/09/44,107700116,-1
1994,SP,DEPUTADO FEDERAL,FABIO JOSE FELDMANN,#NULO#,FABIO FELDMANN,PSDB,14/05/55,37080175,-1
1994,SP,DEPUTADO FEDERAL,AYRES DA CUNHA MARQUES,#NULO#,AYRES DA CUNHA,PSDB,18/01/37,696010132,-1
1994,SP,DEPUTADO FEDERAL,JOSE ANIBAL PERES DE PONTES,#NULO#,JOSE ANIBAL,PSDB,09/08/47,936420116,-1
1994,SP,DEPUTADO FEDERAL,CELSO UBIRAJARA RUSSOMANNO,#NULO#,CELSO RUSSOMANO,PSDB,20/08/56,7504850132,-1
1994,SP,DEPUTADO FEDERAL,JOSE ALDO REBELO FIGUEIREDO,#NULO#,ALDO REBELO,PC DO B,23/02/56,56520191,-1
1994,TO,SENADOR,LEOMAR DE MELO QUINTANILHA,#NULO#,LEOMAR,PPR,23/10/45,16399932755,-1
1994,TO,SENADOR,CARLOS DO PATROCINIO SILVEIRA,#NULO#,PATROCINIO,PFL,01/07/42,17590242780,-1
1994,TO,DEPUTADO FEDERAL,PAULO SARDINHA MOURAO,#NULO#,PAULO MOURAO,PPR,09/03/56,8187442747,-1
1994,TO,DEPUTADO FEDERAL,ANTONIO JORGE GODINHO,#NULO#,ANTONIO JORGE,PPR,09/09/51,11061692739,-1
1994,TO,DEPUTADO FEDERAL,JOSE DOS SANTOS FREIRE JUNIOR,#NULO#,FREIRE JR,PMDB,13/08/55,3478302704,-1
1994,TO,DEPUTADO FEDERAL,UDSON COELHO BANDEIRA,#NULO#,UDSON BANDEIRA,PMDB,01/01/67,16317171031,-1
1994,TO,DEPUTADO FEDERAL,DARCI MARTINS COELHO,#NULO#,DARCI COELHO,PFL,17/01/40,20904102704,-1
1994,TO,DEPUTADO FEDERAL,JOAO BATISTA DE JESUS RIBEIRO,#NULO#,JOAO RIBEIRO,PFL,25/06/54,17511942712,-1
1994,TO,DEPUTADO FEDERAL,OSVALDO DE SOUZA REIS,#NULO#,OSVALDO REIS,PP,30/12/36,21056002755,-1
1994,TO,DEPUTADO FEDERAL,MARIA DAS DORES BRAGA NUNES,#NULO#,DOLORES,PP,04/04/41,16324892771,-1
