ANO_ELEICAO,SIGLA_UF,DESCRICAO_CARGO,NOME_CANDIDATO,CPF_CANDIDATO,NOME_URNA_CANDIDATO,SIGLA_PARTIDO,DATA_NASCIMENTO,NUM_TITULO_ELEITORAL_CANDIDATO,SEQUENCIAL_CANDIDATO
2014.0,AC,DEPUTADO FEDERAL,FLAVIANO FLÁVIO BAPTISTA DE MELO,33251797700.0,FLAVIANO MELO,PMDB,17/11/1949,745162429.0,10000000613.0
2014.0,AC,DEPUTADO FEDERAL,ALAN RICK MIRANDA,44726570234.0,ALAN RICK,PRB,23/10/1976,3240992410.0,10000000173.0
2014.0,AC,DEPUTADO FEDERAL,CARLOS CESAR CORREIA DE MESSIAS,50872060772.0,CÉSAR MESSIAS,PSB,05/07/1958,1537742410.0,10000000158.0
2014.0,AC,DEPUTADO FEDERAL,SEBASTIÃO SIBÁ MACHADO OLIVEIRA,13365517391.0,SIBÁ MACHADO,PT,24/01/1958,215682461.0,10000000171.0
2014.0,AC,DEPUTADO FEDERAL,LEONARDO CUNHA DE BRITO,63182246291.0,LÉO DO PT,PT,13/04/1979,3239632429.0,10000000163.0
2014.0,AC,DEPUTADO FEDERAL,JÉSSICA ROJAS SALES,65595564253.0,JÉSSICA SALES,PMDB,28/11/1980,3097672461.0,10000000761.0
2014.0,AC,SENADOR,GLADSON DE LIMA CAMELI,43461107204.0,GLADSON CAMELI,PP,26/03/1978,2615252488.0,10000000001.0
2014.0,AC,DEPUTADO FEDERAL,WHERLES FERNANDES DA ROCHA,30790590263.0,MAJOR ROCHA,PSDB,23/10/1968,1423192437.0,10000000607.0
2014.0,AC,DEPUTADO FEDERAL,RAIMUNDO ANGELIM VASCONCELOS,2820935249.0,ANGELIM,PT,19/02/1955,722402453.0,10000000166.0
2014.0,AL,DEPUTADO FEDERAL,PAULO FERNANDO DOS SANTOS,14433290459.0,PAULÃO,PT,15/09/1957,6560491708.0,20000000274.0
2014.0,AL,DEPUTADO FEDERAL,JOÃO HENRIQUE HOLANDA CALDAS,1117690199.0,JHC,SD,22/07/1987,34574741732.0,20000000183.0
2014.0,AL,DEPUTADO FEDERAL,GIVALDO DE SÁ GOUVEIA CARIMBÃO,10270060510.0,GIVALDO CARIMBÃO,PROS,14/10/1957,1931871732.0,20000000279.0
2014.0,AL,DEPUTADO FEDERAL,MAURÍCIO QUINTELLA MALTA LESSA,80355633434.0,MAURICIO QUINTELLA,PR,28/03/1971,16488261716.0,20000000153.0
2014.0,AL,SENADOR,FERNANDO AFFONSO COLLOR DE MELLO,2906287172.0,COLLOR,PTB,12/08/1949,6630471724.0,20000000199.0
2014.0,AL,DEPUTADO FEDERAL,RONALDO AUGUSTO LESSA SANTOS,2621380425.0,RONALDO LESSA,PDT,25/04/1949,5373381775.0,20000000269.0
2014.0,AL,DEPUTADO FEDERAL,ARTHUR CESAR PEREIRA DE LIRA,67821090425.0,ARTHUR LIRA,PP,25/06/1969,16423521767.0,20000000167.0
2014.0,AL,DEPUTADO FEDERAL,JOSE CICERO SOARES DE ALMEIDA,12941514449.0,CICERO ALMEIDA,PRTB,08/01/1958,7101051783.0,20000000043.0
2014.0,AL,DEPUTADO FEDERAL,PEDRO TORRES BRANDÃO VILELA,1055737448.0,PEDRO VILELA,PSDB,01/05/1985,30418721708.0,20000000382.0
2014.0,AL,DEPUTADO FEDERAL,MARX BELTRÃO LIMA SIQUEIRA,2696564485.0,MARX BELTRÃO,PMDB,28/11/1979,25140641775.0,20000000287.0
2014.0,AM,DEPUTADO FEDERAL,MARIA DA CONCEIÇÃO SAMPAIO MOURA,23934409253.0,CONCEIÇÃO SAMPAIO,PP,01/01/1966,2946212216.0,40000000082.0
2014.0,AM,DEPUTADO FEDERAL,HISSA NAGIB ABRAHÃO FILHO,64440249272.0,HISSA ABRAHÃO,PPS,02/08/1980,19205062267.0,40000000086.0
2014.0,AM,SENADOR,OMAR JOSE ABDEL AZIZ,7588615249.0,OMAR AZIZ,PSD,13/08/1958,5198432275.0,40000000489.0
2014.0,AM,DEPUTADO FEDERAL,SILAS CAMARA,13512951287.0,SILAS CAMARA,PSD,15/12/1962,13588982224.0,40000000360.0
2014.0,AM,DEPUTADO FEDERAL,MARCOS SERGIO ROTTA,49274350910.0,MARCOS ROTTA,PMDB,11/03/1967,19368262275.0,40000000077.0
2014.0,AM,DEPUTADO FEDERAL,ALFREDO PEREIRA DO NASCIMENTO,5727600430.0,ALFREDO NASCIMENTO,PR,05/05/1952,2872972283.0,40000000349.0
2014.0,AM,DEPUTADO FEDERAL,ARTHUR VIRGILIO DO CARMO RIBEIRO BISNETO,64264246253.0,ARTUR BISNETO,PSDB,01/10/1979,19198622208.0,40000000353.0
2014.0,AM,DEPUTADO FEDERAL,ATILA SIDNEY LINS DE ALBUQUERQUE,694584215.0,ATILA LINS,PSD,22/11/1950,4225492208.0,40000000356.0
2014.0,AM,DEPUTADO FEDERAL,PAUDERNEY TOMAZ AVELINO,3465268253.0,PAUDERNEY,DEM,24/09/1954,14124412267.0,40000000345.0
2014.0,AP,DEPUTADO FEDERAL,VINÍCIUS DE AZEVEDO GURGEL,51004224249.0,VINÍCIUS GURGEL,PR,31/07/1978,3524192518.0,30000000338.0
2014.0,AP,DEPUTADO FEDERAL,ANDRÉ DOS SANTOS ABDON,31601928220.0,ANDRÉ ABDON,PRB,10/11/1970,3104632500.0,30000000353.0
2014.0,AP,DEPUTADO FEDERAL,JOZIANE ARAUJO NASCIMENTO ROCHA,61350451215.0,JOZI ROCHA,PTB,26/03/1979,9201992380.0,30000000158.0
2014.0,AP,DEPUTADO FEDERAL,LUIZ GIONILSON PINHEIRO BORGES,18931367287.0,CABUÇU,PMDB,06/03/1964,1520702593.0,30000000122.0
2014.0,AP,DEPUTADO FEDERAL,MARCIVANIA DO SOCORRO DA ROCHA FLEXA,32770553291.0,PROFESSORA MARCIVÂNIA,PT,21/06/1973,1232312526.0,30000000466.0
2014.0,AP,DEPUTADO FEDERAL,JANETE MARIA GÓES CAPIBERIBE,18085830272.0,JANETE,PSB,12/05/1949,69332577.0,30000000462.0
2014.0,AP,DEPUTADO FEDERAL,MARCOS JOSE REATEGUI SOUZA,10744096200.0,MARCOS REATEGUI,PSC,06/10/1960,262692526.0,30000000148.0
2014.0,AP,DEPUTADO FEDERAL,ANTÔNIO ROBERTO RODRIGUES GÓES DA SILVA,26404222272.0,ROBERTO GÓES,PDT,22/06/1966,205522542.0,30000000087.0
2014.0,AP,SENADOR,DAVID SAMUEL ALCOLUMBRE TOBELEM,50900226234.0,DAVI ALCOLUMBRE,DEM,19/06/1977,2494272526.0,30000000027.0
2014.0,BA,DEPUTADO FEDERAL,RONALDO CARLETTO,56041896772.0,RONALDO CARLETTO,PP,05/01/1960,4241050531.0,50000000169.0
2014.0,BA,DEPUTADO FEDERAL,JOSÉ ALVES ROCHA,4789113515.0,JOSÉ ROCHA,PR,18/08/1948,47135190507.0,50000000160.0
2014.0,BA,DEPUTADO FEDERAL,JUTAHY MAGALHÃES JUNIOR,10660410591.0,JUTAHY MAGALHÃES,PSDB,14/10/1955,12449470540.0,50000000643.0
2014.0,BA,DEPUTADO FEDERAL,ERONILDES VASCONCELOS CARVALHO,66858933549.0,TIA ERON,PRB,02/06/1972,68358440507.0,50000000670.0
2014.0,BA,DEPUTADO FEDERAL,ARTHUR DE OLIVEIRA MAIA DA SILVA,32604637553.0,ARTHUR MAIA,SD,17/08/1964,23248630574.0,50000000676.0
2014.0,BA,DEPUTADO FEDERAL,ANTONIO JOSÉ IMBASSAHY DA SILVA,2372967568.0,IMBASSAHY,PSDB,12/03/1948,5645560558.0,50000000639.0
2014.0,BA,SENADOR,OTTO ROBERTO MENDONCA DE ALENCAR,5985234568.0,OTTO ALENCAR,PSD,28/08/1947,47263270507.0,50000000403.0
2014.0,BA,DEPUTADO FEDERAL,ADALBERTO SOUZA GALVAO,21879869500.0,BEBETO,PSB,09/06/1962,16205280566.0,50000000202.0
2014.0,BA,DEPUTADO FEDERAL,ULDURICO ALENCAR PINTO,3746803101.0,ULDURICO JUNIOR,PTC,30/01/1992,133647720523.0,50000000551.0
2014.0,BA,DEPUTADO FEDERAL,ANTONIO LUIZ PARANHOS RIBEIRO LEITE DE BRITO,51488868549.0,ANTONIO BRITO,PTB,17/01/1969,50395060582.0,50000000120.0
2014.0,BA,DEPUTADO FEDERAL,VALMIR CARLOS DA ASSUNÇÃO,2333314842.0,VALMIR ASSUNÇÃO,PT,17/12/1964,4263940540.0,50000000149.0
2014.0,BA,DEPUTADO FEDERAL,JOSÉ CARLOS LEÃO DE ARAUJO,4820991515.0,JOSÉ CARLOS ARAUJO,PSD,21/12/1944,20895710523.0,50000000155.0
2014.0,BA,DEPUTADO FEDERAL,LUCIO QUADROS VIEIRA LIMA,28925491168.0,LUCIO VIEIRA LIMA,PMDB,19/11/1962,573770590.0,50000000655.0
2014.0,BA,DEPUTADO FEDERAL,CARLOS FELIPE VAZQUEZ DE SOUZA LEÃO,79753566549.0,CACÁ LEÃO,PP,03/11/1979,94159210515.0,50000000164.0
2014.0,BA,DEPUTADO FEDERAL,MOEMA ISABEL PASSOS GRAMACHO,13339982520.0,MOEMA GRAMACHO,PT,04/07/1958,15228750540.0,50000000146.0
2014.0,BA,DEPUTADO FEDERAL,JOÃO CARLOS PAOLILO BACELAR FILHO,15345931879.0,JOÃO BACELAR,PR,08/10/1972,50482870540.0,50000000159.0
2014.0,BA,DEPUTADO FEDERAL,JOAO CARLOS BACELAR BATISTA,10626409500.0,JOAO CARLOS BACELAR,PTN,09/07/1957,23888530590.0,50000000661.0
2014.0,BA,DEPUTADO FEDERAL,ALICE MAZZUCO PORTUGAL,12377392504.0,ALICE PORTUGAL,PC do B,16/05/1959,24700970558.0,50000000133.0
2014.0,BA,DEPUTADO FEDERAL,MÁRCIO CARLOS MARINHO,1895263786.0,MÁRCIO MARINHO,PRB,12/12/1970,56568330892.0,50000000672.0
2014.0,BA,DEPUTADO FEDERAL,BENITO DA GAMA SANTOS,2664763504.0,BENITO GAMA,PTB,29/08/1948,5940340566.0,50000000121.0
2014.0,BA,DEPUTADO FEDERAL,NELSON VICENTE PORTELA PELLEGRINO,24289612504.0,PELEGRINO,PT,27/12/1960,37648360558.0,50000000147.0
2014.0,BA,DEPUTADO FEDERAL,PAULO SERGIO PARANHOS DE MAGALHÃES,6015530553.0,PAULO MAGALHÃES,PSD,28/11/1952,44393360590.0,50000000157.0
2014.0,BA,DEPUTADO FEDERAL,ANTONIO LAZARO SILVA,30942608534.0,IRMÃO LAZARO,PSC,04/11/1966,5466970507.0,50000000681.0
2014.0,BA,DEPUTADO FEDERAL,MÁRIO SÍLVIO MENDES NEGROMONTE JÚNIOR,31226540.0,MÁRIO NEGROMONTE JR,PP,31/08/1980,94836970531.0,50000000167.0
2014.0,BA,DEPUTADO FEDERAL,ELMAR JOSÉ VIEIRA NASCIMENTO,49465589500.0,ELMAR,DEM,06/07/1970,52447010540.0,50000000628.0
2014.0,BA,DEPUTADO FEDERAL,JOÃO GUALBERTO VASCONCELOS,88540405849.0,JOÃO GUALBERTO,PSDB,06/07/1958,41364410540.0,50000000642.0
2014.0,BA,DEPUTADO FEDERAL,DANIEL GOMES DE ALMEIDA,7894090549.0,DANIEL ALMEIDA,PC do B,21/01/1955,30538180515.0,50000000135.0
2014.0,BA,DEPUTADO FEDERAL,ROBERTO PEREIRA DE BRITTO,11257741500.0,ROBERTO BRITTO,PP,03/04/1951,29335590507.0,50000000168.0
2014.0,BA,DEPUTADO FEDERAL,LUIZ CARLOS CAETANO,7409419504.0,CAETANO,PT,23/09/1954,4217970574.0,50000000145.0
2014.0,BA,DEPUTADO FEDERAL,PAULO VELLOSO DANTAS AZI,28870646572.0,PAULO AZI,DEM,14/01/1963,24808710574.0,50000000637.0
2014.0,BA,DEPUTADO FEDERAL,FELIX DE ALMEIDA MENDONÇA JUNIOR,24263630530.0,FELIX JR,PDT,29/11/1963,35416430523.0,50000000123.0
2014.0,BA,DEPUTADO FEDERAL,JOSÉ CARLOS ALELUIA COSTA,1782037500.0,ALELUIA,DEM,09/12/1947,21604240507.0,50000000630.0
2014.0,BA,DEPUTADO FEDERAL,AFONSO BANDEIRA FLORENCE,17734150500.0,AFONSO FLORENCE,PT,15/10/1960,28825880582.0,50000000132.0
2014.0,BA,DEPUTADO FEDERAL,WALDENOR ALVES PEREIRA FILHO,10866655549.0,WALDENOR PEREIRA,PT,08/03/1954,25727550590.0,50000000150.0
2014.0,BA,DEPUTADO FEDERAL,JOSÉ NUNES SOARES,4653580553.0,JOSÉ NUNES,PSD,18/12/1950,10875730558.0,50000000154.0
2014.0,BA,DEPUTADO FEDERAL,CLAUDIO CAJADO SAMPAIO,29474485534.0,CLAUDIO CAJADO,DEM,01/12/1963,81300523.0,50000000626.0
2014.0,BA,DEPUTADO FEDERAL,ERIVELTON LIMA SANTANA,22989250549.0,ERIVELTON SANTANA,PSC,29/01/1965,38988150515.0,50000000683.0
2014.0,BA,DEPUTADO FEDERAL,SERGIO LUIS LACERDA BRITO,18635458591.0,SÉRGIO BRITO,PSD,08/06/1961,420200540.0,50000000174.0
2014.0,BA,DEPUTADO FEDERAL,JORGE JOSÉ SANTOS PEREIRA SOLLA,19530773587.0,JORGE SOLLA,PT,11/04/1961,28029290515.0,50000000141.0
2014.0,BA,DEPUTADO FEDERAL,JOSIAS GOMES DA SILVA,10452001404.0,JOSIAS GOMES,PT,14/10/1956,61281100574.0,50000000142.0
2014.0,CE,DEPUTADO FEDERAL,VITOR PEREIRA VALIM,61593052391.0,VITOR VALIM,PMDB,15/05/1978,45254620710.0,60000000580.0
2014.0,CE,DEPUTADO FEDERAL,ANTONIO BALHMANN CARDOSO NUNES FILHO,5993601353.0,BALMAN,PROS,22/08/1949,25591510779.0,60000000774.0
2014.0,CE,DEPUTADO FEDERAL,JOSE NOBRE GUIMARÃES,9324577387.0,JOSÉ GUIMARÃES,PT,10/02/1959,799920701.0,60000000793.0
2014.0,CE,DEPUTADO FEDERAL,JOSE ARNON CRUZ BEZERRA DE MENEZES,11575646315.0,ARNON BEZERRA,PTB,13/08/1951,10671310752.0,60000000790.0
2014.0,CE,DEPUTADO FEDERAL,RAIMUNDO GOMES DE MATOS,6163238320.0,RAIMUNDO MATOS,PSDB,30/03/1951,2925420779.0,60000000599.0
2014.0,CE,SENADOR,TASSO RIBEIRO JEREISSATI,1032852372.0,TASSO JEREISSATI,PSDB,15/12/1948,336020752.0,60000000605.0
2014.0,CE,DEPUTADO FEDERAL,ANDRE PEIXOTO FIGUEIREDO LIMA,25905503320.0,ANDRÉ FIGUEIREDO,PDT,10/11/1966,190730701.0,60000000773.0
2014.0,CE,DEPUTADO FEDERAL,FRANCISCO LOPES DA SILVA,2810905304.0,CHICO LOPES,PC do B,13/08/1939,2037570728.0,60000000785.0
2014.0,CE,DEPUTADO FEDERAL,GENECIAS MATEUS NORONHA,25630512315.0,GENECIAS NORONHA,SD,13/03/1963,29050030701.0,60000000786.0
2014.0,CE,DEPUTADO FEDERAL,LUIZ ODORICO MONTEIRO DE ANDRADE,19249330391.0,ODORICO,PT,11/08/1961,2457360795.0,60000000795.0
2014.0,CE,DEPUTADO FEDERAL,MOSES HAENDEL MELO RODRIGUES,47721740363.0,MOSES RODRIGUES,PPS,06/06/1978,46302800787.0,60000000271.0
2014.0,CE,DEPUTADO FEDERAL,DOMINGOS GOMES DE AGUIAR NETO,2827898390.0,DOMINGOS NETO,PROS,29/04/1988,65318750779.0,60000000779.0
2014.0,CE,DEPUTADO FEDERAL,LUIZIANNE DE OLIVEIRA LINS,38208563315.0,LUIZIANNE LINS,PT,18/11/1968,28515930752.0,60000000796.0
2014.0,CE,DEPUTADO FEDERAL,MARIA GORETE PEREIRA,8187452315.0,GORETE PEREIRA,PR,10/04/1952,172730710.0,60000000586.0
2014.0,CE,DEPUTADO FEDERAL,FLAVIO ALVES SABINO,39230104353.0,CABO SABINO,PR,16/02/1971,33658920779.0,60000000583.0
2014.0,CE,DEPUTADO FEDERAL,JOSE AIRTON FELIX CIRILO DA SILVA,9257357368.0,JOSÉ AIRTON,PT,21/02/1957,4755090701.0,60000000789.0
2014.0,CE,DEPUTADO FEDERAL,JOSE LEONIDAS DE MENEZES CRISTINO,12105961304.0,LEONIDAS CRISTINO,PROS,03/06/1957,19425360787.0,60000000791.0
2014.0,CE,DEPUTADO FEDERAL,FRANCISCO DANILO BASTOS FORTE,12133728368.0,DANILO FORTE,PMDB,01/09/1958,26728400701.0,60000000574.0
2014.0,CE,DEPUTADO FEDERAL,RONALDO MANCHADO MARTINS,63360403304.0,RONALDO MARTINS,PRB,21/01/1978,49027560752.0,60000000806.0
2014.0,CE,DEPUTADO FEDERAL,JOSE MARIA MACEDO JUNIOR,19705786453.0,MACEDO,PSL,28/05/1960,35510660787.0,60000000792.0
2014.0,CE,DEPUTADO FEDERAL,ANIBAL FERREIRA GOMES,4240952387.0,ANIBAL,PMDB,07/06/1953,11450000728.0,60000000571.0
2014.0,CE,DEPUTADO FEDERAL,JOSE ADAIL CARNEIRO SILVA,21048215334.0,ADAIL CARNEIRO,PHS,11/07/1963,4956560779.0,60000000788.0
2014.0,CE,DEPUTADO FEDERAL,MORONI BING TORGAN,33396671015.0,MORONI,DEM,10/06/1956,1405310744.0,60000000246.0
2014.0,DF,DEPUTADO FEDERAL,ROGERIO SCHUMANN ROSSO,50567780104.0,ROGÉRIO ROSSO,PSD,30/08/1968,8207582054.0,70000000461.0
2014.0,DF,DEPUTADO FEDERAL,ÉRIKA JUCÁ KOKAY,22441107100.0,ÉRIKA KOKAY,PT,15/08/1957,1086432003.0,70000000841.0
2014.0,DF,DEPUTADO FEDERAL,LAERTE RODRIGUES DE BESSA,9511172115.0,LAERTE BESSA,PR,01/05/1954,11375292097.0,70000000661.0
2014.0,DF,DEPUTADO FEDERAL,JOÃO ALBERTO FRAGA SILVA,11939141168.0,FRAGA,DEM,02/06/1956,7235102003.0,70000000676.0
2014.0,DF,DEPUTADO FEDERAL,IZALCI LUCAS FERREIRA,6801480197.0,IZALCI,PSDB,07/04/1956,6274332011.0,70000001075.0
2014.0,DF,DEPUTADO FEDERAL,RÔNEY TÂNIOS NEMER,31763111172.0,RÔNEY NEMER,PMDB,08/02/1963,6680802011.0,70000000891.0
2014.0,DF,DEPUTADO FEDERAL,AUGUSTO SILVEIRA DE CARVALHO,6796478134.0,AUGUSTO CARVALHO,SD,27/07/1953,533372089.0,70000000441.0
2014.0,DF,DEPUTADO FEDERAL,RONALDO FONSECA DE SOUZA,7732454804.0,RONALDO FONSECA,PROS,04/04/1959,15403912020.0,70000000834.0
2014.0,DF,SENADOR,JOSÉ ANTONIO MACHADO REGUFFE,78229766134.0,REGUFFE,PDT,05/09/1972,9679802046.0,70000000436.0
2014.0,ES,DEPUTADO FEDERAL,HELDER IGNACIO SALOMAO,76808742715.0,HELDER SALOMAO,PT,08/03/1964,8426541465.0,80000000400.0
2014.0,ES,SENADOR,ROSILDA DE FREITAS,37967517768.0,ROSE DE FREITAS,PMDB,23/01/1949,242451449.0,80000000426.0
2014.0,ES,DEPUTADO FEDERAL,EVAIR VIEIRA DE MELO,2261265794.0,EVAIR DE MELO,PV,02/04/1972,13704751430.0,80000000169.0
2014.0,ES,DEPUTADO FEDERAL,MARCUS ANTÔNIO VICENTE,31693113791.0,MARCUS VICENTE,PP,28/04/1954,4088051406.0,80000000167.0
2014.0,ES,DEPUTADO FEDERAL,PAULO ROBERTO FOLETTO,47909463715.0,FOLETTO,PSB,30/04/1956,2759111406.0,80000000357.0
2014.0,ES,DEPUTADO FEDERAL,MAX FREITAS MAURO FILHO,98941917700.0,MAX FILHO,PSDB,24/06/1968,8930141473.0,80000000481.0
2014.0,ES,DEPUTADO FEDERAL,ANTONIO SERGIO ALVES VIDIGAL,52549810759.0,SERGIO VIDIGAL,PDT,08/05/1957,72571457.0,80000000387.0
2014.0,ES,DEPUTADO FEDERAL,JORGE SILVA,36406341791.0,DR. JORGE SILVA,PROS,03/06/1952,5014301414.0,80000000477.0
2014.0,ES,DEPUTADO FEDERAL,GIVALDO VIEIRA DA SILVA,98767232787.0,GIVALDO,PT,28/10/1969,11909621457.0,80000000399.0
2014.0,ES,DEPUTADO FEDERAL,CARLOS HUMBERTO MANNATO,57480788720.0,MANATO,SD,07/08/1957,922121490.0,80000000473.0
2014.0,ES,DEPUTADO FEDERAL,WELINGTON COIMBRA,34318100715.0,LELO COIMBRA,PMDB,21/06/1954,1321801430.0,80000000461.0
2014.0,GO,DEPUTADO FEDERAL,LUCAS DE CASTRO SANTOS,1745455175.0,LUCAS VERGÍLIO,SD,08/04/1987,52614011082.0,90000000623.0
2014.0,GO,DEPUTADO FEDERAL,GIUSEPPE VECCI,18692141100.0,GIUSEPPE VECCI,PSDB,14/01/1957,756131007.0,90000000735.0
2014.0,GO,DEPUTADO FEDERAL,WALDIR SOARES DE OLIVEIRA,46228357972.0,DELEGADO WALDIR,PSDB,28/11/1962,31562360612.0,90000000739.0
2014.0,GO,DEPUTADO FEDERAL,FLAVIA CARREIRO ALBUQUERQUE MORAIS,54779537134.0,FLAVIA MORAIS,PDT,26/04/1969,21883511031.0,90000000719.0
2014.0,GO,DEPUTADO FEDERAL,HEULER ABREU CRUVINEL,71059733153.0,HEULER CRUVINEL,PSD,06/02/1978,33106991015.0,90000000723.0
2014.0,GO,DEPUTADO FEDERAL,MAGDA MOFATTO HON,13205285115.0,MAGDA MOFATTO,PR,26/10/1948,3797321058.0,90000000712.0
2014.0,GO,DEPUTADO FEDERAL,PEDRO PINHEIRO CHAVES,16692454115.0,PEDRO CHAVES,PMDB,28/08/1958,19363051023.0,90000000611.0
2014.0,GO,DEPUTADO FEDERAL,DANIEL ELIAS CARVALHO VILELA,98166638134.0,DANIEL VILELA,PMDB,23/10/1983,46781931058.0,90000000615.0
2014.0,GO,DEPUTADO FEDERAL,THIAGO MELLO PEIXOTO DA SILVEIRA,63353385134.0,THIAGO PEIXOTO,PSD,22/07/1974,29524841090.0,90000000726.0
2014.0,GO,DEPUTADO FEDERAL,MARCOS ABRAO RORIZ SOARES DE CARVALHO,52036790100.0,MARCOS ABRÃO,PPS,15/02/1971,26402821031.0,90000000711.0
2014.0,GO,DEPUTADO FEDERAL,CÉLIO ANTÔNIO DA SILVEIRA,24453706120.0,CÉLIO SILVEIRA,PSDB,19/09/1959,35729841082.0,90000000743.0
2014.0,GO,DEPUTADO FEDERAL,JOVAIR OLIVEIRA ARANTES,4035976172.0,JOVAIR ARANTES,PTB,04/06/1951,536601015.0,90000000715.0
2014.0,GO,DEPUTADO FEDERAL,RUBENS OTONI GOMIDE,13334727149.0,RUBENS OTONI,PT,06/02/1956,2938891082.0,90000000324.0
2014.0,GO,DEPUTADO FEDERAL,FÁBIO FERNANDES DE SOUSA,98156012100.0,FÁBIO SOUSA,PSDB,11/09/1982,41725991090.0,90000000740.0
2014.0,GO,DEPUTADO FEDERAL,ALEXANDRE BALDY DE SANT'ANNA BRAGA,87342235172.0,ALEXANDRE BALDY,PSDB,21/07/1980,38336711058.0,90000000744.0
2014.0,GO,SENADOR,RONALDO RAMOS CAIADO,26472058768.0,RONALDO CAIADO,DEM,25/09/1949,3087571031.0,90000000605.0
2014.0,GO,DEPUTADO FEDERAL,JOAO CAMPOS DE ARAUJO,24254401191.0,JOAO CAMPOS,PSDB,28/12/1962,13007031031.0,90000000720.0
2014.0,GO,DEPUTADO FEDERAL,ROBERTO EGIDIO BALESTRA,1611500125.0,ROBERTO BALESTRA,PP,24/05/1944,4819871007.0,90000000718.0
2014.0,MA,DEPUTADO FEDERAL,JOSÉ REINALDO CARNEIRO TAVARES,138754349.0,ZÉ REINALDO,PSB,19/03/1939,438211198.0,100000000613.0
2014.0,MA,DEPUTADO FEDERAL,JOSÉ SARNEY FILHO,14737418315.0,SARNEY FILHO,PV,14/06/1957,471181163.0,100000000591.0
2014.0,MA,DEPUTADO FEDERAL,CLEBER VERDE CORDEIRO MENDES,48357600344.0,CLEBER VERDE,PRB,10/05/1972,21413081180.0,100000000571.0
2014.0,MA,DEPUTADO FEDERAL,PEDRO FERNANDES RIBEIRO,6235760310.0,PEDRO FERNANDES,PTB,02/03/1949,294681139.0,100000000581.0
2014.0,MA,DEPUTADO FEDERAL,RUBENS PEREIRA E SILVA JUNIOR,441514383.0,RUBENS PEREIRA JÚNIOR,PC do B,16/03/1984,45865301120.0,100000000627.0
2014.0,MA,DEPUTADO FEDERAL,JOSE  CARLOS NUNES JUNIOR,10009728368.0,ZÉ CARLOS,PT,26/05/1955,3677321104.0,100000000215.0
2014.0,MA,DEPUTADO FEDERAL,CARLOS VICTOR GUTERRES MENDES,80897460391.0,VICTOR MENDES,PV,22/08/1979,31349391104.0,100000000590.0
2014.0,MA,DEPUTADO FEDERAL,JOSE JUSCELINO DOS SANTOS REZENDE FILHO,85290211349.0,JUSCELINO FILHO,PRP,06/11/1984,48342911120.0,100000000505.0
2014.0,MA,DEPUTADO FEDERAL,JOÃO MARCELO SANTOS SOUZA,61956384120.0,JOÃO MARCELO,PMDB,11/11/1973,10215832020.0,100000000564.0
2014.0,MA,DEPUTADO FEDERAL,ANTONIO DA CRUZ FILGUEIRA JUNIOR,35491744387.0,JUNIOR MARRECA,PEN,02/03/1970,18532071112.0,100000000100.0
2014.0,MA,DEPUTADO FEDERAL,JOÃO CASTELO RIBEIRO GONÇALVES,35530278.0,JOÃO CASTELO,PSDB,19/10/1937,2265171163.0,100000000615.0
2014.0,MA,DEPUTADO FEDERAL,WALDIR MARANHÃO CARDOSO,6482902391.0,WALDIR MARANHÃO,PP,04/08/1955,647391104.0,100000000628.0
2014.0,MA,DEPUTADO FEDERAL,ALUISIO GUIMARÃES MENDES FILHO,66746485749.0,ALUISIO MENDES,PSDC,11/11/1961,44099201171.0,100000000510.0
2014.0,MA,SENADOR,ROBERTO COELHO ROCHA,25056956368.0,ROBERTO ROCHA,PSB,04/08/1965,36827501198.0,100000000016.0
2014.0,MA,DEPUTADO FEDERAL,WEVERTON ROCHA MARQUES DE SOUSA,62929399368.0,WEVERTON ROCHA,PDT,08/10/1979,33785831104.0,100000000262.0
2014.0,MA,DEPUTADO FEDERAL,ANDRÉ LUIS CARVALHO RIBEIRO,3950788301.0,ANDRE FUFUCA,PEN,27/08/1989,62036911120.0,100000000080.0
2014.0,MA,DEPUTADO FEDERAL,HILDO AUGUSTO DA ROCHA NETO,17571243300.0,HILDO ROCHA,PMDB,22/04/1960,4908721147.0,100000000562.0
2014.0,MA,DEPUTADO FEDERAL,JULIÃO AMIN CASTRO,1238949304.0,JULIAO AMIN,PDT,01/10/1946,1161231171.0,100000000253.0
2014.0,MA,DEPUTADO FEDERAL,ELIZIANE PEREIRA GAMA FERREIRA,75242788372.0,ELIZIANE GAMA,PPS,27/02/1977,31142001112.0,100000000603.0
2014.0,MG,DEPUTADO FEDERAL,MARIA DO SOCORRO JÔ MORAES,51243946687.0,JÔ MORAES,PC do B,09/08/1946,15503350264.0,130000000882.0
2014.0,MG,DEPUTADO FEDERAL,DIEGO LEONARDO DE ANDRADE CARVALHO,99316552672.0,DIEGO ANDRADE,PSD,08/08/1977,122752870221.0,130000000716.0
2014.0,MG,DEPUTADO FEDERAL,PATRUS ANANIAS DE SOUSA,17486440687.0,PATRUS ANANIAS,PT,26/01/1952,40883020272.0,130000000890.0
2014.0,MG,DEPUTADO FEDERAL,MARCELO HENRIQUE TEIXEIRA DIAS,649039661.0,MARCELO ALVARO ANTONIO,PRP,16/02/1974,100270790248.0,130000001127.0
2014.0,MG,DEPUTADO FEDERAL,MISAEL ARTUR FERREIRA VARELLA,28492803649.0,MISAEL VARELLA,DEM,27/11/1959,40560980281.0,130000000707.0
2014.0,MG,DEPUTADO FEDERAL,MARIA MARGARIDA MARTINS SALOMÃO,13521039668.0,MARGARIDA SALOMÃO,PT,10/06/1950,46162330205.0,130000000883.0
2014.0,MG,DEPUTADO FEDERAL,DÂMINA DE CARVALHO PEREIRA,85490750600.0,DÂMINA PEREIRA,PMN,02/12/1952,3722940256.0,130000002008.0
2014.0,MG,DEPUTADO FEDERAL,MAURO RIBEIRO LOPES,10901906620.0,MAURO LOPES,PMDB,24/05/1936,49094330256.0,130000000884.0
2014.0,MG,DEPUTADO FEDERAL,FABIO AUGUSTO RAMALHO DOS SANTOS,54471788604.0,FABINHO RAMALHO,PV,22/12/1961,59299900281.0,130000000359.0
2014.0,MG,DEPUTADO FEDERAL,ODAIR JOSE DA CUNHA,94892393649.0,ODAIR CUNHA,PT,18/06/1976,105627590230.0,130000000889.0
2014.0,MG,DEPUTADO FEDERAL,DOMINGOS SAVIO CAMPOS RESENDE,22275150668.0,DOMINGOS SÁVIO,PSDB,25/03/1957,13310390299.0,130000000650.0
2014.0,MG,DEPUTADO FEDERAL,PAULO ABI-ACKEL,30825628172.0,PAULO ABI-ACKEL,PSDB,21/06/1963,25341960213.0,130000000662.0
2014.0,MG,DEPUTADO FEDERAL,MARIO LUCIO HERINGER,28539249634.0,MARIO HERINGER,PDT,30/09/1954,75733500213.0,130000000398.0
2014.0,MG,DEPUTADO FEDERAL,SÉRGIO LUCIO DE ALMEIDA,46230165600.0,TENENTE LÚCIO,PSB,21/03/1960,26174550230.0,130000001170.0
2014.0,MG,DEPUTADO FEDERAL,RODRIGO BATISTA DE CASTRO,83035605653.0,RODRIGO DE CASTRO,PSDB,15/07/1971,97361540221.0,130000000661.0
2014.0,MG,DEPUTADO FEDERAL,JOSÉ SARAIVA FELIPE,27018938600.0,SARAIVA FELIPE,PMDB,26/03/1952,19845440281.0,130000000870.0
2014.0,MG,DEPUTADO FEDERAL,BRUNIELE FERREIRA DA SILVA,10931760674.0,BRUNNY,PTC,21/08/1989,186353100230.0,130000001458.0
2014.0,MG,DEPUTADO FEDERAL,CARLOS DO CARMO ANDRADE MELLES,15868982649.0,CARLOS MELLES,DEM,11/03/1947,13980070264.0,130000000691.0
2014.0,MG,DEPUTADO FEDERAL,JOSÉ SILVA SOARES,43422780653.0,ZÉ SILVA,SD,11/05/1963,32584450281.0,130000000680.0
2014.0,MG,DEPUTADO FEDERAL,WELITON FERNANDES PRADO,84719850634.0,WELITON PRADO,PT,24/08/1975,107212460230.0,130000000907.0
2014.0,MG,DEPUTADO FEDERAL,RENZO DO AMARAL BRAZ,4524796657.0,RENZO BRAZ,PP,11/04/1980,122683520281.0,130000000727.0
2014.0,MG,DEPUTADO FEDERAL,AELTON JOSÉ DE FREITAS,36179140634.0,AELTON FREITAS,PR,15/12/1961,17335670213.0,130000000672.0
2014.0,MG,DEPUTADO FEDERAL,OLAVO BILAC PINTO NETO,45561699687.0,BILAC PINTO,PR,08/06/1963,12706370205.0,130000000687.0
2014.0,MG,DEPUTADO FEDERAL,EDSON MOREIRA DA SILVA,22063625115.0,DELEGADO EDSON MOREIRA,PTN,16/04/1959,109804380248.0,130000000439.0
2014.0,MG,DEPUTADO FEDERAL,REGINALDO LÁZARO DE OLIVEIRA LOPES,90330862634.0,REGINALDO LOPES,PT,02/04/1973,94886720256.0,130000000894.0
2014.0,MG,DEPUTADO FEDERAL,MARCUS VINICIUS CAETANO PESTANA DA SILVA,38194350697.0,MARCUS PESTANA,PSDB,13/06/1960,48548750281.0,130000000703.0
2014.0,MG,DEPUTADO FEDERAL,MARCELO GUILHERME DE ARO FERREIRA,6305588686.0,MARCELO ARO,PHS,12/06/1987,166172340213.0,130000001143.0
2014.0,MG,DEPUTADO FEDERAL,MIGUEL CORREA DA SILVA JUNIOR,3053788640.0,MIGUEL CORREA,PT,11/06/1978,137725250264.0,130000000885.0
2014.0,MG,DEPUTADO FEDERAL,JOÃO CARLOS SIQUEIRA,72425610600.0,PADRE JOÃO,PT,28/02/1967,132720150299.0,130000000871.0
2014.0,MG,DEPUTADO FEDERAL,LUIZ GONZAGA RIBEIRO,41864883634.0,SUB-TENENTE GONZAGA,PDT,31/05/1962,34265270299.0,130000000396.0
2014.0,MG,DEPUTADO FEDERAL,ANTÔNIO PINHEIRO JÚNIOR,37031074649.0,TONINHO PINHEIRO,PP,23/04/1960,35175590213.0,130000000665.0
2014.0,MG,DEPUTADO FEDERAL,EDUARDO LUIZ BARROS BARBOSA,27582400682.0,EDUARDO BARBOSA,PSDB,25/08/1958,48712990205.0,130000000696.0
2014.0,MG,DEPUTADO FEDERAL,JOSE LEONARDO COSTA MONTEIRO,20811845672.0,LEONARDO MONTEIRO,PT,09/10/1951,78354080213.0,130000000865.0
2014.0,MG,DEPUTADO FEDERAL,ODELMO LEÃO CARNEIRO SOBRINHO,8033358653.0,ODELMO LEÃO,PP,26/05/1946,10148080264.0,130000000667.0
2014.0,MG,DEPUTADO FEDERAL,DIMAS FABIANO TOLEDO JÚNIOR,3694339639.0,DIMAS FABIANO,PP,23/05/1973,124367560299.0,130000000663.0
2014.0,MG,DEPUTADO FEDERAL,CAIO NARCIO RODRIGUES DA SILVEIRA,1338190601.0,CAIO NARCIO,PSDB,21/08/1986,178368110230.0,130000000692.0
2014.0,MG,SENADOR,ANTONIO AUGUSTO JUNHO ANASTASIA,47555882604.0,ANTONIO ANASTASIA,PSDB,09/05/1961,40087170248.0,130000001777.0
2014.0,MG,DEPUTADO FEDERAL,NEWTON CARDOSO JÚNIOR,1266637699.0,NEWTON CARDOSO JR,PMDB,11/11/1979,126980070213.0,130000000886.0
2014.0,MG,DEPUTADO FEDERAL,LUIZ FERNANDO RAMOS FARIA,30736250620.0,LUIZ FERNANDO,PP,12/09/1957,31551080248.0,130000000666.0
2014.0,MG,DEPUTADO FEDERAL,GEORGE HILTON DOS SANTOS CECILIO,49106902553.0,GEORGE HILTON,PRB,11/06/1971,114898600205.0,130000000857.0
2014.0,MG,DEPUTADO FEDERAL,LEONARDO LEMOS BARROS QUINTÃO,79043607649.0,LEONARDO QUINTÃO,PMDB,01/04/1975,114093990272.0,130000000874.0
2014.0,MG,DEPUTADO FEDERAL,TANIA RAQUEL DE QUEIROZ MUNIZ,48557714653.0,RAQUEL MUNIZ,PSC,24/07/1963,66240400299.0,130000001329.0
2014.0,MG,DEPUTADO FEDERAL,STEFANO AGUIAR DOS SANTOS,1608657.0,STEFANO AGUIAR,PSB,03/03/1976,116361450205.0,130000001189.0
2014.0,MG,DEPUTADO FEDERAL,LUIS HENRIQUE DE OLIVEIRA RESENDE,81460910672.0,LUIS TIBE,PT do B,23/07/1971,92637750221.0,130000001091.0
2014.0,MG,DEPUTADO FEDERAL,MARCOS MONTES CORDEIRO,19152922634.0,MARCOS MONTES,PSD,03/08/1949,9184250221.0,130000000669.0
2014.0,MG,DEPUTADO FEDERAL,EROS FERREIRA BIONDINI,84470666653.0,EROS BIONDINI,PTB,20/05/1971,92655940272.0,130000000120.0
2014.0,MG,DEPUTADO FEDERAL,LINCOLN DINIZ PORTELA,10254730191.0,LINCOLN PORTELA,PR,03/11/1953,21160760272.0,130000000683.0
2014.0,MG,DEPUTADO FEDERAL,JAIME MARTINS FILHO,17614899687.0,JAIMINHO MARTINS,PSD,17/06/1953,28310300264.0,130000000718.0
2014.0,MG,DEPUTADO FEDERAL,RODRIGO OTAVIO SOARES PACHECO,445689676.0,RODRIGO PACHECO,PMDB,03/11/1976,114662440248.0,130000000896.0
2014.0,MG,DEPUTADO FEDERAL,LAUDIVIO ALVARENGA CARVALHO,40480470600.0,LAUDÍVIO CARVALHO,PMDB,16/07/1962,22436750281.0,130000000872.0
2014.0,MG,DEPUTADO FEDERAL,JULIO CESAR DELGADO,81993358668.0,JULIO DELGADO,PSB,18/11/1966,45237680299.0,130000001175.0
2014.0,MG,DEPUTADO FEDERAL,BONIFÁCIO JOSÉ TAMM DE ANDRADA,352748672.0,BONIFÁCIO ANDRADA,PSDB,14/05/1930,64098450213.0,130000000651.0
2014.0,MG,DEPUTADO FEDERAL,GABRIEL GUIMARÃES DE ANDRADE,6313474619.0,GABRIEL GUIMARÃES,PT,06/06/1983,145469490221.0,130000000856.0
2014.0,MG,DEPUTADO FEDERAL,FRANKLIN ROBERTO DE LIMA SOUZA,74301225404.0,PASTOR FRANKLIN LIMA,PT do B,04/04/1973,48175580876.0,130000001077.0
2014.0,MS,DEPUTADO FEDERAL,CARLOS EDUARDO XAVIER MARUN,40858545004.0,MARUN,PMDB,21/11/1960,6717871902.0,120000000116.0
2014.0,MS,DEPUTADO FEDERAL,DAGOBERTO NOGUEIRA FILHO,263382893.0,DAGOBERTO NOGUEIRA,PDT,21/07/1955,3045511902.0,120000000508.0
2014.0,MS,DEPUTADO FEDERAL,VANDER LUIZ DOS SANTOS LOUBET,32247753191.0,VANDER LOUBET,PT,22/01/1964,7749031910.0,120000000497.0
2014.0,MS,DEPUTADO FEDERAL,GERALDO RESENDE PEREIRA,12896918191.0,GERALDO RESENDE,PMDB,20/04/1955,1886791970.0,120000000111.0
2014.0,MS,DEPUTADO FEDERAL,JOSÉ ORCÍRIO MIRANDA DOS SANTOS,4064992172.0,ZECA DO PT,PT,24/05/1950,6589331929.0,120000000500.0
2014.0,MS,DEPUTADO FEDERAL,MARCIO CAMPOS MONTEIRO,99234440820.0,MARCIO MONTEIRO,PSDB,21/11/1956,2084081929.0,120000000021.0
2014.0,MS,DEPUTADO FEDERAL,LUIZ HENRIQUE MANDETTA,51942143168.0,MANDETTA,DEM,30/11/1964,3225911970.0,120000000072.0
2014.0,MS,SENADOR,SIMONE NASSAR TEBET,1099561760.0,SIMONE TEBET,PMDB,22/02/1970,8434731953.0,120000000278.0
2014.0,MS,DEPUTADO FEDERAL,TEREZA CRISTINA CORREA DA COSTA DIAS,20969430604.0,TEREZA CRISTINA,PSB,06/07/1954,15564321902.0,120000000115.0
2014.0,MT,DEPUTADO FEDERAL,FABIO PAULINO GARCIA,65165870197.0,FABIO GARCIA,PSB,29/06/1977,17459481864.0,110000000401.0
2014.0,MT,DEPUTADO FEDERAL,ADILTON DOMINGOS SACHETTI,45360707968.0,ADILTON SACHETTI,PSB,05/02/1956,5701751899.0,110000000541.0
2014.0,MT,DEPUTADO FEDERAL,VALTENIR LUIZ PEREIRA,34358099149.0,VALTENIR PEREIRA,PROS,24/11/1971,14271051821.0,110000000315.0
2014.0,MT,DEPUTADO FEDERAL,EZEQUIEL ANGELO FONSECA,4707960812.0,EZEQUIEL FONSECA,PP,28/10/1963,5337051848.0,110000000438.0
2014.0,MT,DEPUTADO FEDERAL,VICTÓRIO GALLI FILHO,25755773149.0,PROFESSOR VICTÓRIO GALLI,PSC,30/04/1961,7231291864.0,110000000023.0
2014.0,MT,SENADOR,WELLINGTON ANTONIO FAGUNDES,23019093104.0,WELLINGTON FAGUNDES,PR,31/05/1957,2528351856.0,110000000293.0
2014.0,MT,DEPUTADO FEDERAL,NILSON APARECIDO LEITÃO,34577521172.0,NILSON LEITÃO,PSDB,25/02/1969,10721141821.0,110000000017.0
2014.0,MT,DEPUTADO FEDERAL,SÁGUAS MORAES SOUSA,28638115172.0,SÁGUAS MORAES,PT,11/04/1963,1213031821.0,110000000297.0
2014.0,MT,DEPUTADO FEDERAL,CARLOS GOMES BEZERRA,834939134.0,CARLOS BEZERRA,PMDB,04/11/1941,5594801848.0,110000000304.0
2014.0,PA,DEPUTADO FEDERAL,JOSE ROBERTO OLIVEIRA FARO,40070565287.0,BETO FARO,PT,20/06/1969,17800311350.0,140000000436.0
2014.0,PA,SENADOR,PAULO ROBERTO GALVAO DA ROCHA,2366010249.0,PAULO ROCHA,PT,01/04/1951,11040781350.0,140000000650.0
2014.0,PA,DEPUTADO FEDERAL,EDMILSON BRITO RODRIGUES,9006826200.0,EDMILSON RODRIGUES,PSOL,26/05/1957,12338091350.0,140000000097.0
2014.0,PA,DEPUTADO FEDERAL,JOSUÉ BENGTSON,9673504768.0,JOSUÉ BENGTSON,PTB,27/05/1944,10674971376.0,140000000945.0
2014.0,PA,DEPUTADO FEDERAL,ÉDER MAURO CARDOSO BARRA,13405551234.0,DELEGADO EDER MAURO,PSD,14/12/1960,10230281392.0,140000000944.0
2014.0,PA,DEPUTADO FEDERAL,SIMONE MARIA MORGADO FERREIRA,22336680220.0,SIMONE MORGADO,PMDB,06/04/1967,4036801384.0,140000000457.0
2014.0,PA,DEPUTADO FEDERAL,JULIA MARIA GODINHO DA CRUZ MARINHO,10799397253.0,JULIA MARINHO,PSC,11/04/1960,8349811392.0,140000001051.0
2014.0,PA,DEPUTADO FEDERAL,ELCIONE THEREZINHA ZAHLUTH BARBALHO,605387249.0,ELCIONE,PMDB,05/10/1944,12440651350.0,140000000455.0
2014.0,PA,DEPUTADO FEDERAL,JOAQUIM PASSARINHO PINTO DE SOUZA PORTO,13606328249.0,JOAQUIM PASSARINHO,PSD,02/12/1961,35971317.0,140000000942.0
2014.0,PA,DEPUTADO FEDERAL,NILSON PINTO DE OLIVEIRA,2875900200.0,NILSON PINTO,PSDB,25/03/1952,11590901341.0,140000000923.0
2014.0,PA,DEPUTADO FEDERAL,JOSÉ BENITO PRIANTE JUNIOR,17293618204.0,PRIANTE,PMDB,02/12/1963,1206161384.0,140000000456.0
2014.0,PA,DEPUTADO FEDERAL,ARNALDO JORDY FIGUEIREDO,21062862287.0,JORDY,PPS,30/11/1958,1047881341.0,140000000934.0
2014.0,PA,DEPUTADO FEDERAL,JOSE GERALDO TORRES DA SILVA,17188326215.0,ZÉ GERALDO,PT,21/12/1961,5767281384.0,140000000435.0
2014.0,PA,DEPUTADO FEDERAL,HELIO LEITE DA SILVA,8575878204.0,HÉLIO LEITE,DEM,09/12/1957,1747411309.0,140000000751.0
2014.0,PA,DEPUTADO FEDERAL,LUCIO DUTRA VALE,32205252291.0,LUCIO VALE,PR,27/12/1972,22853511309.0,140000000759.0
2014.0,PA,DEPUTADO FEDERAL,WLADIMIR AFONSO DA COSTA RABELO,13761900287.0,WLAD,SD,16/01/1964,10830731317.0,140000000015.0
2014.0,PA,DEPUTADO FEDERAL,FRANCISCO ALVES DE AGUIAR,8073961334.0,CHAPADINHA,PSD,24/08/1956,6136501384.0,140000000941.0
2014.0,PA,DEPUTADO FEDERAL,ROBERTO SALAME FILHO,41108647200.0,BETO SALAME,PROS,12/02/1974,25245561325.0,140000000795.0
2014.0,PB,DEPUTADO FEDERAL,MANOEL ALVES DA SILVA JUNIOR,40902650459.0,MANOEL JUNIOR,PMDB,21/02/1964,9084031279.0,150000000175.0
2014.0,PB,DEPUTADO FEDERAL,HUGO MOTTA WANDERLEY DA NOBREGA,4796249419.0,HUGO,PMDB,11/09/1989,38391971201.0,150000000173.0
2014.0,PB,DEPUTADO FEDERAL,EFRAIM DE ARAÚJO MORAIS FILHO,770338410.0,EFRAIM FILHO,DEM,18/03/1979,24422511279.0,150000000207.0
2014.0,PB,DEPUTADO FEDERAL,JOSÉ WELLINGTON ROBERTO,26254166453.0,WELLINGTON ROBERTO,PR,19/05/1959,3543081201.0,150000000492.0
2014.0,PB,DEPUTADO FEDERAL,VENEZIANO VITAL DO RÊGO SEGUNDO NETO,71346376468.0,VENEZIANO,PMDB,17/07/1970,16146621201.0,150000000178.0
2014.0,PB,DEPUTADO FEDERAL,LUIZ ALBUQUERQUE COUTO,2043033468.0,LUIZ COUTO,PT,13/02/1945,382951279.0,150000000199.0
2014.0,PB,SENADOR,JOSÉ TARGINO MARANHÃO,471739472.0,JOSE MARANHÃO,PMDB,06/09/1933,4595091228.0,150000000158.0
2014.0,PB,DEPUTADO FEDERAL,DAMIÃO FELICIANO DA SILVA,13932772415.0,DR. DAMIÃO,PDT,28/04/1952,3991541279.0,150000000194.0
2014.0,PB,DEPUTADO FEDERAL,JOSE WILSON SANTIAGO FILHO,2147279129.0,WILSON FILHO,PTB,10/08/1989,38218491260.0,150000000506.0
2014.0,PB,DEPUTADO FEDERAL,RÔMULO JOSÉ DE GOUVEIA,42787262449.0,RÔMULO GOUVEIA,PSD,19/03/1965,3620941287.0,150000000497.0
2014.0,PB,DEPUTADO FEDERAL,BENJAMIN GOMES MARANHÃO NETO,80517587491.0,BENJAMIN MARANHÃO,SD,30/11/1971,17572111287.0,150000000476.0
2014.0,PB,DEPUTADO FEDERAL,PEDRO OLIVEIRA CUNHA LIMA,8430005463.0,PEDRO CUNHA LIMA,PSDB,15/08/1988,36857531201.0,150000000507.0
2014.0,PB,DEPUTADO FEDERAL,AGUINALDO VELLOSO BORGES RIBEIRO,51921146400.0,AGUINALDO RIBEIRO,PP,13/02/1969,18876311252.0,150000000473.0
2014.0,PE,DEPUTADO FEDERAL,SEBASTIAO IGNACIO DE OLIVEIRA JUNIOR,73387789491.0,SEBASTIAO OLIVEIRA,PR,31/08/1968,31519430817.0,170000000061.0
2014.0,PE,DEPUTADO FEDERAL,ADALBERTO CAVALCANTI RODRIGUES,12534773453.0,ADALBERTO CAVALCANTI,PTB,10/02/1958,28138920892.0,170000000679.0
2014.0,PE,DEPUTADO FEDERAL,SILVIO SERAFIM COSTA,10481389415.0,SILVIO COSTA,PSC,23/12/1956,5354120892.0,170000000628.0
2014.0,PE,DEPUTADO FEDERAL,ANDRE CARLOS ALVES DE PAULA FILHO,34148485468.0,ANDRE DE PAULA,PSD,22/07/1961,146970884.0,170000000029.0
2014.0,PE,DEPUTADO FEDERAL,FELIPE AUGUSTO LYRA CARRERAS,86488023420.0,FELIPE CARRERAS,PSB,16/04/1975,47108780892.0,170000000047.0
2014.0,PE,DEPUTADO FEDERAL,MARINALDO ROSENDO DE ALBUQUERQUE,40806022434.0,MARINALDO ROSENDO,PSB,01/11/1965,13327860809.0,170000000038.0
2014.0,PE,SENADOR,FERNANDO BEZERRA DE SOUZA COELHO,1077887809.0,FERNANDO BEZERRA COELHO,PSB,07/12/1957,22373390809.0,170000000026.0
2014.0,PE,DEPUTADO FEDERAL,JOAO FERNANDO PONTUAL COUTINHO,3057911412.0,JOAO FERNANDO COUTINHO,PSB,22/08/1979,50720760876.0,170000000035.0
2014.0,PE,DEPUTADO FEDERAL,WOLNEY QUEIROZ MACIEL,74989910478.0,WOLNEY QUEIROZ,PDT,12/12/1972,37327330809.0,170000000616.0
2014.0,PE,DEPUTADO FEDERAL,JOSE CAVALCANTI ALVES JUNIOR,49687344415.0,ZECA CAVALCANTI,PTB,21/07/1966,17626900809.0,170000000643.0
2014.0,PE,DEPUTADO FEDERAL,BRUNO CAVALCANTI DE ARAÚJO,73467260497.0,BRUNO ARAÚJO,PSDB,15/03/1972,36258420833.0,170000000043.0
2014.0,PE,DEPUTADO FEDERAL,DANILO JORGE DE BARROS CABRAL,50903691434.0,DANILO CABRAL,PSB,21/04/1967,12609420809.0,170000000031.0
2014.0,PE,DEPUTADO FEDERAL,LUCIANA BARBOSA DE OLIVEIRA SANTOS,80919979491.0,LUCIANA SANTOS,PC do B,29/12/1965,5165120817.0,170000000052.0
2014.0,PE,DEPUTADO FEDERAL,FRANCISCO TADEU BARBOSA DE ALENCAR,35284420420.0,TADEU ALENCAR,PSB,08/04/1963,2886390817.0,170000000032.0
2014.0,PE,DEPUTADO FEDERAL,DANIEL PIRES COELHO,2513878442.0,DANIEL COELHO,PSDB,04/11/1978,51874270809.0,170000000057.0
2014.0,PE,DEPUTADO FEDERAL,HEBERTE LAMARCK GOMES DA SILVA,2008488446.0,BETINHO,PSDB,27/04/1975,41945640868.0,170000000034.0
2014.0,PE,DEPUTADO FEDERAL,KAIO CÉSAR DE MOURA MANIÇOBA NOVAES FERRAZ,5017868488.0,KAIO MANIÇOBA,PHS,14/11/1983,60473200876.0,170000000531.0
2014.0,PE,DEPUTADO FEDERAL,JARBAS DE ANDRADE VASCONCELOS,105457434.0,JARBAS,PMDB,23/08/1942,3358090876.0,170000000051.0
2014.0,PE,DEPUTADO FEDERAL,FERNANDO BEZERRA DE SOUZA COELHO FILHO,4921093466.0,FERNANDO FILHO,PSB,28/02/1984,56796460833.0,170000000068.0
2014.0,PE,DEPUTADO FEDERAL,LUIZ GONZAGA PATRIOTA,1960970453.0,GONZAGA PATRIOTA,PSB,26/04/1946,22412340841.0,170000000071.0
2014.0,PE,DEPUTADO FEDERAL,ANDERSON FERREIRA RODRIGUES,82501173449.0,ANDERSON FERREIRA,PR,10/12/1972,38605920892.0,170000000041.0
2014.0,PE,DEPUTADO FEDERAL,EDUARDO HENRIQUE DA FONTE DE ALBUQUERQUE SILVA,53467108415.0,EDUARDO DA FONTE,PP,17/10/1972,37093110884.0,170000000046.0
2014.0,PE,DEPUTADO FEDERAL,JOSÉ MENDONÇA BEZERRA FILHO,40530086468.0,MENDONÇA FILHO,DEM,12/07/1966,15177610809.0,170000000076.0
2014.0,PE,DEPUTADO FEDERAL,RICARDO TEOBALDO CAVALCANTI,47329980463.0,RICARDO TEOBALDO,PTB,18/10/1965,10766450868.0,170000000669.0
2014.0,PE,DEPUTADO FEDERAL,FRANCISCO EURICO DA SILVA,23340541434.0,PASTOR EURICO,PSB,12/09/1962,4445690841.0,170000000070.0
2014.0,PE,DEPUTADO FEDERAL,JORGE WICKS CÔRTE REAL,7038089404.0,JORGE CÔRTE REAL,PTB,09/05/1951,72390876.0,170000000603.0
2014.0,PI,DEPUTADO FEDERAL,IRACEMA MARIA PORTELLA NUNES NOGUEIRA LIMA,37311638372.0,IRACEMA PORTELLA,PP,23/04/1966,8789811597.0,180000000261.0
2014.0,PI,DEPUTADO FEDERAL,ATILA FREITAS LIRA,13023594600.0,ATILA LIRA,PSB,07/04/1947,466981503.0,180000000061.0
2014.0,PI,DEPUTADO FEDERAL,JOSÉ FRANCISCO PAES LANDIM,309745187.0,PAES LANDIM,PTB,23/03/1937,9564851538.0,180000000242.0
2014.0,PI,SENADOR,ELMANO FÉRRER DE ALMEIDA,135968372.0,ELMANO - O VEÍN TRABALHADOR,PTB,01/08/1942,4186681503.0,180000000238.0
2014.0,PI,DEPUTADO FEDERAL,FÁBIO ABREU COSTA,48140597368.0,CAPITÃO FABIO ABREU,PTB,31/12/1972,27124241503.0,180000000241.0
2014.0,PI,DEPUTADO FEDERAL,MARCELO COSTA E CASTRO,2382091304.0,MARCELO CASTRO,PMDB,09/06/1950,123561503.0,180000000049.0
2014.0,PI,DEPUTADO FEDERAL,REJANE RIBEIRO SOUSA DIAS,42105560334.0,REJANE DIAS,PT,04/09/1972,20508431538.0,180000000221.0
2014.0,PI,DEPUTADO FEDERAL,JULIO CESAR DE CARVALHO LIMA,1102125334.0,JÚLIO CÉSAR,PSD,25/08/1948,7702671511.0,180000000054.0
2014.0,PI,DEPUTADO FEDERAL,RODRIGO RODRIGUES DE SOUZA MARTINS,87856450363.0,RODRIGO,PSB,02/08/1982,27122761503.0,180000000064.0
2014.0,PI,DEPUTADO FEDERAL,HERACLITO DE SOUSA FORTES,6342850410.0,HERACLITO,PSB,01/08/1950,670911503.0,180000000062.0
2014.0,PI,DEPUTADO FEDERAL,FRANCISCO DE ASSIS CARVALHO GONÇALVES,15670961315.0,ASSIS CARVALHO,PT,09/09/1961,438551538.0,180000000214.0
2014.0,PR,DEPUTADO FEDERAL,SANDRO ALEX CRUZ DE OLIVEIRA,77535405991.0,SANDRO ALEX,PPS,25/11/1972,55572910604.0,160000000207.0
2014.0,PR,DEPUTADO FEDERAL,NELSON MEURER,564834904.0,NELSON MEURER,PP,23/07/1942,19051390655.0,160000000160.0
2014.0,PR,DEPUTADO FEDERAL,RICARDO JOSÉ MAGALHÃES BARROS,42478979934.0,RICARDO BARROS,PP,15/11/1959,17866770647.0,160000000162.0
2014.0,PR,SENADOR,ALVARO FERNANDES DIAS,274003953.0,ALVARO DIAS,PSDB,07/12/1944,13624210604.0,160000000560.0
2014.0,PR,DEPUTADO FEDERAL,JOÃO JOSÉ DE ARRUDA JUNIOR,2105687989.0,JOAO ARRUDA,PMDB,22/05/1976,60621610639.0,160000000388.0
2014.0,PR,DEPUTADO FEDERAL,LUIZ HILOSHI NISHIMORI,8781460910.0,LUIZ NISHIMORI,PR,09/04/1949,22069020604.0,160000000181.0
2014.0,PR,DEPUTADO FEDERAL,EDMAR DE SOUZA ARRUDA,32563914949.0,EDMAR ARRUDA,PSC,26/09/1959,37212430655.0,160000000167.0
2014.0,PR,DEPUTADO FEDERAL,DIEGO ALEXSANDER GONÇALO PAULA GARCIA,4702291955.0,DIEGO GARCIA,PHS,10/10/1984,80118710620.0,160000001136.0
2014.0,PR,DEPUTADO FEDERAL,JOSÉ CARLOS BECKER DE OLIVEIRA E SILVA,3098871946.0,ZECA DIRCEU,PT,21/06/1978,62543650620.0,160000000768.0
2014.0,PR,DEPUTADO FEDERAL,FERNANDO DESTITO FRANCISCHINI,74019961972.0,DELEGADO FRANCISCHINI,SD,26/03/1970,45982890698.0,160000000200.0
2014.0,PR,DEPUTADO FEDERAL,SERGIO DE SOUZA,75687658904.0,SERGIO SOUZA,PMDB,13/03/1971,48226600620.0,160000000393.0
2014.0,PR,DEPUTADO FEDERAL,OSMAR JOSE SERRAGLIO,1773852949.0,OSMAR SERRAGLIO,PMDB,23/05/1948,23952280680.0,160000000389.0
2014.0,PR,DEPUTADO FEDERAL,ALIEL MACHADO BARK,6908052923.0,ALIEL MACHADO,PC do B,26/02/1989,91827830639.0,160000000796.0
2014.0,PR,DEPUTADO FEDERAL,LUIZ CARLOS JORGE HAULY,8682607972.0,LUIZ CARLOS HAULY,PSDB,08/10/1950,21272620604.0,160000000154.0
2014.0,PR,DEPUTADO FEDERAL,FERNANDO LUCIO GIACOBO,71827404949.0,GIACOBO,PR,17/12/1970,47438910663.0,160000000179.0
2014.0,PR,DEPUTADO FEDERAL,MARCELO BELINATI MARTINS,87120313991.0,MARCELO BELINATI,PP,22/07/1971,46740810639.0,160000000159.0
2014.0,PR,DEPUTADO FEDERAL,HERMES PARCIANELLO,33496315920.0,HERMES FRANGÃO PARCIANELLO,PMDB,25/04/1958,39650000663.0,160000000383.0
2014.0,PR,DEPUTADO FEDERAL,EVANDRO ROGÉRIO ROMAN,86979728920.0,EVANDRO ROMAN,PSD,03/03/1973,53178930698.0,160000000187.0
2014.0,PR,DEPUTADO FEDERAL,ALEX CANZIANI SILVEIRA,36601101915.0,ALEX CANZIANI,PTB,11/06/1964,33038030612.0,160000001146.0
2014.0,PR,DEPUTADO FEDERAL,ENIO JOSÉ VERRI,39737705904.0,ENIO VERRI,PT,27/03/1961,37623650663.0,160000000764.0
2014.0,PR,DEPUTADO FEDERAL,LUCIANO DUCCI,20732376068.0,LUCIANO DUCCI,PSB,23/03/1955,2771270663.0,160000000619.0
2014.0,PR,DEPUTADO FEDERAL,RUBENS BUENO,18746420959.0,RUBENS BUENO,PPS,23/05/1948,11207330671.0,160000000206.0
2014.0,PR,DEPUTADO FEDERAL,DILCEU JOÃO SPERAFICO,11979216991.0,DILCEU SPERAFICO,PP,26/01/1948,20830410663.0,160000000161.0
2014.0,PR,DEPUTADO FEDERAL,LEOPOLDO COSTA MEYER,13917315904.0,LEOPOLDO MEYER,PSB,29/11/1949,5769680604.0,160000000608.0
2014.0,PR,DEPUTADO FEDERAL,LEANDRE DAL PONTE,80635083949.0,LEANDRE,PV,20/12/1975,59775800671.0,160000000449.0
2014.0,PR,DEPUTADO FEDERAL,ASSIS MIGUEL DO COUTO,39479471949.0,ASSIS DO COUTO,PT,17/10/1961,22331170647.0,160000000760.0
2014.0,PR,DEPUTADO FEDERAL,VALDIR LUIZ ROSSONI,21471037991.0,VALDIR ROSSONI,PSDB,23/11/1952,40923190639.0,160000000158.0
2014.0,PR,DEPUTADO FEDERAL,HIDEKAZU TAKAYAMA,52499383887.0,TAKAYAMA,PSC,20/04/1948,1668610671.0,160000000169.0
2014.0,PR,DEPUTADO FEDERAL,JACOB ALFREDO STOFFELS KAEFER,24106305968.0,ALFREDO KAEFER,PSDB,07/11/1955,39673290647.0,160000000152.0
2014.0,PR,DEPUTADO FEDERAL,ANTONIO WANDSCHEER,18591035968.0,TONINHO WANDSCHEER,PT,31/08/1950,3951900612.0,160000000759.0
2014.0,PR,DEPUTADO FEDERAL,CHRISTIANE DE SOUZA YARED,49156470991.0,CHRISTIANE YARED,PTN,23/02/1960,3971380647.0,160000000761.0
2014.0,RJ,DEPUTADO FEDERAL,FERNANDO ANTONIO CECILIANO JORDÃO,49752839720.0,FERNANDO JORDÃO,PMDB,23/06/1952,69905580345.0,190000001426.0
2014.0,RJ,DEPUTADO FEDERAL,ANTONIO PEDRO INDIO DA COSTA,405819773.0,INDIO DA COSTA,PSD,20/10/1970,78803230337.0,190000001474.0
2014.0,RJ,DEPUTADO FEDERAL,CELSO PANSERA,47712244987.0,CELSO PANSERA,PMDB,10/10/1963,538060400.0,190000001436.0
2014.0,RJ,DEPUTADO FEDERAL,ALEXANDRE VALLE CARDOSO,1486095704.0,ALEXANDRE VALLE,PRP,07/04/1973,82602970329.0,190000002704.0
2014.0,RJ,DEPUTADO FEDERAL,ALESSANDRO LUCCIOLA MOLON,1416576770.0,ALESSANDRO MOLON,PT,28/10/1971,80840900361.0,190000000614.0
2014.0,RJ,DEPUTADO FEDERAL,JAIR MESSIAS BOLSONARO,45317828791.0,JAIR BOLSONARO,PP,21/03/1955,15564190337.0,190000001444.0
2014.0,RJ,DEPUTADO FEDERAL,LEONARDO CARNEIRO MONTEIRO PICCIANI,8436066731.0,LEONARDO PICCIANI,PMDB,06/11/1979,100324470396.0,190000001418.0
2014.0,RJ,DEPUTADO FEDERAL,GLAUBER DE MEDEIROS BRAGA,9740756719.0,GLAUBER,PSB,26/06/1982,108161890370.0,190000000663.0
2014.0,RJ,DEPUTADO FEDERAL,MARCOS BEZERRA RIBEIRO SOARES,5217856777.0,MARCOS SOARES,PR,16/05/1978,95948500337.0,190000001895.0
2014.0,RJ,DEPUTADO FEDERAL,WASHINGTON REIS DE OLIVEIRA,1311846794.0,WASHINGTON REIS,PMDB,05/04/1967,51255330329.0,190000001437.0
2014.0,RJ,DEPUTADO FEDERAL,MARCELO VIVIANI GONÇALVES,90838920772.0,MARCELO MATOS,PDT,26/05/1968,59302330302.0,190000002446.0
2014.0,RJ,DEPUTADO FEDERAL,FRANCISCO FLORIANO DE SOUSA SILVA,54984670797.0,FRANCISCO FLORIANO,PR,21/09/1959,3916330124.0,190000001871.0
2014.0,RJ,DEPUTADO FEDERAL,FRANCISCO JOSÉ D'ANGELO PINTO,47247436700.0,CHICO D'ANGELO,PT,11/02/1953,69070060370.0,190000000601.0
2014.0,RJ,DEPUTADO FEDERAL,JANDIRA FEGHALI,43428169700.0,JANDIRA FEGHALI,PC do B,17/05/1957,18508500329.0,190000000637.0
2014.0,RJ,DEPUTADO FEDERAL,CRISTIANE BRASIL FRANCISCO,3625801701.0,CRISTIANE BRASIL,PTB,21/12/1973,84516630310.0,190000001460.0
2014.0,RJ,DEPUTADO FEDERAL,FELIPE LEONE BORNIER DE OLIVEIRA,7421725709.0,FELIPE BORNIER,PSD,26/12/1978,95345100388.0,190000001481.0
2014.0,RJ,DEPUTADO FEDERAL,JOAO FERREIRA NETO,26144735704.0,DR JOÃO,PR,05/08/1950,52862310337.0,190000001878.0
2014.0,RJ,DEPUTADO FEDERAL,SORAYA ALENCAR DOS SANTOS,49125290797.0,SORAYA SANTOS,PMDB,04/12/1958,64354300302.0,190000001434.0
2014.0,RJ,DEPUTADO FEDERAL,AROLDE DE OLIVEIRA,1616706287.0,AROLDE DE OLIVEIRA,PSD,11/03/1937,2597020302.0,190000001475.0
2014.0,RJ,DEPUTADO FEDERAL,LUIZ CARLOS RAMOS,43087787787.0,LUIZ CARLOS RAMOS DO CHAPEU,PSDC,08/06/1951,26959000337.0,190000002139.0
2014.0,RJ,DEPUTADO FEDERAL,SIMAO SESSIM,3441067720.0,SIMÃO SESSIM,PP,08/12/1935,38350850388.0,190000001454.0
2014.0,RJ,DEPUTADO FEDERAL,AUREO LIDIO MOREIRA RIBEIRO,5355525725.0,AUREO,SD,17/02/1979,101852310329.0,190000000390.0
2014.0,RJ,DEPUTADO FEDERAL,BENEVENUTO DACIOLO FONSECA DOS SANTOS,19686111859.0,CABO DACIOLO,PSOL,30/03/1976,238530690183.0,190000000491.0
2014.0,RJ,DEPUTADO FEDERAL,FABIANO TAQUES HORTA,4121486765.0,FABIANO HORTA,PT,25/08/1974,89010210337.0,190000000595.0
2014.0,RJ,DEPUTADO FEDERAL,LUIZ SERGIO NÓBREGA DE OLIVEIRA,44910614753.0,LUIZ SÉRGIO,PT,09/04/1958,69956830396.0,190000000602.0
2014.0,RJ,DEPUTADO FEDERAL,SERGIO ZVEITER,51813440700.0,SERGIO ZVEITER,PSD,18/05/1956,18777860345.0,190000001486.0
2014.0,RJ,DEPUTADO FEDERAL,ROSANGELA DE SOUZA GOMES,82863989715.0,ROSANGELA GOMES,PRB,27/12/1966,53740860361.0,190000001411.0
2014.0,RJ,DEPUTADO FEDERAL,OTAVIO SANTOS SILVA LEITE,20163452504.0,OTAVIO LEITE,PSDB,29/07/1961,2618040345.0,190000000893.0
2014.0,RJ,DEPUTADO FEDERAL,CLARISSA BARROS ASSED MATHEUS DE OLIVEIRA,9598289745.0,CLARISSA GAROTINHO,PR,07/07/1982,107188370361.0,190000001864.0
2014.0,RJ,SENADOR,ROMÁRIO DE SOUZA FARIA,90671953753.0,ROMÁRIO,PSB,29/01/1966,25096430353.0,190000000675.0
2014.0,RJ,DEPUTADO FEDERAL,RODRIGO FELINTO IBARRA EPITÁCIO MAIA,590048783.0,RODRIGO MAIA,DEM,12/06/1970,73616970345.0,190000001114.0
2014.0,RJ,DEPUTADO FEDERAL,EDUARDO COSENTINO DA CUNHA,50447971700.0,EDUARDO CUNHA,PMDB,29/09/1958,10915780388.0,190000001421.0
2014.0,RJ,DEPUTADO FEDERAL,PAULO FERNANDO FEIJÓ TORRES,52118037791.0,PAULO FEIJÓ,PR,23/03/1956,34458760302.0,190000001903.0
2014.0,RJ,DEPUTADO FEDERAL,FRANCISCO RODRIGUES DE ALENCAR FILHO,26451379700.0,CHICO ALENCAR,PSOL,19/10/1949,5038000361.0,190000000414.0
2014.0,RJ,DEPUTADO FEDERAL,ALEXANDRE AUGUSTUS SERFIOTIS,2440200786.0,ALEXANDRE SERFIOTIS,PSD,29/11/1975,87574860310.0,190000001473.0
2014.0,RJ,DEPUTADO FEDERAL,SÓSTENES SILVA CAVALCANTE,95188100606.0,SÓSTENES CAVALCANTE,PSD,16/01/1975,24761741759.0,190000001488.0
2014.0,RJ,DEPUTADO FEDERAL,PEDRO PAULO CARVALHO TEIXEIRA,262905701.0,PEDRO PAULO,PMDB,29/06/1972,77433250345.0,190000001428.0
2014.0,RJ,DEPUTADO FEDERAL,MARCO ANTÔNIO NEVES CABRAL,12998549748.0,MARCO ANTÔNIO CABRAL,PMDB,07/05/1991,136162350353.0,190000001459.0
2014.0,RJ,DEPUTADO FEDERAL,WANDERLEY ALVES DE OLIVEIRA,53002440744.0,DELEY,PTB,28/08/1959,39834920310.0,190000001470.0
2014.0,RJ,DEPUTADO FEDERAL,MIRO TEIXEIRA,3690288720.0,MIRO TEIXEIRA,PROS,27/05/1945,5422210337.0,190000001899.0
2014.0,RJ,DEPUTADO FEDERAL,JEAN WYLLYS DE MATOS SANTOS,59919230510.0,JEAN WYLLYS,PSOL,10/03/1974,71224060582.0,190000000415.0
2014.0,RJ,DEPUTADO FEDERAL,JULIO LUIZ BAPTISTA LOPES,59245220753.0,JÚLIO LOPES,PP,06/04/1959,17611790329.0,190000001447.0
2014.0,RJ,DEPUTADO FEDERAL,BENEDITA SOUZA DA SILVA SAMPAIO,36293334787.0,BENEDITA DA SILVA,PT,26/04/1942,3308270388.0,190000000624.0
2014.0,RJ,DEPUTADO FEDERAL,EZEQUIEL CORTAZ TEIXEIRA,37476769791.0,EZEQUIEL TEIXEIRA,SD,25/02/1955,24488670345.0,190000000395.0
2014.0,RJ,DEPUTADO FEDERAL,ALTINEU CORTES FREITAS COUTINHO,7487738.0,ALTINEU CORTES,PR,13/09/1968,82868870353.0,190000001858.0
2014.0,RJ,DEPUTADO FEDERAL,HUGO LEAL MELO DA SILVA,41365585620.0,HUGO LEAL,PROS,08/08/1962,92664330345.0,190000001875.0
2014.0,RJ,DEPUTADO FEDERAL,ROBERTO DA SILVA SALES,7977098784.0,ROBERTO SALES,PRB,14/08/1978,95577370388.0,190000003013.0
2014.0,RN,DEPUTADO FEDERAL,CARLOS ALBERTO DE SOUSA ROSADO SEGUNDO,1195625456.0,BETINHO ROSADO SEGUNDO,PP,01/02/1982,19450931619.0,200000000521.0
2014.0,RN,DEPUTADO FEDERAL,WALTER PEREIRA ALVES,3200380411.0,WALTER ALVES,PMDB,27/02/1980,17296561600.0,200000000132.0
2014.0,RN,DEPUTADO FEDERAL,ZENAIDE MAIA CALADO PEREIRA DOS SANTOS,12352993415.0,DRA ZENAIDE MAIA,PR,27/11/1954,1224541694.0,200000000135.0
2014.0,RN,DEPUTADO FEDERAL,ANTÔNIO JÁCOME DE LIMA JUNIOR,35843225453.0,JÁCOME,PMN,26/05/1962,3887411635.0,200000000133.0
2014.0,RN,DEPUTADO FEDERAL,RAFAEL HUETE DA MOTTA,5582056408.0,RAFAEL MOTTA,PROS,15/08/1986,23744421619.0,200000000152.0
2014.0,RN,DEPUTADO FEDERAL,FÁBIO SALUSTINO MESQUITA DE FARIA,2128728428.0,FABIO FARIA,PSD,01/09/1977,16792391643.0,200000000322.0
2014.0,RN,DEPUTADO FEDERAL,FELIPE CATALÃO MAIA,91644372487.0,FELIPE MAIA,DEM,07/12/1973,13770251600.0,200000000136.0
2014.0,RN,SENADOR,MARIA DE FÁTIMA BEZERRA,16025733449.0,FÁTIMA,PT,19/05/1955,804411600.0,200000000244.0
2014.0,RN,DEPUTADO FEDERAL,ROGÉRIO SIMONETTI MARINHO,41301129453.0,ROGERIO MARINHO,PSDB,26/11/1963,1672041651.0,200000000138.0
2014.0,RO,DEPUTADO FEDERAL,MARINHA CÉLIA ROCHA RAUPP DE MATOS,3279216842.0,MARINHA RAUPP,PMDB,23/11/1960,4197412305.0,220000000245.0
2014.0,RO,DEPUTADO FEDERAL,LUCIO ANTONIO MOSQUINI,28649923291.0,LUCIO MOSQUINI,PMDB,23/07/1969,18155291848.0,220000000235.0
2014.0,RO,DEPUTADO FEDERAL,MARCOS ROGERIO DA SILVA BRITO,60232064253.0,MARCOS ROGERIO,PDT,07/07/1978,9557492305.0,220000000242.0
2014.0,RO,SENADOR,ACIR MARCOS GURGACZ,44435630915.0,ACIR GURGACZ,PDT,25/02/1962,718142399.0,220000000189.0
2014.0,RO,DEPUTADO FEDERAL,EXPEDITO GONÇALVES FERREIRA NETTO,93279493234.0,EXPEDITO NETTO,SD,05/10/1988,13925162348.0,220000000037.0
2014.0,RO,DEPUTADO FEDERAL,LUIZ CLAUDIO PEREIRA ALVES,23878525400.0,LUIZ CLAUDIO,PR,21/08/1960,2692102348.0,220000000348.0
2014.0,RO,DEPUTADO FEDERAL,MARIANA FONSECA RIBEIRO CARVALHO DE MORAES,83577572272.0,MARIANA CARVALHO,PSDB,26/11/1986,13371212356.0,220000000030.0
2014.0,RO,DEPUTADO FEDERAL,NILTON BALBINO,57785368791.0,NILTON CAPIXABA,PTB,09/02/1960,9463542321.0,220000000247.0
2014.0,RO,DEPUTADO FEDERAL,LINDOMAR BARBOSA ALVES,32550685253.0,LINDOMAR GARÇON,PMDB,18/10/1969,6288122305.0,220000000239.0
2014.0,RR,DEPUTADO FEDERAL,ABEL SALVADOR MESQUITA JUNIOR,18286585291.0,ABEL GALINHA,PDT,29/03/1962,1325142607.0,230000000452.0
2014.0,RR,DEPUTADO FEDERAL,CARLOS AUGUSTO ANDRADE SILVA,18015662249.0,CARLOS ANDRADE,PHS,26/09/1964,296442690.0,230000000167.0
2014.0,RR,DEPUTADO FEDERAL,MARIA HELENA VERONESE RODRIGUES,11251778291.0,MARIA HELENA,PSB,15/06/1949,226422640.0,230000000280.0
2014.0,RR,DEPUTADO FEDERAL,REMIDIO MONAI MONTESSI,28624114268.0,REMIDIO DA AMATUR,PR,07/08/1966,1291012674.0,230000000268.0
2014.0,RR,DEPUTADO FEDERAL,EDIO VIEIRA LOPES,77548981872.0,EDIO LOPES,PMDB,04/01/1952,87082640.0,230000000261.0
2014.0,RR,DEPUTADO FEDERAL,JOHNATHAN PEREIRA DE JESUS,74274112268.0,JOHNATHAN DE JESUS,PRB,03/09/1983,3063202682.0,230000000264.0
2014.0,RR,DEPUTADO FEDERAL,SHÉRIDAN ESTERFANY OLIVEIRA DE ANCHIETA,75096102220.0,SHÉRIDAN,PSDB,11/04/1984,3365412674.0,230000000273.0
2014.0,RR,SENADOR,TELMÁRIO MOTA DE OLIVEIRA,4273230291.0,TELMÁRIO MOTA,PDT,15/02/1958,2020432623.0,230000000255.0
2014.0,RR,DEPUTADO FEDERAL,HIRAN MANUEL GONÇALVES DA SILVA,14997169234.0,DR. HIRAN GONÇALVES,PMN,19/06/1957,168232682.0,230000000181.0
2014.0,RS,DEPUTADO FEDERAL,GIOVANI BATISTA FELTES,26586568072.0,GIOVANI FELTES,PMDB,10/04/1957,2602470442.0,210000000165.0
2014.0,RS,DEPUTADO FEDERAL,ALCEU MOREIRA DA SILVA,17968496004.0,ALCEU MOREIRA,PMDB,04/06/1954,42342680469.0,210000000162.0
2014.0,RS,DEPUTADO FEDERAL,JOÃO DERLY DE OLIVEIRA NUNES JUNIOR,81031254072.0,JOÃO DERLY,PC do B,02/06/1981,82458140469.0,210000000878.0
2014.0,RS,DEPUTADO FEDERAL,AFONSO ANTUNES DA MOTTA,10777296004.0,AFONSO MOTTA,PDT,08/01/1950,23363850418.0,210000000224.0
2014.0,RS,DEPUTADO FEDERAL,ANTONIO CARLOS GOMES DA SILVA,2142743730.0,CARLOS GOMES,PRB,13/06/1972,83122760310.0,210000000657.0
2014.0,RS,DEPUTADO FEDERAL,LUIZ CARLOS GHIORZZI BUSATO,5698960020.0,BUSATO,PTB,06/11/1948,44057300400.0,210000000891.0
2014.0,RS,DEPUTADO FEDERAL,RENATO DELMAR MOLLING,32091206091.0,RENATO MOLLING,PP,01/10/1960,10368220418.0,210000000641.0
2014.0,RS,DEPUTADO FEDERAL,HENRIQUE FONTANA JUNIOR,33410518053.0,HENRIQUE FONTANA,PT,18/01/1960,44194670469.0,210000000328.0
2014.0,RS,DEPUTADO FEDERAL,GILBERTO JOSÉ SPIER VARGAS,27905799034.0,PEPE VARGAS,PT,29/10/1958,4448240434.0,210000000404.0
2014.0,RS,DEPUTADO FEDERAL,LUIS CARLOS HEINZE,14272954091.0,LUIZ CARLOS HEINZE,PP,14/09/1950,9353970469.0,210000000639.0
2014.0,RS,DEPUTADO FEDERAL,ONYX DORNELLES LORENZONI,21025932072.0,ONYX LORENZONI,DEM,03/10/1954,38183130477.0,210000000257.0
2014.0,RS,DEPUTADO FEDERAL,JOSÉ ALFONSO EBERT HAMM,37040642034.0,AFONSO HAMM,PP,25/04/1962,11694010477.0,210000000637.0
2014.0,RS,DEPUTADO FEDERAL,JOSÉ OTAVIO GERMANO,36447374015.0,JOSÉ OTAVIO GERMANO,PP,21/04/1962,44347170400.0,210000000647.0
2014.0,RS,DEPUTADO FEDERAL,RONALDO NOGUEIRA DE OLIVEIRA,43529402087.0,RONALDO NOGUEIRA,PTB,25/04/1966,49526250418.0,210000000893.0
2014.0,RS,DEPUTADO FEDERAL,JOSE LUIZ STEDILE,29446376068.0,JOSE STEDILE,PSB,11/08/1957,48346830477.0,210000000568.0
2014.0,RS,DEPUTADO FEDERAL,DANRLEI DE DEUS HINTERHOLZ,70157324087.0,DANRLEI DE DEUS GOLEIRO,PSD,18/04/1973,55776800493.0,210000000610.0
2014.0,RS,DEPUTADO FEDERAL,DIONILSO MATEUS MARCON,43434339000.0,MARCON,PT,21/09/1964,7161260434.0,210000000324.0
2014.0,RS,DEPUTADO FEDERAL,NELSON MARCHEZAN JUNIOR,64777154068.0,NELSON MARCHEZAN JUNIOR,PSDB,30/11/1971,60876750418.0,210000000670.0
2014.0,RS,DEPUTADO FEDERAL,SÉRGIO IVAN MORAES,20504225049.0,SÉRGIO MORAES,PTB,27/04/1958,40077160400.0,210000000882.0
2014.0,RS,DEPUTADO FEDERAL,HEITOR JOSE SCHUCH,45479453068.0,HEITOR SCHUCH,PSB,25/03/1962,20319230418.0,210000000575.0
2014.0,RS,DEPUTADO FEDERAL,OSMAR GASPARINI TERRA,19971478072.0,OSMAR TERRA,PMDB,18/02/1950,21995280418.0,210000000166.0
2014.0,RS,DEPUTADO FEDERAL,LUIS ANTONIO FRANCISCATTO COVATTI,1171688075.0,COVATTI FILHO,PP,25/07/1987,97609370442.0,210000000638.0
2014.0,RS,DEPUTADO FEDERAL,DARCI POMPEO DE MATTOS,28346890087.0,POMPEO DE MATTOS,PDT,12/07/1958,25313150400.0,210000000281.0
2014.0,RS,DEPUTADO FEDERAL,MARIA DO ROSÁRIO NUNES,48989371015.0,MARIA DO ROSÁRIO,PT,22/11/1966,22431930442.0,210000000334.0
2014.0,RS,SENADOR,LASIER COSTA MARTINS,1124552049.0,LASIER MARTINS,PDT,14/04/1942,39585850493.0,210000000283.0
2014.0,RS,DEPUTADO FEDERAL,MÁRCIO DELLA VALLE BIOLCHI,80686958004.0,MÁRCIO BIOLCHI,PMDB,23/05/1979,71461360418.0,210000000115.0
2014.0,RS,DEPUTADO FEDERAL,GIOVANI CHERINI,31050778049.0,GIOVANI  CHERINI,PDT,23/06/1960,13203150400.0,210000000237.0
2014.0,RS,DEPUTADO FEDERAL,DARCISIO PAULO PERONDI,8262748034.0,PERONDI,PMDB,02/04/1947,15008650477.0,210000000164.0
2014.0,RS,DEPUTADO FEDERAL,MARCO AURÉLIO SPALL MAIA,47500867034.0,MARCO MAIA,PT,27/12/1965,28402660493.0,210000000333.0
2014.0,RS,DEPUTADO FEDERAL,PAULO ROBERTO SEVERO PIMENTA,42844924034.0,PAULO PIMENTA,PT,19/03/1965,8832570493.0,210000000337.0
2014.0,RS,DEPUTADO FEDERAL,ELVINO JOSE BOHN GASS,12558206249.0,BOHN GASS,PT,05/02/1962,41625770434.0,210000000325.0
2014.0,RS,DEPUTADO FEDERAL,JERÔNIMO PIZZOLOTTO GOERGEN,73441040082.0,JERÔNIMO GOERGEN,PP,20/01/1976,61856900485.0,210000000636.0
2014.0,SC,DEPUTADO FEDERAL,RONALDO JOSÉ BENEDET,28920910987.0,RONALDO BENEDET,PMDB,09/03/1956,3551140981.0,240000000247.0
2014.0,SC,DEPUTADO FEDERAL,GEOVANIA DE SA RODRIGUES,81095910949.0,GEOVANIA DE SÁ,PSDB,30/03/1972,26474760906.0,240000000468.0
2014.0,SC,DEPUTADO FEDERAL,JOÃO PAULO KARAM KLEINUBING,90140362991.0,JOÃO PAULO KLEINUBING,PSD,19/12/1972,26738410949.0,240000000212.0
2014.0,SC,DEPUTADO FEDERAL,CESAR ANTONIO DE SOUZA,28951107949.0,CESAR SOUZA,PSD,08/11/1957,5089900957.0,240000000222.0
2014.0,SC,DEPUTADO FEDERAL,VALDIR COLATTO,16261577900.0,VALDIR COLATTO,PMDB,15/10/1949,17393690981.0,240000000241.0
2014.0,SC,DEPUTADO FEDERAL,DÉCIO NERY DE LIMA,38858240944.0,DÉCIO LIMA,PT,01/10/1960,7187910922.0,240000000174.0
2014.0,SC,DEPUTADO FEDERAL,JORGINHO DOS SANTOS MELLO,25084119904.0,JORGINHO MELLO,PR,15/07/1956,7894870922.0,240000000224.0
2014.0,SC,DEPUTADO FEDERAL,JOÃO RODRIGUES,23278951387.0,JOÃO RODRIGUES,PSD,23/03/1967,24601780906.0,240000000213.0
2014.0,SC,SENADOR,DÁRIO ELIAS BERGER,34195491991.0,DÁRIO,PMDB,07/12/1956,5760640906.0,240000000209.0
2014.0,SC,DEPUTADO FEDERAL,JORGE CATARINO LEONARDELI BOEIRA,24620262900.0,JORGE BOEIRA,PP,05/11/1955,162180930.0,240000000479.0
2014.0,SC,DEPUTADO FEDERAL,MAURO MARIANI,48520500900.0,MAURO MARIANI,PMDB,08/01/1964,22661420957.0,240000000238.0
2014.0,SC,DEPUTADO FEDERAL,CELSO MALDANER,18270522953.0,CELSO MALDANER,PMDB,30/08/1953,20206140930.0,240000000234.0
2014.0,SC,DEPUTADO FEDERAL,ESPERIDIÃO AMIN HELOU FILHO,11268786934.0,ESPERIDIÃO AMIN,PP,21/12/1947,5399180914.0,240000000477.0
2014.0,SC,DEPUTADO FEDERAL,ROGERIO MENDONÇA,16513703034.0,PENINHA,PMDB,27/01/1953,16586010981.0,240000000239.0
2014.0,SC,DEPUTADO FEDERAL,MARCO ANTONIO TEBALDI,25671235049.0,MARCO TEBALDI,PSDB,31/01/1958,8995030965.0,240000000471.0
2014.0,SC,DEPUTADO FEDERAL,CARMEN EMÍLIA BONFÁ ZANOTTO,51434245934.0,CARMEN ZANOTTO,PPS,06/10/1962,3255690973.0,240000000475.0
2014.0,SC,DEPUTADO FEDERAL,PEDRO FRANCISCO UCZAI,47721855934.0,PEDRO UCZAI,PT,10/03/1963,26553310973.0,240000000182.0
2014.0,SE,DEPUTADO FEDERAL,LAÉRCIO JOSÉ DE OLIVEIRA,16853881400.0,LAÉRCIO OLIVEIRA,SD,15/04/1959,2227512178.0,260000000091.0
2014.0,SE,DEPUTADO FEDERAL,JOÃO SOMARIVA DANIEL,51625091591.0,JOÃO DANIEL,PT,22/08/1967,13170072143.0,260000000189.0
2014.0,SE,DEPUTADO FEDERAL,JONY MARCOS DE SOUZA ARAÚJO,69430748149.0,PASTOR JONY,PRB,30/09/1977,15793471988.0,260000000197.0
2014.0,SE,DEPUTADO FEDERAL,FÁBIO CRUZ MITIDIERI,65242777591.0,FÁBIO MITIDIERI,PSD,24/02/1977,17573382160.0,260000000184.0
2014.0,SE,DEPUTADO FEDERAL,ANTONIO CARLOS VALADARES FILHO,80616291515.0,VALADARES FILHO,PSB,01/10/1980,18712002127.0,260000000182.0
2014.0,SE,SENADOR,MARIA DO CARMO DO NASCIMENTO ALVES,15523870544.0,MARIA DO CARMO,DEM,23/08/1941,637992186.0,260000000082.0
2014.0,SE,DEPUTADO FEDERAL,FÁBIO DE ALMEIDA REIS,57126500378.0,FÁBIO REIS,PMDB,15/04/1977,14265782186.0,260000000177.0
2014.0,SE,DEPUTADO FEDERAL,ANDRE LUIS DANTAS FERREIRA,55686176515.0,ANDRE MOURA,PSC,23/02/1972,16707162186.0,260000000099.0
2014.0,SE,DEPUTADO FEDERAL,ADELSON BARRETO DOS SANTOS,23625678500.0,ADELSON BARRETO,PTB,22/09/1964,3715842119.0,260000000090.0
2014.0,SP,SENADOR,JOSÉ SERRA,93565968834.0,JOSÉ SERRA,PSDB,19/03/1942,86309170108.0,250000001674.0
2014.0,SP,DEPUTADO FEDERAL,ANTONIO GOULART DOS REIS,76026329820.0,GOULART,PSD,23/12/1953,116344770167.0,250000002182.0
2014.0,SP,DEPUTADO FEDERAL,FAUSTO RUY PINATO,28022995819.0,FAUSTO PINATO,PRB,01/06/1977,242047850183.0,250000001235.0
2014.0,SP,DEPUTADO FEDERAL,ANTONIO DUARTE NOGUEIRA JUNIOR,4804881859.0,DUARTE NOGUEIRA,PSDB,16/05/1964,39498670116.0,250000001323.0
2014.0,SP,DEPUTADO FEDERAL,VICENTE CANDIDO DA SILVA,11680079840.0,VICENTE CÂNDIDO,PT,17/11/1959,141623070116.0,250000000664.0
2014.0,SP,DEPUTADO FEDERAL,JOSE MENTOR GUILHERME DE MELLO NETTO,53455843891.0,JOSÉ MENTOR,PT,30/09/1948,97310820141.0,250000000638.0
2014.0,SP,DEPUTADO FEDERAL,RENATA HELLMEISTER DE ABREU,30669688800.0,RENATA ABREU,PTN,15/04/1982,249907390191.0,250000000145.0
2014.0,SP,DEPUTADO FEDERAL,ANTONIO FLORIANO PEREIRA PESARO,11304578852.0,FLORIANO PESARO,PSDB,14/04/1968,86116120167.0,250000001320.0
2014.0,SP,DEPUTADO FEDERAL,JEFFERSON ALVES DE CAMPOS,2684165831.0,JEFFERSON CAMPOS,PSD,26/10/1964,104635880167.0,250000002190.0
2014.0,SP,DEPUTADO FEDERAL,ANTONIO CARLOS MARTINS DE BULHÕES,335868703.0,ANTONIO BULHÕES,PRB,05/05/1968,281406850159.0,250000001259.0
2014.0,SP,DEPUTADO FEDERAL,ANA LUCIA LIPPAUS PERUGINI,7542896806.0,ANA PERUGINI,PT,22/08/1963,75084950132.0,250000000612.0
2014.0,SP,DEPUTADO FEDERAL,ARNALDO CALIL PEREIRA JARDIM,4197807856.0,ARNALDO JARDIM,PPS,08/05/1955,86345260159.0,250000001357.0
2014.0,SP,DEPUTADO FEDERAL,VALMIR PRASCIDELLI,5194942885.0,VALMIR PRASCIDELLI,PT,09/04/1964,111231210132.0,250000000671.0
2014.0,SP,DEPUTADO FEDERAL,CARLOS ALBERTO ROLIM ZARATTINI,398099863.0,ZARATTINI,PT,08/06/1959,148002880191.0,250000000618.0
2014.0,SP,DEPUTADO FEDERAL,LUIZ FELIPE BALEIA TENUTO ROSSI,17816724829.0,BALEIA ROSSI,PMDB,09/06/1972,176810780116.0,250000002142.0
2014.0,SP,DEPUTADO FEDERAL,JOSE OLÍMPIO SILVEIRA MORAES,79507646868.0,MISSIONÁRIO JOSÉ OLÍMPIO,PP,11/12/1956,24472530116.0,250000002160.0
2014.0,SP,DEPUTADO FEDERAL,RODRIGO GARCIA,12175874893.0,RODRIGO GARCIA,DEM,10/05/1974,169948830183.0,250000001402.0
2014.0,SP,DEPUTADO FEDERAL,ADRIANO ELI CORREA,17610241830.0,ELI CORRÊA FILHO,DEM,13/01/1976,254227660108.0,250000001388.0
2014.0,SP,DEPUTADO FEDERAL,MARCO ANTONIO FELICIANO,13117532811.0,PASTOR MARCO FELICIANO,PSC,12/10/1972,179568170159.0,250000000388.0
2014.0,SP,DEPUTADO FEDERAL,VICENTE PAULO DA SILVA,12995398404.0,VICENTINHO,PT,08/04/1956,142330690183.0,250000000665.0
2014.0,SP,DEPUTADO FEDERAL,FLAVIO AUGUSTO DA SILVA,10965933865.0,FLAVINHO,PSB,13/11/1971,187243400191.0,250000001450.0
2014.0,SP,DEPUTADO FEDERAL,EVANDRO HERRERA BERTONE GUSSI,29424929889.0,EVANDRO GUSSI,PV,11/09/1980,242012030159.0,250000000926.0
2014.0,SP,DEPUTADO FEDERAL,HERCULANO CASTILHO PASSOS JUNIOR,551632895.0,HERCULANO PASSOS,PSD,04/08/1956,24588270108.0,250000002189.0
2014.0,SP,DEPUTADO FEDERAL,MARCIO LUIZ ALVINO DE SOUZA,10115711880.0,MARCIO ALVINO,PR,14/06/1969,170138260175.0,250000000695.0
2014.0,SP,DEPUTADO FEDERAL,JORGE TADEU MUDALEN,95663223800.0,JORGE TADEU,DEM,03/01/1955,111609190141.0,250000001394.0
2014.0,SP,DEPUTADO FEDERAL,IVAN VALENTE,37655582815.0,IVAN VALENTE,PSOL,05/07/1946,103324530141.0,250000001840.0
2014.0,SP,DEPUTADO FEDERAL,FRANCISCO EVERARDO OLIVEIRA SILVA,44833881349.0,TIRIRICA,PR,01/05/1965,12504970710.0,250000000751.0
2014.0,SP,DEPUTADO FEDERAL,IOLANDA KEIKO MIASHIRO OTA,5528227879.0,OTA,PSB,28/09/1956,89522030167.0,250000001436.0
2014.0,SP,DEPUTADO FEDERAL,BRUNA DIAS FURLAN,31516410831.0,BRUNA FURLAN,PSDB,28/04/1983,307067120124.0,250000001321.0
2014.0,SP,DEPUTADO FEDERAL,SERGIO OLIMPIO GOMES,502302801.0,MAJOR OLIMPIO GOMES,PDT,20/03/1962,83386310191.0,250000002018.0
2014.0,SP,DEPUTADO FEDERAL,EDSON EDINHO COELHO ARAUJO,49663003804.0,EDINHO ARAUJO,PMDB,30/07/1949,62644550167.0,250000002139.0
2014.0,SP,DEPUTADO FEDERAL,MIGUEL MOUBADDA HADDAD,96476850849.0,MIGUEL HADDAD,PSDB,15/10/1957,27000520141.0,250000001350.0
2014.0,SP,DEPUTADO FEDERAL,BRUNO COVAS LOPES,22037584814.0,BRUNO COVAS,PSDB,07/04/1980,256692110141.0,250000001317.0
2014.0,SP,DEPUTADO FEDERAL,JOSE AUGUSTO ROSA,5750251829.0,CAPITÃO AUGUSTO,PR,04/10/1966,128990350108.0,250000000689.0
2014.0,SP,DEPUTADO FEDERAL,LUIZ LAURO FERREIRA FILHO,27290596870.0,LUIZ LAURO FILHO,PSB,10/06/1978,221538820183.0,250000001462.0
2014.0,SP,DEPUTADO FEDERAL,SAMUEL MOREIRA DA SILVA JUNIOR,6613343846.0,SAMUEL MOREIRA,PSDB,09/02/1963,70424250108.0,250000001353.0
2014.0,SP,DEPUTADO FEDERAL,BENEDITO ROBERTO ALVES FERREIRA,2621206824.0,ROBERTO ALVES,PRB,27/05/1960,51007490159.0,250000001260.0
2014.0,SP,DEPUTADO FEDERAL,SILVIO FRANÇA TORRES,3336123887.0,SILVIO TORRES,PSDB,01/06/1946,44484830167.0,250000001326.0
2014.0,SP,DEPUTADO FEDERAL,SERGIO BAVINI,6976140859.0,SERGIO REIS,PRB,23/06/1940,251409700183.0,250000001272.0
2014.0,SP,DEPUTADO FEDERAL,PAULO ROBERTO FREIRE DA COSTA,93876912849.0,PAULO FREIRE,PR,14/02/1955,5586420191.0,250000000700.0
2014.0,SP,DEPUTADO FEDERAL,RICARDO IZAR JUNIOR,10553705873.0,RICARDO IZAR,PSD,01/08/1968,5972870167.0,250000002201.0
2014.0,SP,DEPUTADO FEDERAL,VANDERLEI MACRIS,19044690868.0,VANDERLEI MACRIS,PSDB,20/05/1950,54881950116.0,250000001318.0
2014.0,SP,DEPUTADO FEDERAL,ORLANDO SILVA DE JESUS JUNIOR,56524455568.0,ORLANDO SILVA,PC do B,27/05/1971,229107050124.0,250000000672.0
2014.0,SP,DEPUTADO FEDERAL,MARCELO SQUASSONI,8363754838.0,MARCELO SQUASONI,PRB,14/09/1967,95560710183.0,250000001282.0
2014.0,SP,DEPUTADO FEDERAL,PAULO PEREIRA DA SILVA,21006768904.0,PAULINHO DA FORÇA,SD,25/02/1956,64508800132.0,250000000839.0
2014.0,SP,DEPUTADO FEDERAL,JOSÉ RICARDO ALVARENGA TRIPOLI,47796278853.0,RICARDO TRIPOLI,PSDB,17/04/1952,1772760175.0,250000001322.0
2014.0,SP,DEPUTADO FEDERAL,VINICIUS RAPOZO DE CARVALHO,82286019720.0,VINICIUS CARVALHO,PRB,07/01/1966,6979250345.0,250000001276.0
2014.0,SP,DEPUTADO FEDERAL,NELSON MARQUEZELLI,1601849834.0,NELSON MARQUEZELLI,PTB,29/10/1941,128526260124.0,250000002343.0
2014.0,SP,DEPUTADO FEDERAL,LUIZ PAULO TEIXEIRA FERREIRA,2441369806.0,PAULO TEIXEIRA,PT,06/05/1961,79999180124.0,250000000643.0
2014.0,SP,DEPUTADO FEDERAL,JOAO PAULO TAVARES PAPA,1792010850.0,PAPA,PSDB,28/07/1958,105809600183.0,250000001338.0
2014.0,SP,DEPUTADO FEDERAL,MILTON ANTONIO CASQUEL MONTI,2980372897.0,MILTON MONTI,PR,11/06/1961,46946170191.0,250000000696.0
2014.0,SP,DEPUTADO FEDERAL,ANDRES NAVARRO SANCHEZ,7078570820.0,ANDRES SANCHEZ,PT,24/12/1963,110432430167.0,250000000613.0
2014.0,SP,DEPUTADO FEDERAL,PAULO SALIM MALUF,768782872.0,PAULO MALUF,PP,03/09/1931,5969140108.0,250000002168.0
2014.0,SP,DEPUTADO FEDERAL,EDUARDO NANTES BOLSONARO,10655365770.0,EDUARDO BOLSONARO,PSC,10/07/1984,114611170337.0,250000000409.0
2014.0,SP,DEPUTADO FEDERAL,ROBERTO ALVES DE LUCENA,5781727809.0,ROBERTO DE LUCENA,PV,18/04/1966,41046640116.0,250000000971.0
2014.0,SP,DEPUTADO FEDERAL,VITOR LIPPI,168780860.0,VITOR LIPPI,PSDB,18/05/1959,47291940108.0,250000001354.0
2014.0,SP,DEPUTADO FEDERAL,LUIZA ERUNDINA DE SOUSA,480584400.0,LUIZA ERUNDINA,PSB,30/11/1934,97564300132.0,250000001476.0
2014.0,SP,DEPUTADO FEDERAL,NILTO IGNÁCIO TATTO,3380916889.0,NILTO TATTO,PT,31/07/1963,116338510124.0,250000000653.0
2014.0,SP,DEPUTADO FEDERAL,CELSO UBIRAJARA RUSSOMANNO,1252958803.0,CELSO RUSSOMANNO,PRB,20/08/1956,7504850132.0,250000001257.0
2014.0,SP,DEPUTADO FEDERAL,GUILHERME MUSSI FERREIRA,31812472862.0,GUILHERME MUSSI,PP,14/10/1982,299018120116.0,250000002159.0
2014.0,SP,DEPUTADO FEDERAL,MARA CRISTINA GABRILLI,24731270855.0,MARA GABRILLI,PSDB,28/09/1967,100632050108.0,250000001328.0
2014.0,SP,DEPUTADO FEDERAL,MIGUEL LOMBARDI,5209979806.0,MIGUEL LOMBARDI,PR,29/01/1964,28179680141.0,250000000694.0
2014.0,SP,DEPUTADO FEDERAL,EDUARDO PEDROSA CURY,4909670866.0,EDUARDO CURY,PSDB,19/09/1963,45048870183.0,250000001333.0
2014.0,SP,DEPUTADO FEDERAL,CARLOS HENRIQUE FOCESI SAMPAIO,6197277808.0,CARLOS SAMPAIO,PSDB,31/03/1963,107672700175.0,250000001343.0
2014.0,SP,DEPUTADO FEDERAL,ALEX SPINELLI MANENTE,26838194805.0,ALEX MANENTE,PPS,22/08/1979,260155360159.0,250000001375.0
2014.0,SP,DEPUTADO FEDERAL,SINVAL MALHEIROS PINTO JUNIOR,88779254853.0,DR SINVAL MALHEIROS,PV,23/02/1951,19189420175.0,250000000981.0
2014.0,SP,DEPUTADO FEDERAL,ALEXANDRE LEITE DA SILVA,22970812860.0,ALEXANDRE LEITE,DEM,18/04/1989,353942970191.0,250000001389.0
2014.0,SP,DEPUTADO FEDERAL,PAULO ROBERTO GOMES MANSUR,73255319820.0,BETO MANSUR,PRB,07/07/1951,106191500116.0,250000001270.0
2014.0,SP,DEPUTADO FEDERAL,ARLINDO CHIGNALIA JUNIOR,6821146187.0,ARLINDO CHINAGLIA,PT,24/12/1949,7428910108.0,250000000614.0
2014.0,SP,DEPUTADO FEDERAL,GILBERTO NASCIMENTO SILVA,64817407891.0,GILBERTO NASCIMENTO,PSC,09/07/1956,153032620167.0,250000000496.0
2014.0,SP,DEPUTADO FEDERAL,ARNALDO FARIA DE SÁ,21911452800.0,ARNALDO FARIA DE SÁ,PTB,30/12/1945,78025840124.0,250000002344.0
2014.0,TO,DEPUTADO FEDERAL,JOSINIANE BRAGA NUNES,28884329191.0,JOSI NUNES,PMDB,10/05/1962,16283812739.0,270000000015.0
2014.0,TO,DEPUTADO FEDERAL,DULCE FERREIRA PAGANI MIRANDA,30217865100.0,DULCE MIRANDA,PMDB,15/12/1963,17443802763.0,270000000019.0
2014.0,TO,DEPUTADO FEDERAL,MARIA AUXILIADORA SEABRA REZENDE,43196926168.0,PROFESSORA DORINHA,DEM,01/10/1964,33950552755.0,270000000287.0
2014.0,TO,DEPUTADO FEDERAL,LÁZARO BOTELHO MARTINS,4984846100.0,LÁZARO BOTELHO,PP,11/02/1947,17505292712.0,270000000290.0
2014.0,TO,DEPUTADO FEDERAL,CESAR HANNA HALUM,8584060120.0,CESAR HALUM,PRB,10/03/1954,17735962739.0,270000000296.0
2014.0,TO,DEPUTADO FEDERAL,VICENTE ALVES DE OLIVEIRA JUNIOR,99898659149.0,VICENTINHO JUNIOR,PSB,11/04/1985,36212662704.0,270000000292.0
2014.0,TO,DEPUTADO FEDERAL,CARLOS HENRIQUE AMORIM,21944202153.0,CARLOS GAGUIM,PMDB,21/04/1961,179632798.0,270000000014.0
2014.0,TO,SENADOR,KATIA REGINA DE ABREU,61330345134.0,KATIA ABREU,PMDB,02/02/1962,28950062720.0,270000000011.0
2014.0,TO,DEPUTADO FEDERAL,IRAJÁ SILVESTRE FILHO,60507306104.0,IRAJÁ ABREU,PSD,03/02/1983,36229682771.0,270000000020.0
