ANO_ELEICAO,SIGLA_UF,DESCRICAO_CARGO,NOME_CANDIDATO,CPF_CANDIDATO,NOME_URNA_CANDIDATO,SIGLA_PARTIDO,DATA_NASCIMENTO,NUM_TITULO_ELEITORAL_CANDIDATO,SEQUENCIAL_CANDIDATO
2002,AC,SENADOR,MARIA OSMARINA MARINA SILVA DE SOUZA,11980761272,MARINA SILVA,PT,8021958.0,962092402,99
2002,AC,SENADOR,GERALDO GURGEL DE MESQUITA JÚNIOR,06683975191,GERALDINHO MESQUITA,PSB,6111948.0,3287362402,428
2002,AC,DEPUTADO FEDERAL,JOÃO TOTA SOARES DE FIGUEIREDO,00791580210,JOÃO TOTA,PPB,20101940.0,1315172402,268
2002,AC,DEPUTADO FEDERAL,JOÃO ANTONIO RODRIGUES BRONZEADO,30778140210,ZICO,PT,15101968.0,1755982461,111
2002,AC,DEPUTADO FEDERAL,NILSON MOURA LEITE MOURÃO,02190710200,NILSON MOURÃO,PT,1041952.0,1426382496,109
2002,AC,DEPUTADO FEDERAL,HENRIQUE AFONSO SOARES LIMA,21630755249,HENRIQUE AFONSO,PT,3121964.0,264572410,112
2002,AC,DEPUTADO FEDERAL,JOÃO CORREIA LIMA SOBRINHO,03329178272,JOAO CORREIA,PMDB,22051953.0,890732410,246
2002,AC,DEPUTADO FEDERAL,FRANCISCO BRÍGIDO DA COSTA,06292852253,CHICAO BRIGIDO,PMDB,9031958.0,493042402,244
2002,AC,DEPUTADO FEDERAL,EDILBERTO AFONSO DE MORAIS JÚNIOR,46545735268,JÚNIOR BETÃO,PPS,10031977.0,3237672429,564
2002,AC,DEPUTADO FEDERAL,MARIA PERPÉTUA DE ALMEIDA,21644063204,PERPÉTUA ALMEIDA,PC do B,28121964.0,1166662429,106
2002,AL,SENADOR,JOSÉ RENAN VASCONCELOS CALHEIROS,11078685487,RENAN,PMDB,16091955.0,005448401791,389
2002,AL,SENADOR,TEOTONIO BRANDÃO VILELA FILHO,09854720144,TEOTONIO VILELA FILHO,PSDB,29011951.0,003956391732,383
2002,AL,DEPUTADO FEDERAL,BENEDITO DE LIRA,00322598400,BENEDITO DE LIRA,PTB,1051942.0,005492531708,417
2002,AL,DEPUTADO FEDERAL,JOÃO JOSÉ PEREIRA DE LYRA,00341320404,JOÃO LYRA,PTB,17061931.0,024549191732,416
2002,AL,DEPUTADO FEDERAL,OLAVO CALHEIROS FILHO,14031736487,OLAVO CALHEIROS,PMDB,12031957.0,007493931724,365
2002,AL,DEPUTADO FEDERAL,JOÃO CALDAS DA SILVA,21022097415,JOÃO CALDAS,PL,24061960.0,005007981740,157
2002,AL,DEPUTADO FEDERAL,JOSE THOMAZ DA SILVA NONO NETTO,04913434420,NONO,PFL,17081947.0,004370441791,423
2002,AL,DEPUTADO FEDERAL,ROGÉRIO AUTO TEÓFILO,20909276404,ROGÉRIO TEÓFILO,PFL,27041957.0,000767691775,413
2002,AL,DEPUTADO FEDERAL,GIVALDO DE SÁ GOUVEIA CARIMBÃO,10270060510,GIVALDO CARIMBÃO,PSB,14011957.0,001931871732,233
2002,AL,DEPUTADO FEDERAL,MAURICIO QUINTELLA MALTA LESSA,80355633434,MAURICIO QUINTELLA LESSA,PSB,28031971.0,016488261716,208
2002,AL,DEPUTADO FEDERAL,JOSE HELENILDO RIBEIRO MONTEIRO,02101769468,HELENILDO RIBEIRO,PSDB,28091946.0,007649061716,378
2002,AM,SENADOR,JOSE JEFFERSON CARPINTEIRO PERES,160288215,JEFFERSON PERES,PDT,19031932.0,000087542283,598
2002,AM,SENADOR,ARTHUR VIRGILIO DO CARMO RIBEIRO NETO,15498247753,ARTUR NETO,PSDB,15111945.0,001311162267,150
2002,AM,DEPUTADO FEDERAL,SILAS CAMARA,13512951287,SILAS CAMARA,PTB,15121962.0,013588982224,552
2002,AM,DEPUTADO FEDERAL,CARLOS ALBERTO CAVALCANTE DE SOUZA,2574837215,CARLOS SOUZA,PL,17081952.0,004939232291,585
2002,AM,DEPUTADO FEDERAL,DARCY HUMBERTO MICHILES,2226669272,HUMBERTO MICHILES ,PL,14121952.0,001344532267,573
2002,AM,DEPUTADO FEDERAL,JOSE LUPERCIO RAMOS DE OLIVEIRA,3476065200,LUPERCIO RAMOS,PL,31101950.0,004948962232,577
2002,AM,DEPUTADO FEDERAL,PAUDERNEY TOMAZ AVELINO,3465268253,PAUDERNEY AVELINO,PFL,24091954.0,014124412267,776
2002,AM,DEPUTADO FEDERAL,ÁTILA SIDNEY LINS ALBUQUERQUE,694584215,ÁTILA LINS,PFL,22111950.0,004225492208,563
2002,AM,DEPUTADO FEDERAL,FRANCISCO GARCIA RODRÍGUES,530948249,FRANCISCO GARCIA,PFL,30121948.0,000845722283,545
2002,AM,DEPUTADO FEDERAL,VANESSA GRAZZIOTIN,16114620291,VANESSA ,PC do B,29061961.0,003965652216,583
2002,AP,SENADOR,JOÃO BOSCO PAPALÉO PAES,52898431753,PAPALÉO ,PTB,27081952,544212534,331
2002,AP,SENADOR,JOÃO ALBERTO RODRIGUES CAPIBERIBE,27880575472,CAPI,PSB,6051947,110532518,235
2002,AP,DEPUTADO FEDERAL,BENEDITO DIAS DE CARVALHO,8919232253,DR. BENEDITO DIAS,PPB,1121957,1080142585,320
2002,AP,DEPUTADO FEDERAL,GERVÁSIO AUGUSTO DE OLIVEIRA,5617510215,GERVÁSIO OLIVEIRA,PDT,9061957,213272569,313
2002,AP,DEPUTADO FEDERAL,DAVID SAMUEL ALCOLUMBRE TOBELÉM,50900226234,DAVI ALCOLUMBRE,PDT,19061977,2494272526,311
2002,AP,DEPUTADO FEDERAL,JOSÉ ANTONIO NOGUEIRA DE SOUSA,32457049253,NOGUEIRA,PT,28041971,1356972569,253
2002,AP,DEPUTADO FEDERAL,HÉLIO BORGES DE SOUSA ESTEVES FILHO,5632420272,HÉLIO ESTEVES,PT,1021955,188572534,236
2002,AP,DEPUTADO FEDERAL,EDUARDO SEABRA DA COSTA,6761224268,EDUARDO SEABRA,PTB,15091951,242552518,315
2002,AP,DEPUTADO FEDERAL,JANETE MARIA GÓES CAPIBERIBE,18085830272,JANETE CAPIBERIBE,PSB,12051949,69332577,343
2002,AP,DEPUTADO FEDERAL,ARMANDO ALVES JÚNIOR,9336508253,CORONEL ALVES,PSDB,2091959,81042534,348
2002,BA,SENADOR,ANTONIO CARLOS PEIXOTO DE MAGALHÃES,00075590549,ANTONIO CARLOS MAGALHÃES - ACM,PFL,4091927.0,000619270523,488
2002,BA,SENADOR,CÉSAR AUGUSTO RABELLO BORGES,03316637591,CÉSAR BORGES,PFL,21111948.0,025173700574,487
2002,BA,DEPUTADO FEDERAL,MÁRIO SILVIO MENDES NEGROMONTE,04340736449,MÁRIO NEGROMONTE,PPB,6071950.0,023974910558,451
2002,BA,DEPUTADO FEDERAL,JOÃO FELIPE DE SOUZA LEÃO,03905756587,JOÃO LEÃO,PPB,27021946.0,031260830574,457
2002,BA,DEPUTADO FEDERAL,SEVERIANO ALVES DE SOUZA,02485788553,SEVERIANO ALVES,PDT,12021943.0,019105240507,180
2002,BA,DEPUTADO FEDERAL,LUIZ ALBERTO SILVA DOS SANTOS,07931174534,LUIZ ALBERTO,PT,3011953.0,029214570523,397
2002,BA,DEPUTADO FEDERAL,WALTER DE FREITAS PINHEIRO,14264790506,WALTER PINHEIRO,PT,25051959.0,041320860574,413
2002,BA,DEPUTADO FEDERAL,JOSIAS GOMES DA SILVA,10452001404,JOSIAS GOMES,PT,14101956.0,061281100574,381
2002,BA,DEPUTADO FEDERAL,JOSÉ EDUARDO VIEIRA RIBEIRO,05035686515,ZEZÉU,PT,21111949.0,040467780531,392
2002,BA,DEPUTADO FEDERAL,GUILHERME MENEZES DE ANDRADE,26373351734,GUILHERME,PT,12121945.0,016801710574,377
2002,BA,DEPUTADO FEDERAL,LUIZ CARLOS BASSUMA,25405250910,BASSUMA,PT,8081956.0,023586280515,383
2002,BA,DEPUTADO FEDERAL,NELSON VICENTE PORTELA PELLEGRINO,24289612504,PELEGRINO,PT,27121960.0,037648360558,398
2002,BA,DEPUTADO FEDERAL,FELIX DE ALMEIDA MENDONÇA,00073202568,FELIX,PTB,23031928.0,031870740507,460
2002,BA,DEPUTADO FEDERAL,JONIVAL LUCAS DA SILVA JUNIOR,38876035591,JONIVAL LUCAS,PMDB,31011967.0,035704980558,528
2002,BA,DEPUTADO FEDERAL,CORIOLANO SOUSA SALES,02889811549,CORIOLANO SALES,PMDB,1081943.0,025064770507,531
2002,BA,DEPUTADO FEDERAL,GEDDEL QUADROS VIEIRA LIMA,22062734115,GEDDEL VIEIRA LIMA,PMDB,18031959.0,012448760515,532
2002,BA,DEPUTADO FEDERAL,COLBERT MARTINS DA SILVA FILHO,13236164549,COLBERT MARTINS,PPS,2101952.0,051375820566,190
2002,BA,DEPUTADO FEDERAL,JOSÉ CARLOS LEÃO DE ARAUJO,04820991515,JOSÉ CARLOS ARAUJO,PFL,21121944.0,020895710523,475
2002,BA,DEPUTADO FEDERAL,PEDRO IRUJO YANIZ,00002119587,PEDRO IRUJO,PFL,29061930.0,028323330558,467
2002,BA,DEPUTADO FEDERAL,REGINALDO DA SILVA GERMANO,36225711791,PASTOR REGINALDO,PFL,21091954.0,091795930515,468
2002,BA,DEPUTADO FEDERAL,MILTON JOÃO SOARES BARBOSA,06271138500,MILTON BARBOSA,PFL,28121954.0,039049700515,473
2002,BA,DEPUTADO FEDERAL,JAIRO ALFREDO OLIVEIRA CARNEIRO,00332291553,JAIRO CARNEIRO,PFL,28031944.0,014649130566,483
2002,BA,DEPUTADO FEDERAL,CLÁUDIO CAJADO SAMPAIO,29474485534,CAJADO,PFL,1121963.0,000081300523,480
2002,BA,DEPUTADO FEDERAL,JOSÉ ALVES ROCHA,04789113515,JOSÉ ROCHA,PFL,18081948.0,047135190507,476
2002,BA,DEPUTADO FEDERAL,ANTÔNIO CARLOS PEIXOTO DE MAGALHÃES NETO,56583400553,ACM NETO,PFL,26011979.0,084522510582,484
2002,BA,DEPUTADO FEDERAL,PAULO SÉRGIO PARANHOS DE MAGALHÃES,06015530553,PAULO MAGALHÃES,PFL,28111952.0,044393360590,469
2002,BA,DEPUTADO FEDERAL,AROLDO CEDRAZ DE OLIVEIRA,05057990578,AROLDO CEDRAZ,PFL,26021951.0,042187740558,485
2002,BA,DEPUTADO FEDERAL,JORGE KHOURY HEDAYE,03452433587,JORGE KHOURY,PFL,16021949.0,036871870574,479
2002,BA,DEPUTADO FEDERAL,JOSÉ CARLOS ALELUIA COSTA,01782037500,ALELUIA,PFL,9121947.0,021604240507,478
2002,BA,DEPUTADO FEDERAL,MARCELO DE OLIVEIRA GUIMARÃES FILHO,94331049515,MARCELO GUIMARÃES FILHO,PFL,1031976.0,078549180531,471
2002,BA,DEPUTADO FEDERAL,ZELINDA NOVAES E SILVA JARSKE,05609054591,ZELINDA NOVAES,PFL,25121944.0,024590060515,453
2002,BA,DEPUTADO FEDERAL,LUIZ FERNANDES ARAÚJO LIMA,11034629549,FERNANDO DE FABINHO,PFL,11111957.0,036045400531,474
2002,BA,DEPUTADO FEDERAL,GERSON SILVA GABRIELLI,04789326500,GERSON GABRIELLI,PFL,21081949.0,029798730566,472
2002,BA,DEPUTADO FEDERAL,FÁBIO LOUREIRO SOUTO,71612181520,FÁBIO SOUTO,PFL,18011973.0,050492780507,477
2002,BA,DEPUTADO FEDERAL,ROBÉRIO CÁSSIO RIBEIRO NUNES,30929725549,ROBÉRIO NUNES,PFL,3111964.0,002394220574,466
2002,BA,DEPUTADO FEDERAL,LUIZ ANTONIO VASCONCELLOS CARREIRA,02071428587,LUIZ CARREIRA,PFL,27101947.0,008007490574,470
2002,BA,DEPUTADO FEDERAL,EDSON GONÇALVES DUARTE,38251051568,EDSON DUARTE,PV,2111965.0,022671460531,407
2002,BA,DEPUTADO FEDERAL,JUTAHY MAGALHÃES JÚNIOR,10660410591,JUTAHY,PSDB,14101955.0,012449470540,1276
2002,BA,DEPUTADO FEDERAL,JOÃO ALMEIDA DOS SANTOS,02697467572,JOÃO ALMEIDA,PSDB,23051946.0,023334340574,1277
2002,BA,DEPUTADO FEDERAL,ALICE MAZZUCO PORTUGAL,12377392504,ALICE PORTUGAL,PC do B,16051959.0,024700970558,410
2002,BA,DEPUTADO FEDERAL,DANIEL GOMES DE ALMEIDA,07894090549,DANIEL,PC do B,21011955.0,030538180515,414
2002,CE,SENADOR,PATRÍCIA LÚCIA SABOYA FERREIRA GOMES,25886878300,PATRICIA GOMES,PPS,10101962.0,009296290787,1360
2002,CE,SENADOR,TASSO RIBEIRO JEREISSATI,01032852372,TASSO,PSDB,15121948.0,000336020752,787
2002,CE,DEPUTADO FEDERAL,JOSÉ LINHARES PONTE,00637513304,PE ZÉ,PPB,21101930.0,009126440795,209
2002,CE,DEPUTADO FEDERAL,JOÃO ALFREDO TELLES MELO,13633740368,JOÃO ALFREDO,PT,20111958.0,021024480701,475
2002,CE,DEPUTADO FEDERAL,JOSÉ BARROSO PIMENTEL,06532535320,PIMENTEL,PT,16101953.0,022110410701,481
2002,CE,DEPUTADO FEDERAL,ANÍBAL FERREIRA GOMES,04240952387,ANÍBAL GOMES,PMDB,7061953.0,011450000728,235
2002,CE,DEPUTADO FEDERAL,ANTONIO MARCELO TEIXEIRA SOUSA,10314717315,MARCELO TEIXEIRA,PMDB,6041957.0,000768260701,1127
2002,CE,DEPUTADO FEDERAL,MARCUS SAVIUS TEIXEIRA SOUSA,20894503391,MARCUS TEIXEIRA,PMDB,2061962.0,023034830710,247
2002,CE,DEPUTADO FEDERAL,FRANCISCO PINHEIRO LANDIM,05815266353,PINHEIRO LANDIM,PMDB,20111943.0,017926920701,225
2002,CE,DEPUTADO FEDERAL,EUNÍCIO LOPES DE OLIVEIRA,03679004320,EUNÍCIO,PMDB,30091952.0,000905050744,236
2002,CE,DEPUTADO FEDERAL,JOSÉ GERARDO OLIVEIRA DE ARRUDA FILHO,12197572334,ZÉ GERARDO,PMDB,30041959.0,015312470710,264
2002,CE,DEPUTADO FEDERAL,FRANCISCO ALMEIDA LIMA,11853735353,ALMEIDA DE JESUS,PL,8011959.0,024066940701,435
2002,CE,DEPUTADO FEDERAL,PEDRO RIBEIRO FILHO,03088065300,PASTOR PEDRO RIBEIRO,PL,26051946.0,028553600787,441
2002,CE,DEPUTADO FEDERAL,JOSÉ LEÔNIDAS DE MENEZES CRISTINO,12105961304,LEONIDAS CRISTINO,PPS,3061957.0,019425360787,602
2002,CE,DEPUTADO FEDERAL,MORONI BING TORGAN,33396671015,MORONI,PFL,10061956.0,001405310744,227
2002,CE,DEPUTADO FEDERAL,ROBERTO SOARES PESSOA,00113735391,ROBERTO PESSOA,PFL,21051943.0,003540160728,228
2002,CE,DEPUTADO FEDERAL,LEONARDO ROSARIO DE ALCANTARA,58486747104,LEO ALCANTARA,PSDB,5121972.0,039322820736,201
2002,CE,DEPUTADO FEDERAL,RAIMUNDO GOMES DE MATOS,06163238320,RAIMUNDO MATOS,PSDB,30031951.0,002925420779,202
2002,CE,DEPUTADO FEDERAL,ANTONIO ELBANO CAMBRAIA,00287172368,CAMBRAIA,PSDB,1081942.0,000401190760,157
2002,CE,DEPUTADO FEDERAL,JOSE ARNON CRUZ BEZERRA DE MENEZES,11575646315,ARNON BEZERRA,PSDB,13081951.0,010671310752,206
2002,CE,DEPUTADO FEDERAL,FRANCISCO ROMMEL FEIJO DE SA,11035625334,ROMMEL FEIJO,PSDB,8021953.0,011845450779,203
2002,CE,DEPUTADO FEDERAL,BISMARCK COSTA LIMA PINHEIRO MAIA,54824710715,BISMARCK BISMARCK MAIA,PSDB,31071957.0,000769400710,172
2002,CE,DEPUTADO FEDERAL,FRANCISCO ARIOSTO HOLANDA,00039691349,ARIOSTO HOLANDA,PSDB,11101938.0,000498850787,205
2002,CE,DEPUTADO FEDERAL,VICENTE FERREIRA DE ARRUDA COELHO,01009320700,VICENTE ARRUDA,PSDB,17051929.0,009684960744,182
2002,CE,DEPUTADO FEDERAL,INÁCIO FRANCISCO DE ASSIS NUNES ARRUDA,09050752349,INACIO ARRUDA,PC do B,5051957.0,024091430701,470
2002,DF,SENADOR,CRISTOVAM RICARDO CAVALCANTI BUARQUE,22364129168,CRISTOVAM,PT,20021944.0,001081812003,805
2002,DF,SENADOR,PAULO OCTAVIO ALVES PEREIRA,02362163172,PAULOCTÁVIO,PFL,13021950.0,001681092054,686
2002,DF,DEPUTADO FEDERAL,MARIA JOSÉ DA CONCEIÇÃO MANINHA,18592163153,MANINHA,PT,13091948.0,001110832070,613
2002,DF,DEPUTADO FEDERAL,LUIZ CARLOS SIGMARINGA SEIXAS,02328992153,SIGMARINGA SEIXAS,PT,7111944.0,001209352038,724
2002,DF,DEPUTADO FEDERAL,JOÃO ALBERTO FRAGA SILVA,11939141168,FRAGA,PMDB,2061956.0,007235102003,411
2002,DF,DEPUTADO FEDERAL,NELSON TADEU FILIPPELLI,04251091191,FILIPPELLI,PMDB,11051949.0,000862172070,676
2002,DF,DEPUTADO FEDERAL,JORGE DO REIS PINHEIRO,57965021668,PASTOR JORGE,PMDB,12101966.0,014658742070,410
2002,DF,DEPUTADO FEDERAL,JOSÉ ROBERTO ARRUDA,21519579691,ARRUDA,PFL,5011954.0,007238392089,463
2002,DF,DEPUTADO FEDERAL,JOSÉ FUSCALDI CESÍLIO,19350090600,TATICO,PSD,28091940.0,011557912054,413
2002,DF,DEPUTADO FEDERAL,AGNELO SANTOS QUEIROZ FILHO,19667655504,AGNELO QUEIROZ,PC do B,9111958.0,000642692003,602
2002,ES,SENADOR,GERSON CAMATA,09629521768,GERSON CAMATA,PMDB,29061941.0,000692821449,463
2002,ES,SENADOR,MAGNO PEREIRA MALTA,15272567404,MAGNO MALTA,PL,16101957.0,008645841414,289
2002,ES,DEPUTADO FEDERAL,NILTON GOMES DE OLIVEIRA,24411671700,NILTON BAIANO,PPB,12071941.0,000079761465,490
2002,ES,DEPUTADO FEDERAL,MARCUS ANTONIO VICENTE,31693113791,MARCUS VICENTE,PPB,28041954.0,004088051406,527
2002,ES,DEPUTADO FEDERAL,CARLOS HUMBERTO MANNATO,57480788720,MANATO,PDT,7081957.0,000922121490,270
2002,ES,DEPUTADO FEDERAL,IRINY NICOLAU CORRES LOPES,55845703700,IRINY LOPES,PT,12021956.0,018549541430,176
2002,ES,DEPUTADO FEDERAL,JOSÉ CARLOS ELIAS,30257018700,JOSE CARLOS ELIAS,PTB,1061954.0,006003691490,191
2002,ES,DEPUTADO FEDERAL,MARCELINO AYUB FRAGA,48047643720,MARCELINO FRAGA,PMDB,21091958.0,002665351422,515
2002,ES,DEPUTADO FEDERAL,NEUCIMAR FERREIRA FRAGA,81824726791,NEUCIMAR FRAGA,PL,26061966.0,008976591473,326
2002,ES,DEPUTADO FEDERAL,JOSE RENATO CASAGRANDE,70515182753,RENATO CASAGRANDE,PSB,3121960.0,002241441473,165
2002,ES,DEPUTADO FEDERAL,JOÃO MIGUEL FEU ROSA,09624252734,FEU ROSA,PSDB,19011947.0,007231701490,470
2002,ES,DEPUTADO FEDERAL,ROSILDA DE FREITAS,37967517768,ROSE DE FREITAS,PSDB,23011949.0,000242451449,437
2002,GO,SENADOR,DEMOSTENES LAZARO XAVIER TORRES,25180410100,DEMOSTENES TORRES,PFL,23011961.0,001971291082,408
2002,GO,SENADOR,LUCIA VANIA ABRAO COSTA,50908332149,LUCIA VANIA,PSDB,15101944.0,000280281031,451
2002,GO,DEPUTADO FEDERAL,ROBERTO EGÍDIO BALESTRA,01611500125,ROBERTO BALESTRA,PPB,24051944.0,004819871007,918
2002,GO,DEPUTADO FEDERAL,JOAO SANDES JUNIOR,19681550153,SANDES JUNIOR,PPB,28041959.0,020941001058,339
2002,GO,DEPUTADO FEDERAL,LEONARDO MOURA VILELA,30504554115,LEONARDO VILELA,PPB,22121963.0,007349721066,916
2002,GO,DEPUTADO FEDERAL,NEYDE APARECIDA DA SILVA,80291929168,NEYDE,PT,6091952.0,000892261023,387
2002,GO,DEPUTADO FEDERAL,RUBENS OTONI GOMIDE,13334727149,RUBENS OTONI,PT,6021956.0,002938891082,442
2002,GO,DEPUTADO FEDERAL,LEANDRO VILELA VELLOSO,76435300178,LEANDRO VILELA,PMDB,7111975.0,031138841058,293
2002,GO,DEPUTADO FEDERAL,LUIZ JOSE BITTENCOURT,16660137149,BITTENCOURT,PMDB,20061956.0,000191041031,301
2002,GO,DEPUTADO FEDERAL,SEBASTIAO AUGUSTO BARBOSA NETO,30673763153,BARBOSA NETO,PMDB,3021964.0,000831331066,308
2002,GO,DEPUTADO FEDERAL,PEDRO PINHEIRO CHAVES,16692454115,PEDRO CHAVES,PMDB,28081958.0,019363051023,303
2002,GO,DEPUTADO FEDERAL,SANDRO ANTÔNIO SCODRO,00279046871,SANDRO MABEL,PFL,31121958.0,012632921090,960
2002,GO,DEPUTADO FEDERAL,VILMAR DA SILVA ROCHA,05206375187,VILMAR ROCHA,PFL,14021951.0,010310921040,936
2002,GO,DEPUTADO FEDERAL,RONALDO RAMOS CAIADO,26472058768,RONALDO CAIADO,PFL,25091949.0,003087571031,403
2002,GO,DEPUTADO FEDERAL,CARLOS ALBERTO DA SILVA,49240854134,CARLOS ALBERTO LEREIA,PSDB,19061961.0,011537051015,849
2002,GO,DEPUTADO FEDERAL,JOVAIR DE OLIVEIRA ARANTES,04035976172,JOVAIR ARANTES,PSDB,4061951.0,000536601015,952
2002,GO,DEPUTADO FEDERAL,JOAO CAMPOS DE ARAUJO,24254401191,JOAO CAMPOS,PSDB,28121962.0,013007031031,961
2002,GO,DEPUTADO FEDERAL,RAQUEL FIGUEIREDO ALESSANDRI TEIXEIRA,10169342115,PROFESSORA RAQUEL TEIXEIRA,PSDB,24111946.0,000523941015,932
2002,GO,DEPUTADO FEDERAL,HENRIQUE DE CAMPOS MEIRELLES,27474283891,HENRIQUE MEIRELLES,PSDB,31081945.0,086277610183,965
2002,MA,SENADOR,EDISON LOBAO,00014125153,EDISON LOBAO,PFL,5121936.0,000453381120,361
2002,MA,SENADOR,ROSEANA SARNEY MURAD,11511699191,ROSEANA SARNEY,PFL,1061953.0,000540511104,330
2002,MA,DEPUTADO FEDERAL,ANTONIO JOAQUIM ARAUJO FILHO,00195227387,ANTONIO JOAQUIM ARAUJO FILHO,PPB,21081940.0,002228141198,210
2002,MA,DEPUTADO FEDERAL,JOSE GUIMARAES NEIVA MOREIRA,66602890700,NEIVA MOREIRA,PDT,10101917.0,002915191171,218
2002,MA,DEPUTADO FEDERAL,LUCIANO FERREIRA DE SOUSA,85294780372,LUCIANO LEITOA,PDT,22061980.0,034434771112,216
2002,MA,DEPUTADO FEDERAL,RICARDO WAGNER DE CARVALHO LAGO,01706047304,WAGNER LAGO,PDT,15021944.0,004070851120,198
2002,MA,DEPUTADO FEDERAL,TEREZINHA DAS NEVES PEREIRA,10344209334,TEREZINHA FERNANDES,PT,29101955.0,008146961198,78
2002,MA,DEPUTADO FEDERAL,PEDRO NOVAIS LIMA,00668532734,PEDRO NOVAIS,PMDB,7071930.0,000247541155,331
2002,MA,DEPUTADO FEDERAL,GASTAO DIAS VIEIRA,01196553300,GASTAO VIEIRA,PMDB,15061946.0,000467591163,345
2002,MA,DEPUTADO FEDERAL,REMI ABREU TRINTA,00188980334,REMI TRINTA,PL,11021940.0,009499191198,147
2002,MA,DEPUTADO FEDERAL,NICE LOBAO,39960250172,NICE LOBAO,PFL,29101936.0,033220861171,336
2002,MA,DEPUTADO FEDERAL,ANTONIO DA CONCEICAO COSTA FERREIRA,00448532387,COSTA FERREIRA,PFL,28071939.0,002896041147,355
2002,MA,DEPUTADO FEDERAL,PEDRO FERNANDES RIBEIRO,06235760310,PEDRO FERNANDES,PFL,2031949.0,000294681139,332
2002,MA,DEPUTADO FEDERAL,CLOVIS ANTONIO CHAVES FECURY,49040162115,CLOVIS FECURY,PFL,8021969.0,176941171171,337
2002,MA,DEPUTADO FEDERAL,JOSE SARNEY FILHO,14737418315,SARNEY FILHO,PFL,14061957.0,000471181163,335
2002,MA,DEPUTADO FEDERAL,PAULO CELSO FONSECA MARINHO,12472174349,PAULO MARINHO,PFL,1121958.0,000443911139,344
2002,MA,DEPUTADO FEDERAL,CARLOS CESAR BRANCO BANDEIRA,06813569368,CESAR BANDEIRA,PFL,2051946.0,012439611147,351
2002,MA,DEPUTADO FEDERAL,JOSE DE RIBAMAR COSTA ALVES,05464617353,DR RIBAMAR ALVES,PSB,15061954.0,013970631112,705
2002,MA,DEPUTADO FEDERAL,SEBASTIAO TORRES MADEIRA,05359511320,MADEIRA,PSDB,29121949.0,008307811147,582
2002,MA,DEPUTADO FEDERAL,JOAO CASTELO RIBEIRO GONCALVES,00035530278,JOAO CASTELO,PSDB,19101937.0,002265171163,580
2002,MG,SENADOR,HÉLIO CALIXTO DA COSTA,04762991600,HÉLIO COSTA,PMDB,17081939.0,071726440264,935
2002,MG,SENADOR,EDUARDO BRANDÃO DE AZEREDO,00653446691,EDUARDO AZEREDO,PSDB,9091948.0,050886450221,913
2002,MG,DEPUTADO FEDERAL,EDMAR BATISTA MOREIRA,01017659672,EDMAR MOREIRA,PPB,25091939.0,029463360205,1618
2002,MG,DEPUTADO FEDERAL,HERCULANO ANGHINETTI,23163780644,HERCULANO,PPB,25041960.0,045924790213,1595
2002,MG,DEPUTADO FEDERAL,MÁRCIO REINALDO DIAS MOREIRA,03523756715,MÁRCIO REINALDO,PPB,3111942.0,097168200230,1641
2002,MG,DEPUTADO FEDERAL,ODELMO LEÃO CARNEIRO SOBRINHO,08033358653,ODELMO LEÃO,PPB,26051946.0,010148080264,1643
2002,MG,DEPUTADO FEDERAL,MÁRIO LÚCIO HERINGER,28539249634,DR. MÁRIO HERINGER,PDT,30091954.0,075733500213,1462
2002,MG,DEPUTADO FEDERAL,FRANCISCO GONÇALVES FILHO,12855723604,DR. FRANCISCO,PDT,29121947.0,036570850213,1178
2002,MG,DEPUTADO FEDERAL,MARIA DO CARMO LARA PERPÉTUO,19951396615,MARIA DO CARMO LARA,PT,18081954.0,000410860213,2152
2002,MG,DEPUTADO FEDERAL,IVO JOSÉ DA SILVA,77598431868,IVO JOSÉ,PT,1071953.0,056301550230,2084
2002,MG,DEPUTADO FEDERAL,ODAIR JOSÉ DA CUNHA,94892393649,ODAIR,PT,18061976.0,105627590230,1882
2002,MG,DEPUTADO FEDERAL,JOÃO MAGNO DE MOURA,34924612634,JOÃO MAGNO DE MOURA,PT,5081960.0,066949280299,1985
2002,MG,DEPUTADO FEDERAL,VIRGÍLIO GUIMARÃES DE PAULA,19966547649,VIRGÍLIO GUIMARÃES,PT,5091949.0,051099530256,1932
2002,MG,DEPUTADO FEDERAL,REGINALDO LÁZARO DE OLIVEIRA LOPES,90330862634,REGINALDO LOPES,PT,2041973.0,094886720256,1959
2002,MG,DEPUTADO FEDERAL,PAULO GABRIEL GODINHO DELGADO,19340176634,PAULO DELGADO,PT,28121951.0,063236490248,1977
2002,MG,DEPUTADO FEDERAL,PATRUS ANANIAS DE SOUSA,17486440687,PATRUS ANANIAS,PT,26011952.0,040883020272,1941
2002,MG,DEPUTADO FEDERAL,GILMAR ALVES MACHADO,44272600630,GILMAR MACHADO,PT,6111961.0,076154520213,1921
2002,MG,DEPUTADO FEDERAL,JOSÉ LEONARDO COSTA MONTEIRO,20811845672,LEONARDO MONTEIRO,PT,9101951.0,078354080213,1952
2002,MG,DEPUTADO FEDERAL,JOSÉ CÉSAR DE MEDEIROS,69982066668,CÉSAR MEDEIROS,PT,13021970.0,082450780213,1908
2002,MG,DEPUTADO FEDERAL,ROMEU FERREIRA DE QUEIROZ,08160899653,ROMEU QUEIROZ,PTB,9111948.0,035439280299,796
2002,MG,DEPUTADO FEDERAL,JOSÉ MILITÃO COSTA,02467585891,JOSÉ MILITÃO,PTB,13051942.0,057689480221,793
2002,MG,DEPUTADO FEDERAL,MAURO RIBEIRO LOPES,10901906620,MAURO LOPES,PMDB,24051936.0,049094330256,948
2002,MG,DEPUTADO FEDERAL,JOÃO LÚCIO MAGALHÃES BIFANO,34420274620,JOÃO MAGALHÃES,PMDB,6021960.0,078594830299,926
2002,MG,DEPUTADO FEDERAL,MARCELLO LIGNANI SIQUEIRA,00375314687,MARCELLO SIQUEIRA,PMDB,22021938.0,052953560248,987
2002,MG,DEPUTADO FEDERAL,FERNANDO ALBERTO DINIZ,16382722634,FERNANDO DINIZ,PMDB,3021954.0,007589900256,938
2002,MG,DEPUTADO FEDERAL,SILAS BRASILEIRO,00469718668,SILAS BRASILEIRO,PMDB,22101943.0,035808490272,916
2002,MG,DEPUTADO FEDERAL,JOSÉ SARAIVA FELIPE,27018938600,SARAIVA FELIPE,PMDB,26031952.0,019845440281,976
2002,MG,DEPUTADO FEDERAL,LINCOLN DINIZ PORTELA,10254730191,LINCOLN PORTELA,PSL,3111953.0,021160760272,1527
2002,MG,DEPUTADO FEDERAL,JÚLIO CÉSAR GOMES DOS SANTOS,01369175779,CABO JÚLIO,PST,19051970.0,100460090272,2097
2002,MG,DEPUTADO FEDERAL,CARLOS WILLIAN DE SOUZA,21858039649,CARLOS WILLIAN,PST,14081956.0,072653810278,2103
2002,MG,DEPUTADO FEDERAL,JOÃO PAULO GOMES DA SILVA,13104098620,JOÃO PAULO,PL,5081950.0,040926960264,1984
2002,MG,DEPUTADO FEDERAL,ANDERSON ADAUTO PEREIRA,30306906600,ANDERSON ADAUTO,PL,6041957.0,026101320272,1956
2002,MG,DEPUTADO FEDERAL,RONALDO VASCONCELLOS NOVAIS,09221026604,RONALDO VASCONCELLOS,PL,23041950.0,052781970264,1933
2002,MG,DEPUTADO FEDERAL,MÁRIO ASSAD JÚNIOR,53724941668,MÁRIO ASSAD JÚNIOR,PL,11081965.0,042860530299,1945
2002,MG,DEPUTADO FEDERAL,JÚLIO CÉSAR DELGADO,81993358668,JÚLIO DELGADO,PPS,18111966.0,045237680299,1165
2002,MG,DEPUTADO FEDERAL,GERALDO THADEU PEDREIRA DOS SANTOS,30503353868,GERALDO THADEU,PPS,26101945.0,059820980256,1172
2002,MG,DEPUTADO FEDERAL,ATHOS AVELINO PEREIRA,16039912634,ATHOS,PPS,6061951.0,067074960213,1151
2002,MG,DEPUTADO FEDERAL,LAEL VIEIRA VARELLA,00303720620,LAEL VARELLA,PFL,19021939.0,050220040272,1573
2002,MG,DEPUTADO FEDERAL,JOSÉ SANTANA DE VASCONCELLOS MOREIRA,01115421620,JOSÉ SANTANA,PFL,10041939.0,034172550264,1535
2002,MG,DEPUTADO FEDERAL,ROBERTO LÚCIO ROCHA BRANT,00670049620,ROBERTO BRANT,PFL,2051942.0,054667550213,1556
2002,MG,DEPUTADO FEDERAL,ELISEU RESENDE,00128708620,ELISEU RESENDE,PFL,7021929.0,039613060221,1576
2002,MG,DEPUTADO FEDERAL,ARACELY DE PAULA,00455482691,ARACELY DE PAULA,PFL,3061941.0,064500720213,1531
2002,MG,DEPUTADO FEDERAL,JAIME MARTINS FILHO,17614899687,JAIMINHO MARTINS,PFL,17061953.0,028310300264,1537
2002,MG,DEPUTADO FEDERAL,CARLOS CARMO ANDRADE MELLES,15868982649,CARLOS MELLES,PFL,11031947.0,013980070264,1555
2002,MG,DEPUTADO FEDERAL,ISAÍAS SILVESTRE,22898603600,ISAÍAS SILVESTRE,PSB,18031948.0,045913440272,1075
2002,MG,DEPUTADO FEDERAL,LEONARDO JOSÉ DE MATTOS,40353419672,LEONARDO MATTOS,PV,9111955.0,057628000299,1234
2002,MG,DEPUTADO FEDERAL,NARCIO RODRIGUES DA SILVEIRA,30222290625,NARCIO,PSDB,23041959.0,051920810264,1656
2002,MG,DEPUTADO FEDERAL,EDUARDO LUIZ BARROS BARBOSA,27582400682,EDUARDO BARBOSA,PSDB,25081958.0,048712990205,1543
2002,MG,DEPUTADO FEDERAL,VITTORIO MEDIOLI,25359096691,VITTORIO MEDIOLI,PSDB,3051951.0,049154340264,1574
2002,MG,DEPUTADO FEDERAL,DANILO DE CASTRO,06444741653,DANILO DE CASTRO,PSDB,5031945.0,005989210230,1577
2002,MG,DEPUTADO FEDERAL,CUSTÓDIO ANTÔNIO DE MATTOS,22142150772,CUSTÓDIO MATTOS,PSDB,3041948.0,030853310213,1562
2002,MG,DEPUTADO FEDERAL,BONIFÁCIO JOSÉ TAMM DE ANDRADA,00352748672,BONIFÁCIO DE ANDRADA,PSDB,14051930.0,064098450213,1526
2002,MG,DEPUTADO FEDERAL,OSMANIO PEREIRA DE OLIVEIRA,01589423615,OSMANIO PEREIRA,PSDB,17081943.0,056717930281,1563
2002,MG,DEPUTADO FEDERAL,JOSÉ RAFAEL GUERRA PINTO COELHO,00881651672,RAFAEL GUERRA PINTO COELHO,PSDB,29031943.0,057730850272,1561
2002,MG,DEPUTADO FEDERAL,SÉRGIO MIRANDA DE MATOS BRITO,52060500672,SÉRGIO MIRANDA,PC do B,23111947.0,019555500248,1925
2002,MS,SENADOR,DELCIDIO AMARAL GOMEZ,01127982842,DELCIDIO,PT,8021955.0,014823241910,485
2002,MS,SENADOR,RAMEZ TEBET,00254819168,RAMEZ TEBET,PMDB,7111936.0,007664051929,253
2002,MS,DEPUTADO FEDERAL,JOÃO BATISTA DOS SANTOS,01566383803,JOÃO GRANDÃO,PT,26121959.0,005301351910,724
2002,MS,DEPUTADO FEDERAL,ANTÔNIO CARLOS BIFFI,79796346834,BIFFI,PT,9031952.0,008183581996,722
2002,MS,DEPUTADO FEDERAL,VANDER LUIZ DOS SANTOS LOUBET,32247753191,VANDER,PT,22011964.0,007749031910,728
2002,MS,DEPUTADO FEDERAL,NELSON TRAD,00416770134,NELSON TRAD,PTB,30101930.0,003230401961,152
2002,MS,DEPUTADO FEDERAL,WALDEMIR MOKA MIRANDA DE BRITTO,14332604172,MOKA,PMDB,10101951.0,007279941996,260
2002,MS,DEPUTADO FEDERAL,ANTÔNIO FERREIRA DA CRUZ FILHO,03914127104,DR. ANTÔNIO CRUZ,PMDB,5121949.0,006380691970,261
2002,MS,DEPUTADO FEDERAL,GERALDO RESENDE PEREIRA,12896918191,GERALDO RESENDE,PPS,20041955.0,001886791970,209
2002,MS,DEPUTADO FEDERAL,MURILO ZAUITH,74706721849,MURILO,PFL,17071950.0,001719521910,177
2002,MT,SENADOR,SERYS MARLY SLHESSARENKO,43790720704,SERYS,PT,2041945.0,003324201864,227
2002,MT,SENADOR,JONAS PINHEIRO DA SILVA,00173827187,JONAS PINHEIRO,PFL,22011941.0,005906511821,301
2002,MT,DEPUTADO FEDERAL,PEDRO HENRY NETO,17506867168,PEDRO HENRY,PPB,19041957.0,005145811830,146
2002,MT,DEPUTADO FEDERAL,CARLOS AUGUSTO ABICALIL,69721106704,CARLOS ABICALIL ,PT,23011962.0,005483581813,108
2002,MT,DEPUTADO FEDERAL,ROGÉRIO LUCIO SOARES DA SILVA,28519817904,ROGÉRIO SILVA,PMDB,22111954.0,016343131813,410
2002,MT,DEPUTADO FEDERAL,WELLINGTON ANTONIO FAGUNDES,23019093104,WELINTON FAGUNDES,PL,1061957.0,002528351856,112
2002,MT,DEPUTADO FEDERAL,CELCITA ROSA PINHEIRO DA SILVA,17176662134,CELCITA PINHEIRO,PFL,22121943.0,005906531899,407
2002,MT,DEPUTADO FEDERAL,RICARTE DE FREITAS JUNIOR,16677358968,RICARTE,PSDB,17011952.0,004475871899,374
2002,MT,DEPUTADO FEDERAL,WILSON PEREIRA DOS SANTOS,24101370168,WILSON SANTOS,PSDB,26081961.0,001531061899,369
2002,MT,DEPUTADO FEDERAL,THELMA PIMENTEL FIGUEIREDO DE OLIVEIRA,17178517115,THELMA DE OLIVEIRA,PSDB,30101957.0,002990671899,373
2002,PA,SENADOR,ANA JÚLIA DE VASCONCELOS CAREPA,11816384291,ANA JÚLIA,PT,23121957.0,000098921325,226
2002,PA,SENADOR,DUCIOMAR GOMES DA COSTA,24865427287,DUCIOMAR,PSD,17081955.0,010801781325,783
2002,PA,DEPUTADO FEDERAL,JOSÉ LIMA DA SILVA,03047164215,ZÉ LIMA,PPB,,015504901350,363
2002,PA,DEPUTADO FEDERAL,JOSÉ DA CRUZ MARINHO,06651127268,ZEQUINHA MARINHO,PDT,18091959.0,008226021341,796
2002,PA,DEPUTADO FEDERAL,PAULO ROBERTO GALVAO DA ROCHA,02366010249,PAULO ROCHA,PT,1041951.0,011040781350,395
2002,PA,DEPUTADO FEDERAL,JOAO BATISTA OLIVEIRA DE ARAUJO,03195120291,BABA,PT,31101953.0,012318021376,427
2002,PA,DEPUTADO FEDERAL,JOSE GERALDO TORRES DA SILVA,17188326215,ZÉ GERALDO,PT,21121961.0,005767281384,398
2002,PA,DEPUTADO FEDERAL,JOSUÉ BENGTSON,09673504768,JOSUÉ BENGTSON,PTB,27051944.0,010674971376,810
2002,PA,DEPUTADO FEDERAL,ANN CLÉLIA DE BARROS PONTES,29530091249,ANN PONTES,PMDB,24021966.0,010464611317,443
2002,PA,DEPUTADO FEDERAL,ASDRÚBAL MENDES BENTES,00815411200,ASDRÚBAL BENTES,PMDB,27071939.0,007251321376,444
2002,PA,DEPUTADO FEDERAL,JOSE BENITO PRIANTE JUNIOR,17293618204,PRIANTE,PMDB,2121963.0,001206161384,450
2002,PA,DEPUTADO FEDERAL,WLADIMIR AFONSO DA COSTA RABELO,13761900287,WLAD,PMDB,16011964.0,010830731317,456
2002,PA,DEPUTADO FEDERAL,JADER FONTENELLE BARBALHO,00018031234,JADER BARBALHO,PMDB,27101944.0,012453171309,464
2002,PA,DEPUTADO FEDERAL,RAIMUNDO JOSÉ PEREIRA DOS SANTOS,03409244204,RAIMUNDO SANTOS,PL,10101955.0,016104951317,410
2002,PA,DEPUTADO FEDERAL,VICTOR PIRES FRANCO NETO,09426701249,VIC PIRES FRANCO,PFL,18061960.0,000323861317,259
2002,PA,DEPUTADO FEDERAL,NICIAS LOPES RIBEIRO,01946617253,NICIAS RIBEIRO,PSDB,9051948.0,000566621341,498
2002,PA,DEPUTADO FEDERAL,ANIVALDO JUVENIL VALE,07859147653,ANIVALDO VALE,PSDB,2121944.0,031484591309,491
2002,PA,DEPUTADO FEDERAL,ZENALDO RODRIGUES COUTINHO JÚNIOR,11661054234,ZENALDO COUTINHO,PSDB,4021961.0,000132521376,505
2002,PA,DEPUTADO FEDERAL,NILSON PINTO DE OLIVEIRA,02875900200,NILSON PINTO,PSDB,25031952.0,011590901341,500
2002,PB,SENADOR,JOSE TARGINO MARANHÃO,00471739472,ZÉ MARANHÃO ,PMDB,6091936,004595091228,347
2002,PB,SENADOR,EFRAIM DE ARAÚJO MORAIS,10873023404,EFRAIM MORAIS,PFL,4091952,005585241244,130
2002,PB,DEPUTADO FEDERAL,ENIVALDO RIBEIRO,02522063472,ENIVALDO RIBEIRO,PPB,26031935,013767081295,273
2002,PB,DEPUTADO FEDERAL,LUIZ ALBUQUERQUE COUTO,02043033468,LUIZ COUTO ,PT,13021945,000382951279,83
2002,PB,DEPUTADO FEDERAL,CARLOS MARQUES DUNGA,00872270459,CARLOS DUNGA,PTB,7121945,011123681201,204
2002,PB,DEPUTADO FEDERAL,JOSÉ WELLINGTON ROBERTO,26254166453,WELLINGTON ROBERTO ,PTB,19051959,003543081201,203
2002,PB,DEPUTADO FEDERAL,JOSE WILSON SANTIAGO,16159977415,WILSON SANTIAGO ,PMDB,10061957,009932351260,314
2002,PB,DEPUTADO FEDERAL,BENJAMIN GOMES MARANHÃO NETO,80517587491,BENJAMIN MARANHÃO ,PMDB,30111971,017572111287,307
2002,PB,DEPUTADO FEDERAL,PHILEMON RODRIGUES DA SILVA,11545739668,PASTOR PHILEMON,PL,19061932,054149700230,115
2002,PB,DEPUTADO FEDERAL,ADAUTO PEREIRA DE LIMA,00434930415,ADAUTO PEREIRA,PFL,4061935,006597151279,164
2002,PB,DEPUTADO FEDERAL,ANTONIA LÚCIA NAVARRO BRAGA,03867420149,LÚCIA BRAGA,PSD,13121934,013156261287,172
2002,PB,DEPUTADO FEDERAL,RONALDO JOSÉ DA CUNHA LIMA,00300500491,RONALDO CUNHA LIMA,PSDB,18031936,003584241201,159
2002,PB,DEPUTADO FEDERAL,JOSÉ DOMICIANO CABRAL,02689111268,DOMICIANO CABRAL,PSDB,16031955,103394212 60,157
2002,PB,DEPUTADO FEDERAL,ARMANDO ABÍLIO VIEIRA,02537850491,ARMANDO ABÍLIO,PSDB,29121944,004544781210,167
2002,PE,SENADOR,MARCO ANTONIO DE OLIVEIRA MACIEL,00014540487,MARCO MACIEL,PFL,21071940.0,000316050829,238
2002,PE,SENADOR,SEVERINO SÉRGIO ESTELITA GUERRA,01659367468,SÉRGIO GUERRA,PSDB,9111947.0,000403450884,232
2002,PE,DEPUTADO FEDERAL,SEVERINO JOSE CAVALCANTI FERREIRA,00808458868,SEVERINO CAVALCANTI,PPB,18121930.0,023909540841,225
2002,PE,DEPUTADO FEDERAL,PEDRO DA SILVA CORRÊA DE OLIVEIRA ANDRADE NETO,00445860430,PEDRO CORRÊA NETO,PPB,7011948.0,000346180876,211
2002,PE,DEPUTADO FEDERAL,RICARDO FERREIRA FIUZA,07520832104,RICARDO FIUZA,PPB,6091939.0,000389260892,209
2002,PE,DEPUTADO FEDERAL,MAURÍCIO RANDS COELHO BARROS,29999154468,MAURÍCIO RANDS,PT,17091961.0,003472170850,756
2002,PE,DEPUTADO FEDERAL,FERNANDO DANTAS FERRO,12582980404,FERNANDO FERRO,PT,5091951.0,004738950809,757
2002,PE,DEPUTADO FEDERAL,PAULO RUBEM SANTIAGO FERREIRA,11344024491,PAULO RUBEM,PT,17071955.0,003543390809,723
2002,PE,DEPUTADO FEDERAL,RAUL BELENS JUNGMANN PINTO,24444928468,RAUL JUNGMANN,PMDB,3041952.0,002728710809,265
2002,PE,DEPUTADO FEDERAL,ARMANDO DE QUEIROZ MONTEIRO NETO,03881229434,ARMANDO MONTEIRO NETO,PMDB,24021952.0,011659750809,236
2002,PE,DEPUTADO FEDERAL,CARLOS EDUARDO CINTRA DA COSTA PEREIRA,00230685404,CADOCA,PMDB,23041940.0,000599950868,240
2002,PE,DEPUTADO FEDERAL,JOSÉ SEVERIANO CHAVES,01857649400,ZE CHAVES,PMDB,8061942.0,000302820817,272
2002,PE,DEPUTADO FEDERAL,MARCOS ANTONIO DE BARROS,18735355468,PASTOR MARCOS DE JESUS,PL,23101958.0,000101420876,744
2002,PE,DEPUTADO FEDERAL,ROBERTO JOÃO PEREIRA FREIRE,00235369420,ROBERTO FREIRE,PPS,20041942.0,005763460809,887
2002,PE,DEPUTADO FEDERAL,ANDRÉ CARLOS ALVES DE PAULA FILHO,34148485468,ANDRÉ,PFL,22071961.0,000146970884,294
2002,PE,DEPUTADO FEDERAL,INOCENCIO GOMES DE OLIVEIRA,00177601434,INOCENCIO OLIVEIRA,PFL,21101938.0,020220220876,217
2002,PE,DEPUTADO FEDERAL,OSVALDO DE SOUZA COELHO,00371807468,OSVALDO COELHO,PFL,24081931.0,022601620876,215
2002,PE,DEPUTADO FEDERAL,JOAQUIM FRANCISCO DE FREITAS CAVALCANTI,00458287415,JOAQUIM FRANCISCO,PFL,14041948.0,005828210809,220
2002,PE,DEPUTADO FEDERAL,JOSÉ MENDONÇA BEZERRA,00182036472,JOSÉ MENDONÇA,PFL,18011936.0,015264840809,228
2002,PE,DEPUTADO FEDERAL,LUIZ GONZAGA PATRIOTA,01960970453,GONZAGA PATRIOTA,PSB,26041946.0,022412340841,487
2002,PE,DEPUTADO FEDERAL,EDUARDO HENRIQUE ACCIOLY CAMPOS,45334773487,EDUARDO CAMPOS,PSB,10081965.0,003439640809,501
2002,PE,DEPUTADO FEDERAL,FRANCISCO OLIMPIO DA SILVA,06342027404,PASTOR FRANCISCO OLIMPIO,PSB,14051946.0,021031180850,493
2002,PE,DEPUTADO FEDERAL,MIGUEL ARRAES DE ALENCAR,27732827449,ARRAES,PSB,15121916.0,003472440825,479
2002,PE,DEPUTADO FEDERAL,LUIZ PIAUHYLINO DE MELLO MONTEIRO,01862790434,LUIZ PIAUHYLINO,PSDB,10081947.0,005090030825,195
2002,PE,DEPUTADO FEDERAL,ROBERTO MAGALHÃES MELO,00007722400,ROBERTO MAGALHAES,PSDB,17071933.0,005783330809,287
2002,PE,DEPUTADO FEDERAL,JOSÉ MÚCIO MONTEIRO FILHO,05059089487,JOSÉ MÚCIO MONTEIRO,PSDB,25091948.0,011173270809,192
2002,PE,DEPUTADO FEDERAL,RENILDO VASCONCELOS CALHEIROS,20936079487,RENILDO CALHEIROS,PC do B,20041959.0,004853340825,721
2002,PI,SENADOR,FRANCISCO DE ASSIS DE MORAES SOUZA,01090046391,MÃO SANTA,PMDB,13101942.0,7371161503,347
2002,PI,SENADOR,HERACLITO DE SOUSA FORTES,06342850410,HERACLITO FORTES,PFL,1081950.0,670911503,269
2002,PI,DEPUTADO FEDERAL,FRANCISCA DAS CHAGAS DA TRINDADE,52081389304,TRINDADE,PT,26031966.0,5215731503,451
2002,PI,DEPUTADO FEDERAL,ANTONIO JOSE DE MORAES SOUZA,00165425334,MORAES SOUZA,PMDB,15011937.0,8112101503,358
2002,PI,DEPUTADO FEDERAL,MARCELO COSTA E CASTRO,02382091304,MARCELO CASTRO,PMDB,9061950.0,123561503,370
2002,PI,DEPUTADO FEDERAL,MUSSA DE JESUS DEMES,00233188304,MUSSA,PFL,18121939.0,30846941538,294
2002,PI,DEPUTADO FEDERAL,JOSE FRANCISCO PAES LANDIM,00309745187,PAES LANDIM,PFL,23031937.0,9564851538,284
2002,PI,DEPUTADO FEDERAL,CIRO NOGUEIRA LIMA FILHO,34190392391,CIRO,PFL,21111968.0,20499931503,278
2002,PI,DEPUTADO FEDERAL,JULIO CESAR DE CARVALHO LIMA,01102125334,JULIO CESAR,PFL,25081948.0,7702671511,285
2002,PI,DEPUTADO FEDERAL,ATILA FREITAS LIRA,13023594600,ATILA,PSDB,7041947.0,466981503,289
2002,PI,DEPUTADO FEDERAL,BENEDITO DE CARVALHO SA,24496588749,B. SA,PSDB,27121946.0,7781331546,276
2002,PI,DEPUTADO FEDERAL,AFONSO GIL CASTELO BRANCO,09658939368,AFONSO GIL,PC do B,26011951.0,6012011597,459
2002,PR,SENADOR,OSMAR FERNANDES DIAS,17198828949,OSMAR DIAS,PDT,10051952.0,000556180612,403
2002,PR,SENADOR,FLÁVIO JOSÉ ARNS,18516440915,FLÁVIO ARNS,PT,9111950.0,004675000620,721
2002,PR,DEPUTADO FEDERAL,NELSON MEURER,00564834904,NELSON MEURER,PPB,23071942.0,019051390655,544
2002,PR,DEPUTADO FEDERAL,DILCEU JOÃO SPERAFICO,11979216991,DILCEU SPERAFICO ,PPB,26011948.0,020830410663,499
2002,PR,DEPUTADO FEDERAL,JOSÉ MOHAMED JANENE,14430517991,JOSÉ JANENE,PPB,12091955.0,032335270604,543
2002,PR,DEPUTADO FEDERAL,RICARDO JOSÉ MAGALHÃES BARROS,42478979934,RICARDO BARROS,PPB,15111959.0,017866770647,549
2002,PR,DEPUTADO FEDERAL,ANDRE ZACHAROW,10748369953,ANDRE ZACHAROW,PDT,7071939.0,004819730604,450
2002,PR,DEPUTADO FEDERAL,IRINEU MARIO COLOMBO,49286811934,COLOMBO ,PT,22011964.0,036015880612,733
2002,PR,DEPUTADO FEDERAL,FLORISVALDO FIER,29938520944,DR. ROSINHA,PT,12111950.0,031908870604,722
2002,PR,DEPUTADO FEDERAL,ASSIS MIGUEL DO COUTO,39479471949,ASSIS,PT,17101961.0,022331170647,812
2002,PR,DEPUTADO FEDERAL,JORGE MIGUEL SAMEK,29959535991,SAMEK,PT,16051955.0,002612730698,724
2002,PR,DEPUTADO FEDERAL,PAULO BERNARDO SILVA,11253819149,PAULO BERNARDO,PT,10031952.0,013837690698,770
2002,PR,DEPUTADO FEDERAL,CLAIR DA FLORA MARTINS,16072910025,DRª CLAIR ,PT,10071945.0,000832750680,714
2002,PR,DEPUTADO FEDERAL,HIDEKAZU TAKAYAMA,52499383887,TAKAYAMA,PTB,20041948.0,001668610671,518
2002,PR,DEPUTADO FEDERAL,JOSÉ CARLOS DE CASTRO MARTINEZ,05578337872,JOSÉ CARLOS MARTINEZ ,PTB,23051948.0,000323490671,538
2002,PR,DEPUTADO FEDERAL,IRIS XAVIER SIMÕES,51463890982,IRIS SIMÕES ,PTB,25051961.0,002993440698,524
2002,PR,DEPUTADO FEDERAL,MAX ROSENMANN,00295655968,MAX ROSENMANN,PMDB,29111944.0,041709140647,193
2002,PR,DEPUTADO FEDERAL,JOSÉ RODRIGUES BORBA,02499550910,BORBA,PMDB,14071949.0,019403080698,370
2002,PR,DEPUTADO FEDERAL,MOACIR MICHELETTO,06152643015,MOACIR MICHELETTO,PMDB,25111942.0,035602130698,194
2002,PR,DEPUTADO FEDERAL,OSMAR JOSÉ SERRAGLIO,01773852949,DR. OSMAR SERRAGLIO,PMDB,23051948.0,023952280680,196
2002,PR,DEPUTADO FEDERAL,HERMES PARCIANELLO,33496315920,HERMES FRANGÃO PARCIANELLO,PMDB,25041958.0,039650000663,173
2002,PR,DEPUTADO FEDERAL,GUSTAVO BONATO FRUET,64446379968,GUSTAVO FRUET,PMDB,18041963.0,004261920655,175
2002,PR,DEPUTADO FEDERAL,BERNARDINO BARRETO DE OLIVEIRA,43429157749,PASTOR OLIVEIRA,PL,15041957.0,067893700680,819
2002,PR,DEPUTADO FEDERAL,CEZAR AUGUSTO CAROLLO SILVESTRI,22215603968,CEZAR SILVESTRI,PPS,1081954.0,014235010639,412
2002,PR,DEPUTADO FEDERAL,FERNANDO LUCIO GIACOBO,71827404949,GIACOBO,PPS,17121970.0,047438910663,453
2002,PR,DEPUTADO FEDERAL,ABELARDO LUIZ LUPION MELLO,16096843972,LUPION,PFL,25081952.0,001051130604,59
2002,PR,DEPUTADO FEDERAL,EDUARDO FRANCISCO SCIARRA,17207320949,EDUARDO SCIARRA,PFL,5101952.0,018612990671,67
2002,PR,DEPUTADO FEDERAL,LUIZ CARLOS JORGE HAULY,08682607972,HAULY,PSDB,8101950.0,021272620604,70
2002,PR,DEPUTADO FEDERAL,AFFONSO ALVES DE CAMARGO NETO,00094064920,AFFONSO CAMARGO,PSDB,30041929.0,000669970604,81
2002,PR,DEPUTADO FEDERAL,FRANCISCO OCTÁVIO BECKERT,23224843934,CHICO DA PRINCESA,PSDB,14071954.0,004003120680,86
2002,PR,DEPUTADO FEDERAL,ALEX CANZIANI SILVEIRA,36601101915,ALEX CANZIANI,PSDB,11061964.0,033038030612,84
2002,PR,DEPUTADO FEDERAL,ODILIO BALBINOTTI,13861506904,ODILIO BALBINOTTI,PSDB,8061941.0,036538510655,95
2002,RJ,SENADOR,SERGIO DE OLIVEIRA CABRAL SANTOS FILHO,74463659787,SÉRGIO CABRAL,PMDB,27011963.0,003078220310,1619
2002,RJ,SENADOR,MARCELO BEZERRA CRIVELLA,46392319700,MARCELO CRIVELLA,PL,9101957.0,039174640361,1019
2002,RJ,DEPUTADO FEDERAL,FRANCISCO OSWALDO NEVES DORNELLES,00842818715,FRANCISCO DORNELLES,PPB,7011935.0,017335750329,1278
2002,RJ,DEPUTADO FEDERAL,JULIO LUIZ BAPTISTA LOPES,59245220753,JULIO LOPES,PPB,6041959.0,017611790329,1411
2002,RJ,DEPUTADO FEDERAL,JAIR MESSIAS BOLSONARO,45317828791,JAIR BOLSONARO,PPB,21031955.0,015564190337,1406
2002,RJ,DEPUTADO FEDERAL,SIMÃO SESSIM,03441067720,SIMÃO SESSIM,PPB,8121935.0,038350850388,1216
2002,RJ,DEPUTADO FEDERAL,EDUARDO COSENTINO DA CUNHA,50447971700,EDUARDO CUNHA,PPB,29091958.0,010915780388,1273
2002,RJ,DEPUTADO FEDERAL,ALMERINDA FILGUEIRAS DE CARVALHO,17827043704,ALMERINDA DE CARVALHO,PPB,17011952.0,038811540353,1259
2002,RJ,DEPUTADO FEDERAL,MIRO TEIXEIRA,03690288720,MIRO TEIXEIRA,PDT,27051945.0,005422210337,2250
2002,RJ,DEPUTADO FEDERAL,JOAO MENDES DE JESUS,32970544768,BISPO JOAO MENDES DE JESUS,PDT,27011953.0,007441290302,2238
2002,RJ,DEPUTADO FEDERAL,ELANI COSTA THEOPHILO,02632702645,ELAINE COSTA,PDT,12051959.0,035415410302,1989
2002,RJ,DEPUTADO FEDERAL,CARLOS AUGUSTO ALVES SANTANA,62965298720,CARLOS SANTANA,PT,25051961.0,009123930388,1705
2002,RJ,DEPUTADO FEDERAL,FRANCISCO RODRIGUES DE ALENCAR FILHO,26451379700,CHICO ALENCAR,PT,19101949.0,005038000361,1776
2002,RJ,DEPUTADO FEDERAL,LUIZ SÉRGIO NÓBREGA DE OLIVEIRA,44910614753,LUIZ SÉRGIO,PT,9041958.0,069956830396,1734
2002,RJ,DEPUTADO FEDERAL,LUIZ LINDBERGH FARIAS FILHO,69049351468,LINDBERG,PT,8121969.0,092729320302,1745
2002,RJ,DEPUTADO FEDERAL,FERNANDO PAULO NAGLE GABEIRA,66717558768,FERNANDO GABEIRA,PT,17021941.0,017302560302,1805
2002,RJ,DEPUTADO FEDERAL,JORGE RICARDO BITTAR,26922053753,BITTAR,PT,25101948.0,016745840310,2417
2002,RJ,DEPUTADO FEDERAL,ANTONIO CARLOS SILVA BISCAIA,01945556749,BISCAIA,PT,3061942.0,017247510396,2204
2002,RJ,DEPUTADO FEDERAL,ROBERTO JEFFERSON MONTEIRO FRANCISCO,28090764720,ROBERTO JEFFERSON,PTB,14061953.0,000014950388,2255
2002,RJ,DEPUTADO FEDERAL,MARIA LUCIA NETTO DOS SANTOS,42000343791,MARIA LUCIA,PMDB,25031953.0,044442390345,1686
2002,RJ,DEPUTADO FEDERAL,WELLINGTON MOREIRA FRANCO,10356878791,MOREIRA FRANCO,PMDB,19101944.0,018185340337,1557
2002,RJ,DEPUTADO FEDERAL,JAILDO VIEIRA REIS,17223407549,BISPO VIEIRA REIS,PMDB,6071959.0,096751650370,1691
2002,RJ,DEPUTADO FEDERAL,ANDRÉ LUIZ LOPES DA SILVA,51160900787,ANDRÉ LUIZ,PMDB,4021959.0,027243340361,1762
2002,RJ,DEPUTADO FEDERAL,JOSE DIVINO OLIVEIRA DE SOUZA,33771472172,PASTOR DIVINO,PMDB,2061964.0,103766520396,1458
2002,RJ,DEPUTADO FEDERAL,LEONARDO CARNEIRO MONTEIRO PICCIANI,08436066731,LEONARDO,PMDB,6111979.0,100324470396,1449
2002,RJ,DEPUTADO FEDERAL,RENATO COZZOLINO SOBRINHO,10824480449,RENATO COZZOLINO,PSC,28011956.0,064071520396,2545
2002,RJ,DEPUTADO FEDERAL,ALMIR OLIVEIRA MOURA,51255510749,PASTOR ALMIR,PL,22051959.0,130509060205,1116
2002,RJ,DEPUTADO FEDERAL,CARLOS ALBERTO RODRIGUES PINTO,55181465749,BISPO RODRIGUES,PL,4101957.0,106331330370,1168
2002,RJ,DEPUTADO FEDERAL,NELSON ROBERTO BORNIER DE OLIVEIRA,10041800710,NELSON BORNIER,PL,14011950.0,052866010370,1113
2002,RJ,DEPUTADO FEDERAL,AROLDE DE OLIVEIRA,01616706287,AROLDE DE OLIVEIRA,PFL,11031937.0,002597020302,1747
2002,RJ,DEPUTADO FEDERAL,EDUARDO DA COSTA PAES,01475189702,EDUARDO PAES,PFL,14111969.0,072185730329,1749
2002,RJ,DEPUTADO FEDERAL,MARIA LAURA MONTEZA DE SOUZA CARNEIRO,79401546720,LAURA CARNEIRO,PFL,1051963.0,008614110361,1767
2002,RJ,DEPUTADO FEDERAL,RODRIGO FELINTO IBARRA EPITÁCIO MAIA,00590048783,RODRIGO MAIA,PFL,12061970.0,073616970345,1685
2002,RJ,DEPUTADO FEDERAL,REINALDO PEREIRA PINTO,50476629772,REINALDO BETÃO,PSDC,7021959.0,067248860310,1021
2002,RJ,DEPUTADO FEDERAL,JOSIAS QUINTAL DE OLIVEIRA,04918789749,JOSIAS QUINTAL,PSB,29121947.0,068409850302,1492
2002,RJ,DEPUTADO FEDERAL,BERNARDO RAMOS ARISTON,00601114701,BERNARDO ARISTON,PSB,25091969.0,072189640396,1295
2002,RJ,DEPUTADO FEDERAL,EDSON EZEQUIEL DE MATOS,08278393753,EZEQUIEL,PSB,13071945.0,044800070302,1276
2002,RJ,DEPUTADO FEDERAL,FERNANDO LOPES DE ALMEIDA,10287590704,FERNANDO LOPES,PSB,3121946.0,018552420302,2542
2002,RJ,DEPUTADO FEDERAL,ALEXANDRE AGUIAR CARDOSO,30456363734,ALEXANDRE CARDOSO,PSB,3051952.0,042687640302,1530
2002,RJ,DEPUTADO FEDERAL,PAULO CESAR BALTAZAR DA NOBREGA,24910970797,BALTAZAR,PSB,25111949.0,039801580361,1319
2002,RJ,DEPUTADO FEDERAL,SANDRO MATOS PEREIRA,00691660727,SANDRO MATOS,PSD,22041970.0,076089080388,2500
2002,RJ,DEPUTADO FEDERAL,WANDERLEY ALVES DE OLIVEIRA,53002440744,DELEI,PV,28081959.0,039834920310,1053
2002,RJ,DEPUTADO FEDERAL,ALEXANDRE JOSÉ DOS SANTOS,30557224772,ALEXANDRE SANTOS,PSDB,4091954.0,064350980337,1783
2002,RJ,DEPUTADO FEDERAL,PAULO FERNANDO FEIJO TORRES,52118037791,PAULO FEIJO,PSDB,23031956.0,034458760302,1748
2002,RJ,DEPUTADO FEDERAL,RONALDO CEZAR COELHO,10999965700,RONALDO CEZAR COELHO,PSDB,23031947.0,056577510361,1367
2002,RJ,DEPUTADO FEDERAL,DENISE FROSSARD LOSCHI,16662962600,DENISE FROSSARD- A JUIZA,PSDB,6101950.0,038698340302,1452
2002,RJ,DEPUTADO FEDERAL,HELENO AUGUSTO DE LIMA,03565971720,DR HELENO,PSDB,25041940.0,064085740302,1849
2002,RJ,DEPUTADO FEDERAL,JANDIRA FEGHALI,43428169700,JANDIRA FEGHALI,PC do B,17051957.0,018508500329,1220
2002,RN,SENADOR,GARIBALDI ALVES FILHO,00442810482,GARIBALDI FILHO,PMDB,4021947.0,001609551660,228
2002,RN,SENADOR,JOSÉ AGRIPINO MAIA,00441392415,JOSÉ AGRIPINO,PFL,23051945.0,001185761643,342
2002,RN,DEPUTADO FEDERAL,NELIO SILVEIRA DIAS,01192914449,NELIO DIAS,PPB,22011945.0,009326091600,242
2002,RN,DEPUTADO FEDERAL,MARIA DE FATIMA BEZERRA,16025733449,FATIMA,PT,19051955.0,000804411600,294
2002,RN,DEPUTADO FEDERAL,IBERE PAIVA FERREIRA DE SOUZA,01087339472,IBERE,PTB,27021944.0,004799521660,353
2002,RN,DEPUTADO FEDERAL,HENRIQUE EDUARDO LYRA ALVES,13047019720,HENRIQUE EDUARDO ALVES,PMDB,9121948.0,001645371643,234
2002,RN,DEPUTADO FEDERAL,SANDRA MARIA DA ESCOSSIA ROSADO,32889429415,SANDRA ROSADO,PMDB,23051951.0,006993941600,240
2002,RN,DEPUTADO FEDERAL,ÁLVARO COSTA DIAS,18261566404,ÁLVARO DIAS,PMDB,4091959.0,005855981651,233
2002,RN,DEPUTADO FEDERAL,CARLOS ALBERTO DE SOUZA ROSADO,07457103449,BETINHO ROSADO,PFL,23121948.0,007012901600,350
2002,RN,DEPUTADO FEDERAL,NEY LOPES DE SOUZA,00307947491,NEY LOPES,PFL,14021945.0,001670941686,348
2002,RO,SENADOR,FÁTIMA CLEIDE RODRIGUES DA SILVA,15361195200,FÁTIMA CLEIDE,PT,2011963.0,000312562380,636
2002,RO,SENADOR,VALDIR RAUPP DE MATOS,34347364920,RAUPP,PMDB,24081955.0,004205832399,438
2002,RO,DEPUTADO FEDERAL,ANSELMO DE JESUS ABREU,32518374949,ANSELMO,PT,25121952.0,007953032380,582
2002,RO,DEPUTADO FEDERAL,EDUARDO VALVERDE ARAUJO ALVES,38935120715,EDUARDO VALVERDE,PT,20021957.0,001533732380,652
2002,RO,DEPUTADO FEDERAL,NILTON BALBINO,57785368791,NILTON CAPIXABA,PTB,9021960.0,009463542321,385
2002,RO,DEPUTADO FEDERAL,CONFÚCIO AIRES MOURA,03733831187,CONFÚCIO MOURA,PMDB,16051948.0,002025122348,374
2002,RO,DEPUTADO FEDERAL,MARINHA CELIA ROCHA RAUPP DE MATOS,03279216842,MARINHA RAUPP,PMDB,23111960.0,004197412305,363
2002,RO,DEPUTADO FEDERAL,AGNALDO MUNIZ,31687059268,AGNALDO MUNIZ,PPS,31081970.0,006879852330,372
2002,RO,DEPUTADO FEDERAL,MIGUEL DE SOUZA,09836527400,MIGUEL DE SOUZA,PFL,25121953.0,001901182348,508
2002,RO,DEPUTADO FEDERAL,SÉRGIO SIQUEIRA DE CARVALHO,62740806787,SERGIO CARVALHO,PSDB,25031955.0,000282552330,295
2002,RR,SENADOR,AUGUSTO AFFONSO BOTELHO NETO,27162893791,AUGUSTO BOTELHO,PDT,24121947,000501902658,407
2002,RR,SENADOR,ROMERO JUCÁ FILHO,09582819472,JUCÁ,PSDB,30111954,001325082666,58
2002,RR,DEPUTADO FEDERAL,FRANKEMBERGEN GALVÃO DA COSTA,14467976272,PASTOR FRANKEMBERGEN ,PPB,30041962,000189142666,559
2002,RR,DEPUTADO FEDERAL,MOISES SRAGOWICZ LIPNIK,90837371872,LIPNIK,PDT,05081953,001291963631,411
2002,RR,DEPUTADO FEDERAL,RODOLFO PEREIRA,16408438253,DR RODOLFO ,PDT,10011968,001595602615,408
2002,RR,DEPUTADO FEDERAL,MARIA HELENA VERONESE RODRIGUES,11251778291,MARIA HELENA,PST,15061949,000226422640,608
2002,RR,DEPUTADO FEDERAL,ALCESTE MADEIRA DE ALMEIDA,01549812220,ALCESTE MADEIRA  ,PL,22031944,000323392607,637
2002,RR,DEPUTADO FEDERAL,FRANCISCO DE ASSIS RODRIGUES,07654871449,CHICO RODRIGUES,PFL,23041951,000027052674,248
2002,RR,DEPUTADO FEDERAL,LUCIANO DE SOUZA CASTRO,12776181787,LUCIANO CASTRO,PFL,22081949,000243742640,270
2002,RR,DEPUTADO FEDERAL,MARIA SUELY SILVA CAMPOS,18148506272,SUELY CAMPOS,PFL,14051953,000493322658,244
2002,RS,SENADOR,PAULO RENATO PAIM,11062975049,PAIM,PT,15031950,32745760418,351
2002,RS,SENADOR,SÉRGIO PEDRO ZAMBIASI,13567675087,ZAMBIASI,PTB,9091949,31118230426,321
2002,RS,DEPUTADO FEDERAL,JÚLIO CÉSAR REDECKER,16145542004,JÚLIO REDECKER,PPB,12071956,49501130450,605
2002,RS,DEPUTADO FEDERAL,JOSE OTAVIO GERMANO,36447374015,JOSE OTAVIO GERMANO,PPB,21041962,44347170400,551
2002,RS,DEPUTADO FEDERAL,ERICO DA SILVA RIBEIRO,726109053,ERICO RIBEIRO,PPB,27121935,13649210434,533
2002,RS,DEPUTADO FEDERAL,FRANCISCO SÉRGIO TURRA,519081072,TURRA,PPB,18091942,12197580400,535
2002,RS,DEPUTADO FEDERAL,LUIS CARLOS HEINZE,14272954091,LUIS CARLOS HEINZE,PPB,14091950,9353970469,583
2002,RS,DEPUTADO FEDERAL,JOÃO AUGUSTO RIBEIRO NARDES,9054596015,NARDES,PPB,13101952,13225100434,616
2002,RS,DEPUTADO FEDERAL,DARCI POMPEO DE MATTOS,28346890087,POMPEO DE MATTOS,PDT,12071958,25313150400,904
2002,RS,DEPUTADO FEDERAL,ALCEU DE DEUS COLLARES,8891311120,COLLARES,PDT,12091927,25055270450,826
2002,RS,DEPUTADO FEDERAL,ENIO EGON BERGMANN BACCI,24076163087,ENIO BACCI,PDT,19091958,9972980469,897
2002,RS,DEPUTADO FEDERAL,TARCISIO JOÃO ZIMMERMANN,16793471015,TARCISIO ZIMMERMANN,PT,24071954,25346220493,933
2002,RS,DEPUTADO FEDERAL,PAULO ROBERTO SEVERO PIMENTA,42844924034,PIMENTA,PT,19031965,8832570493,876
2002,RS,DEPUTADO FEDERAL,HENRIQUE FONTANA JÚNIOR,33410518053,HENRIQUE FONTANA,PT,18011960,44194670469,741
2002,RS,DEPUTADO FEDERAL,ORLANDO DESCONSI,40964469049,ORLANDO DESCONSI,PT,11121963,8199990400,945
2002,RS,DEPUTADO FEDERAL,ADAO PRETTO,12417211068,ADAO PRETTO,PT,18121945,27636980442,352
2002,RS,DEPUTADO FEDERAL,MARIA DO ROSARIO NUNES,48989371015,MARIA DO ROSARIO,PT,22111966,22431930442,780
2002,RS,DEPUTADO FEDERAL,LUCIANA KREBS GENRO,61952370000,LUCIANA GENRO,PT,17011971,58020930442,944
2002,RS,DEPUTADO FEDERAL,ARY JOSÉ VANAZZI,34643265949,ARY VANAZZI,PT,22101958,32547670469,689
2002,RS,DEPUTADO FEDERAL,NEIVA TERESINHA MARQUES,38626454015,KELLY MORAES,PTB,19011963,33356840400,400
2002,RS,DEPUTADO FEDERAL,REINALDO SANTOS E SILVA,6557872915,PASTOR REINALDO,PTB,14021949,17998800485,419
2002,RS,DEPUTADO FEDERAL,EDIR PEDRO DE OLIVEIRA,12577693087,EDIR OLIVEIRA,PTB,3021950,40010380442,432
2002,RS,DEPUTADO FEDERAL,DARCISIO PAULO PERONDI,8262748034,PERONDI,PMDB,2041947,15008650477,862
2002,RS,DEPUTADO FEDERAL,JORGE ALBERTO PORTANOVA MENDES RIBEIRO FILHO,16508513087,MENDES RIBEIRO,PMDB,27121954,49265430418,759
2002,RS,DEPUTADO FEDERAL,JOSE IVO SARTORI,11782960082,SARTORI,PMDB,25021948,4333410418,796
2002,RS,DEPUTADO FEDERAL,CEZAR AUGUSTO SCHIRMER,20056435053,CEZAR SCHIRMER,PMDB,23021952,16548970434,844
2002,RS,DEPUTADO FEDERAL,ELISEU LEMOS PADILHA,922773068,PADILHA,PMDB,23121945,19148540426,868
2002,RS,DEPUTADO FEDERAL,OSVALDO ANICETTO BIOLCHI,4962796020,OSVALDO BIOLCHI,PMDB,16121934,32272890485,717
2002,RS,DEPUTADO FEDERAL,PAULO JOSÉ GOUVEA,52626830020,PAULO GOUVEA,PL,19041964,11281820400,562
2002,RS,DEPUTADO FEDERAL,NELSON LUIZ PROENÇA FERNANDES,10924213000,PROENÇA,PPS,14081950,58282630477,478
2002,RS,DEPUTADO FEDERAL,ONYX DORNELLES LORENZONI,21025932072,ONYX LORENZONI,PFL,3101954,38183130477,461
2002,RS,DEPUTADO FEDERAL,LUIZ ROBERTO DE ALBUQUERQUE,33769460006,BETO ALBUQUERQUE,PSB,6011963,14809240493,1091
2002,RS,DEPUTADO FEDERAL,YEDA RORATO CRUSIUS,15419819015,YEDA CRUSIUS,PSDB,26071944,21737700434,1074
2002,SC,SENADOR,IDELI SALVATTI,22270027949,IDELI SALVATTI,PT,18031952.0,009211250906,95
2002,SC,SENADOR,LEONEL ARCANGELO PAVAN,29150728920,LEONEL PAVAN,PSDB,7091954.0,019693960965,198
2002,SC,DEPUTADO FEDERAL,JOÃO ALBERTO PIZZOLATTI JUNIOR,42995043991,PIZZOLATTI,PPB,31101961.0,019594400922,358
2002,SC,DEPUTADO FEDERAL,LEODEGAR DA CUNHA TISCOSKI,16919661934,LEODEGAR TISCOSKI,PPB,2101948.0,019413270906,513
2002,SC,DEPUTADO FEDERAL,ODACIR ZONTA,10536744904,ZONTA,PPB,18071945.0,003259290930,507
2002,SC,DEPUTADO FEDERAL,IVAN CESAR RANZOLIN,13393383949,IVAN RANZOLIN,PPB,18061939.0,010155000973,496
2002,SC,DEPUTADO FEDERAL,CARLOS FERNANDO AGUSTINI,22073671934,FERNANDO CORUJA,PDT,4121954.0,010420030973,315
2002,SC,DEPUTADO FEDERAL,JORGE CATARINO LEONARDELI BOEIRA,24620262900,BOEIRA,PT,5111955.0,000162180930,98
2002,SC,DEPUTADO FEDERAL,CARLITO MERSS,24832707949,CARLITO MERSS,PT,16091955.0,009206770990,92
2002,SC,DEPUTADO FEDERAL,LUCI TEREZINHA CHOINACKI,70740178920,LUCI,PT,17031954.0,040675080949,100
2002,SC,DEPUTADO FEDERAL,CLAUDIO ANTONIO VIGNATTI,58988327934,CLAUDIO VIGNATTI,PT,2021967.0,016929300965,97
2002,SC,DEPUTADO FEDERAL,MAURO GUIMARAES PASSOS,09141022068,MAURO PASSOS,PT,12091948.0,005068610949,106
2002,SC,DEPUTADO FEDERAL,EDSON BEZ DE OLIVEIRA,09629734915,EDINHO BEZ,PMDB,6031950.0,014165840981,52
2002,SC,DEPUTADO FEDERAL,ADELOR FRANCISCO VIEIRA,11365870987,ADELOR VIEIRA,PMDB,7011947.0,008366580965,46
2002,SC,DEPUTADO FEDERAL,PAULO AFONSO EVANGELISTA VIEIRA,43241379949,PAULO AFONSO,PMDB,10051958.0,002656490930,63
2002,SC,DEPUTADO FEDERAL,JOÃO BATISTA MATOS,02988186987,JOÃO MATOS,PMDB,8011948.0,006187230949,55
2002,SC,DEPUTADO FEDERAL,PAULO ROBERTO BAUER,29397057987,PAULO BAUER,PFL,20031957.0,008279440965,606
2002,SC,DEPUTADO FEDERAL,GERVÁSIO JOSÉ DA SILVA,14550067934,GERVÁSIO SILVA,PFL,24051955.0,013124070922,515
2002,SE,SENADOR,JOSÉ ALMEIDA LIMA,10223738549,ALMEIDA LIMA,PDT,28091953.0,3360752100,461
2002,SE,SENADOR,ANTONIO CARLOS VALADARES,00409090506,VALADARES,PSB,6041943.0,3792812119,541
2002,SE,DEPUTADO FEDERAL,JOSÉ CLEONÂNCIO DA FONSECA,01100599568,CLEONÂNCIO FONSECA,PPB,14121936.0,209662100,486
2002,SE,DEPUTADO FEDERAL,JOAO FONTES DE FARIA FERNANDES,12013005504,JOAO FONTES,PT,1061958.0,2597802127,136
2002,SE,DEPUTADO FEDERAL,JORGE ALBERTO TELES PRADO,07705190591,JORGE ALBERTO,PMDB,4041953.0,155532151,431
2002,SE,DEPUTADO FEDERAL,JOSÉ HELENO DA SILVA,45006776587,PASTOR HELENO,PL,22071967.0,1394612143,137
2002,SE,DEPUTADO FEDERAL,JOSÉ CARLOS MACHADO,03388190534,MACHADO,PFL,17011949.0,2151752186,484
2002,SE,DEPUTADO FEDERAL,JOSÉ DE ARAÚJO MENDONÇA SOBRINHO,34247351591,MENDONÇA PRADO,PFL,14101966.0,584502194,487
2002,SE,DEPUTADO FEDERAL,JACKSON BARRETO DE LIMA,03862232549,JACKSON BARRETO,PMN,6051944.0,5871662127,128
2002,SE,DEPUTADO FEDERAL,JOÃO BOSCO DA COSTA,02235080553,BOSCO COSTA,PSDB,28091950.0,1861532100,614
2002,SP,SENADOR,ALOIZIO MERCADANTE OLIVA,96333731820,MERCADANTE,PT,13051954.0,087017320167,5542
2002,SP,SENADOR,ROMEU TUMA,01097334872,ROMEU TUMA,PFL,4101931.0,095689710116,5534
2002,SP,DEPUTADO FEDERAL,ANTONIO DELFIM NETTO,00858099853,DELFIM NETTO,PPB,1051928.0,086639430191,5407
2002,SP,DEPUTADO FEDERAL,CELSO UBIRAJARA RUSSOMANNO,01252958803,CELSO RUSSOMANNO,PPB,20081956.0,007504850132,5637
2002,SP,DEPUTADO FEDERAL,ETIVALDO VADÃO GOMES,78443091800,VADÃO,PPB,19041957.0,075678160116,5437
2002,SP,DEPUTADO FEDERAL,HELIO DE OLIVEIRA SANTOS,72111470830,DR. HÉLIO,PDT,6091950.0,017604120159,6586
2002,SP,DEPUTADO FEDERAL,JOSE EDUARDO MARTINS CARDOZO,02160431826,JOSÉ EDUARDO CARDOZO,PT,18041959.0,001240900116,6649
2002,SP,DEPUTADO FEDERAL,TELMA SANDRA AUGUSTO DE SOUZA,03732630820,TELMA DE SOUZA ,PT,29091944.0,168338600124,6277
2002,SP,DEPUTADO FEDERAL,IARA BERNARDI,00549299890,IARA BERNARDI,PT,2061952.0,104903100141,6343
2002,SP,DEPUTADO FEDERAL,JOSE DIRCEU DE OLIVEIRA E SILVA,03362008895,ZÉ DIRCEU,PT,16031946.0,095349430108,6641
2002,SP,DEPUTADO FEDERAL,ANGELA MORAES GUADAGNIN,83130616853,ANGELA GUADAGNIN,PT,8041948.0,045838080191,6626
2002,SP,DEPUTADO FEDERAL,ROBERTO GOUVEIA NASCIMENTO,01309349843,ROBERTO GOUVEIA,PT,6061955.0,079284220116,6262
2002,SP,DEPUTADO FEDERAL,ARLINDO CHIGNALIA JUNIOR,06821146187,ARLINDO CHINAGLIA,PT,24121949.0,007428910108,6636
2002,SP,DEPUTADO FEDERAL,JOAO PAULO CUNHA,00168387859,JOÃO PAULO,PT,6061958.0,110746810132,6352
2002,SP,DEPUTADO FEDERAL,IVAN VALENTE,37655582815,IVAN VALENTE,PT,5071946.0,103324530141,6350
2002,SP,DEPUTADO FEDERAL,RICARDO JOSE RIBEIRO BERZOINI,00752912828,RICARDO BERZOINI,PT,10021960.0,096396410159,7029
2002,SP,DEPUTADO FEDERAL,JOSE MENTOR GUILHERME DE MELLO NETTO,53455843891,JOSÉ MENTOR,PT,30091948.0,097310820141,7049
2002,SP,DEPUTADO FEDERAL,ORLANDO FANTAZZINI NETO,94773092815,ORLANDO FANTAZZINI,PT,14091958.0,112490990191,6310
2002,SP,DEPUTADO FEDERAL,LUIZ EDUARDO RODRIGUES GREENHALGH,59819324815,LUIZ EDUARDO GREENHALGH,PT,11041948.0,001937320141,6610
2002,SP,DEPUTADO FEDERAL,LUIZ CARLOS DA SILVA,75918862820,PROFESSOR LUIZINHO,PT,18041955.0,126426390124,6623
2002,SP,DEPUTADO FEDERAL,DURVAL LOPES ORLATO,05326520885,DURVAL ORLATO,PT,21041964.0,027357540167,6634
2002,SP,DEPUTADO FEDERAL,DEVANIR RIBEIRO,27173275849,DEVANIR RIBEIRO,PT,2021944.0,094619840116,6482
2002,SP,DEPUTADO FEDERAL,EUSTAQUIO LUCIANO ZICA,50784986800,ZICA,PT,7011951.0,110167350108,6237
2002,SP,DEPUTADO FEDERAL,VICENTE PAULO DA SILVA,12995398404,VICENTINHO,PT,8041956.0,142330690183,6372
2002,SP,DEPUTADO FEDERAL,RICARDO NAGIB IZAR,04004647800,RICARDO IZAR,PTB,28071936.0,088063780108,6308
2002,SP,DEPUTADO FEDERAL,LUIZ ANTONIO FLEURY FILHO,07569513800,FLEURY,PTB,30031949.0,000070420141,6377
2002,SP,DEPUTADO FEDERAL,EDNA BEZERRA SAMPAIO FERNANDES,18404405115,EDNA MACEDO,PTB,1041948.0,228716350175,6735
2002,SP,DEPUTADO FEDERAL,NELSON MARQUEZELLI,01601849834,NELSON MARQUEZELLI,PTB,29101941.0,128526260124,6616
2002,SP,DEPUTADO FEDERAL,ARNALDO FARIA DE SA,21911452800,ARNALDO FARIA DE SÁ,PTB,30121945.0,078025840124,6715
2002,SP,DEPUTADO FEDERAL,PAULO CESAR DE OLIVEIRA LIMA,03070589804,PAULO LIMA,PMDB,9021963.0,037860920159,6889
2002,SP,DEPUTADO FEDERAL,MILTON ANTONIO CASQUEL MONTI,02980372897,MILTON MONTI,PMDB,11061961.0,046946170191,7629
2002,SP,DEPUTADO FEDERAL,JOSE ARISTODEMO PINOTTI,01428837868,DR. PINOTTI,PMDB,20121934.0,016727190132,5506
2002,SP,DEPUTADO FEDERAL,MICHEL MIGUEL ELIAS TEMER LULIA,06931987887,MICHEL TEMER,PMDB,23091940.0,001970380116,7610
2002,SP,DEPUTADO FEDERAL,VANDEVAL LIMA DOS SANTOS,58763414791,BISPO WANDERVAL DE JESUS,PL,9101956.0,228095820141,5486
2002,SP,DEPUTADO FEDERAL,LUIZ ANTONIO DE MEDEIROS NETO,02841116867,MEDEIROS,PL,23011948.0,096616340124,5641
2002,SP,DEPUTADO FEDERAL,VALDEMAR COSTA NETO,52300536820,VALDEMAR COSTA NETO,PL,11081949.0,030887780108,5640
2002,SP,DEPUTADO FEDERAL,JOÃO HERRMANN NETO,20257287868,JOÃO HERRMANN ,PPS,7031946.0,103940390116,6745
2002,SP,DEPUTADO FEDERAL,DIMAS EDUARDO RAMALHO,82886890863,DIMAS RAMALHO,PPS,13081954.0,049434620141,7220
2002,SP,DEPUTADO FEDERAL,CLAUDIO MAGRAO DE CAMARGO CRE,57288364887,CLAUDIO MAGRÃO,PPS,6071951.0,119228580116,6400
2002,SP,DEPUTADO FEDERAL,RUBENEUTON OLIVEIRA LIMA,05951391830,NEUTON LIMA,PFL,27041965.0,068025160159,6224
2002,SP,DEPUTADO FEDERAL,GILBERTO KASSAB,08884761832,GILBERTO KASSAB,PFL,12081960.0,086302290191,6233
2002,SP,DEPUTADO FEDERAL,VALDEMAR CORAUCI SOBRINHO,03477460804,CORAUCI,PFL,24081945.0,039492320108,6206
2002,SP,DEPUTADO FEDERAL,MARCOS ROBERTO ABRAMO,13782252870,MARCOS ABRAÃO,PFL,22121969.0,177947660175,6279
2002,SP,DEPUTADO FEDERAL,ROBSON TUMA,12697282882,ROBSON TUMA,PFL,5091968.0,167784820108,6293
2002,SP,DEPUTADO FEDERAL,LUIZ CARLOS DOS SANTOS,04373880859,LUIZ CARLOS SANTOS,PFL,26051932.0,006477380116,6230
2002,SP,DEPUTADO FEDERAL,JOÃO BATISTA RAMOS DA SILVA,00240222172,BISPO JOAO BATISTA,PFL,24021944.0,020273222232,6248
2002,SP,DEPUTADO FEDERAL,LUIZA ERUNDINA DE SOUSA,00480584400,LUIZA ERUNDINA,PSB,30111934.0,097564300132,7352
2002,SP,DEPUTADO FEDERAL,GILBERTO NASCIMENTO SILVA,64817407891,GILBERTO NASCIMENTO,PSB,9071956.0,153032620167,6678
2002,SP,DEPUTADO FEDERAL,EVILASIO CAVALCANTE DE FARIAS,13266179404,DR. EVILÁSIO,PSB,6021952.0,133697140124,6660
2002,SP,DEPUTADO FEDERAL,JEFFERSON ALVES DE CAMPOS,02684165831,JEFFERSON CAMPOS,PSB,26101964.0,104635880167,6725
2002,SP,DEPUTADO FEDERAL,VICENTE FERNANDES CASCIONE,17283620834,CASCIONE,PSB,14071942.0,106390360183,7013
2002,SP,DEPUTADO FEDERAL,JOVINO CANDIDO DA SILVA,69344132887,JOVINO,PV,20011955.0,058958390183,6143
2002,SP,DEPUTADO FEDERAL,FRANCISCO MARCELO ORTIZ FILHO,01832778800,MARCELO ORTIZ,PV,26121934.0,021328270175,6723
2002,SP,DEPUTADO FEDERAL,CARLOS HENRIQUE FOCESI SAMPAIO,06197277808,CARLOS SAMPAIO,PSDB,31031963.0,107672700175,7410
2002,SP,DEPUTADO FEDERAL,ANTONIO ADOLPHO LOBBE NETO,05929116830,LOBBE NETO,PSDB,18061957.0,043102910132,5974
2002,SP,DEPUTADO FEDERAL,ALBERTO GOLDMAN,01111094853,GOLDMAN,PSDB,12101937.0,001847890191,7296
2002,SP,DEPUTADO FEDERAL,ALOYSIO NUNES FERREIRA FILHO,01329335864,ALOYSIO NUNES FERREIRA ,PSDB,5041945.0,044638280116,5999
2002,SP,DEPUTADO FEDERAL,ANTONIO CARLOS PANNUNZIO,18952364872,PANNUNZIO,PSDB,29071943.0,104790440108,7272
2002,SP,DEPUTADO FEDERAL,SALVADOR ZIMBALDI FILHO,77568940810,SALVADOR ZIMBALDI,PSDB,5061955.0,107865040116,6013
2002,SP,DEPUTADO FEDERAL,ZULAIE COBRA RIBEIRO,30388872853,ZULAIÊ COBRA,PSDB,18111943.0,077566380167,5547
2002,SP,DEPUTADO FEDERAL,JULIO FRANCISCO SEMEGHINI NETO,02950535852,JULIO SEMEGHINI,PSDB,25071956.0,006359750124,5978
2002,SP,DEPUTADO FEDERAL,WALTER MEYER FELDMAN,00359614817,WALTER FELDMAN,PSDB,29011954.0,008442570167,5988
2002,SP,DEPUTADO FEDERAL,ANTONIO CARLOS DE MENDES THAME,20849893887,THAME,PSDB,13061946.0,035903700183,5970
2002,SP,DEPUTADO FEDERAL,ARNALDO DE ABREU MADEIRA,04733398891,MADEIRA,PSDB,10031940.0,001726050167,7244
2002,SP,DEPUTADO FEDERAL,ELIMAR MAXIMO DAMASCENO,47133732734,ELIMAR,PRONA,17021951.0,067338590337,5496
2002,SP,DEPUTADO FEDERAL,VANDERLEI ASSIS DE SOUZA,09722645749,VANDERLEI ASSIS,PRONA,29101945.0,070677870353,6096
2002,SP,DEPUTADO FEDERAL,AMAURI ROBLEDO GASQUES,63659115720,AMAURI ROBLEDO GASQUES,PRONA,17031958.0,099476380108,7261
2002,SP,DEPUTADO FEDERAL,ENEAS FERREIRA CARNEIRO,12604305704,ENÉAS,PRONA,5111938.0,016352040310,6090
2002,SP,DEPUTADO FEDERAL,IRAPUAN TEIXEIRA,09284184053,PROF IRAPUAN TEIXEIRA,PRONA,7121948.0,003514980469,6085
2002,SP,DEPUTADO FEDERAL,ILDEU ALVES DE ARAUJO,17872111772,ILDEU ARAUJO,PRONA,22031943.0,000444332020,6078
2002,SP,DEPUTADO FEDERAL,JAMIL MURAD,29771978853,JAMIL MURAD,PC do B,20021943.0,086359550108,6288
2002,SP,DEPUTADO FEDERAL,JOSE ALDO REBELO FIGUEIREDO,16412150463,ALDO REBELO,PC do B,23021956.0,000056520191,6305
2002,TO,SENADOR,LEOMAR DE MELO QUINTANILHA,07525443149,LEOMAR QUINTANILHA,PFL,23101945.0,016399932755,82
2002,TO,SENADOR,JOÃO BATISTA DE JESUS RIBEIRO,11747145149,JOÃO RIBEIRO,PFL,25061954.0,017511942712,73
2002,TO,DEPUTADO FEDERAL,AMARILDO MARTINS DA SILVA,26119145168,PASTOR AMARILDO,PPB,22081962.0,028974172747,159
2002,TO,DEPUTADO FEDERAL,OSVALDO DE SOUZA REIS,03667561172,OSVALDO REIS,PMDB,30121936.0,021056002755,92
2002,TO,DEPUTADO FEDERAL,DARCI MARTINS COELHO,06875700182,DARCI COELHO,PFL,17011940.0,020904102704,155
2002,TO,DEPUTADO FEDERAL,HOMERO DA SILVA BARRETO,04203682134,HOMERO BARRETO,PFL,3121951.0,018231402739,161
2002,TO,DEPUTADO FEDERAL,KÁTIA REGINA DE ABREU,61330345134,KÁTIA ABREU,PFL,2021962.0,028950062720,154
2002,TO,DEPUTADO FEDERAL,JOSÉ MAURÍCIO RABELO,31716423104,MAURÍCIO RABELO,PSD,27041960.0,023421011007,178
2002,TO,DEPUTADO FEDERAL,CARLOS EDUARDO GOMES TORRES,31340261120,EDUARDO GOMES,PSDB,28041966.0,022562992704,151
2002,TO,DEPUTADO FEDERAL,RONALDO DIMAS PEREIRA NOGUEIRA,26021013620,RONALDO DIMAS,PSDB,27041961.0,017582722755,162
