ANO_ELEICAO,SIGLA_UF,DESCRICAO_CARGO,NOME_CANDIDATO,CPF_CANDIDATO,NOME_URNA_CANDIDATO,SIGLA_PARTIDO,DATA_NASCIMENTO,NUM_TITULO_ELEITORAL_CANDIDATO,SEQUENCIAL_CANDIDATO
2010,AC,SENADOR,JORGE NEY VIANA MACEDO NEVES,96980486853,JORGE VIANA,PT,20-SEP-59,780342402,10000000125
2010,AC,SENADOR,SERGIO DE OLIVEIRA CUNHA,9604332287,PETECAO,PMN,20-APR-60,825962445,10000000133
2010,AC,DEPUTADO FEDERAL,ANTONIA LUCILEIA CRUZ RAMOS CAMARA,50791524272,ANTONIA LUCIA,PSC,17-JUL-70,16497022232,10000000194
2010,AC,DEPUTADO FEDERAL,FLAVIANO FLAVIO BAPTISTA DE MELO,33251797700,FLAVIANO MELO,PMDB,17-NOV-49,745162429,10000000198
2010,AC,DEPUTADO FEDERAL,GLADSON DE LIMA CAMELI,43461107204,GLADSON CAMELI,PP,26-MAR-78,2615252488,10000000243
2010,AC,DEPUTADO FEDERAL,HENRIQUE AFONSO SOARES LIMA,21630755249,HENRIQUE AFONSO,PV,03-DEC-64,264572410,10000000245
2010,AC,DEPUTADO FEDERAL,MARCIO MIGUEL BITTAR,23796332153,MARCIO BITTAR,PSDB,28-JUN-63,259632429,10000000205
2010,AC,DEPUTADO FEDERAL,MARIA PERPETUA DE ALMEIDA,21644063204,PERPÉTUA ALMEIDA,PC do B,28-DEC-64,1166662429,10000000251
2010,AC,DEPUTADO FEDERAL,SEBASTIAO SIBA MACHADO OLIVEIRA,13365517391,SIBA MACHADO,PT,24-JAN-58,215682461,10000000255
2010,AC,DEPUTADO FEDERAL,TAUMATURGO LIMA CORDEIRO,55072097749,TAUMATURGO,PT,11-JUL-57,3220002410,10000000257
2010,AL,SENADOR,BENEDITO DE LIRA,322598400,BENEDITO DE LIRA,PP,01-MAY-42,5492531708,20000000303
2010,AL,SENADOR,JOSÉ RENAN VASCONCELOS CALHEIROS,11078685487,RENAN,PMDB,16-SEP-55,5448401791,20000000276
2010,AL,DEPUTADO FEDERAL,ARTHUR CESAR PEREIRA DE LIRA,67821090425,ARTHUR LIRA,PP,25-JUN-69,16423521767,20000000310
2010,AL,DEPUTADO FEDERAL,CELIA MARIA BARBOSA ROCHA,59097795834,CELIA ROCHA,PTB,29-OCT-52,1572301708,20000000069
2010,AL,DEPUTADO FEDERAL,GIVALDO DE SÁ GOUVEIA,10270060510,GIVALDO CARIMBÃO,PSB,14-OCT-57,1931871732,20000000525
2010,AL,DEPUTADO FEDERAL,JOAQUIM BELTRÃO SIQUEIRA,16349148304,JOAQUIM BELTRÃO,PMDB,27-OCT-57,5326011708,20000000289
2010,AL,DEPUTADO FEDERAL,JOSÉ RENAN VASCONCELOS CALHEIROS FILHO,71014772168,RENAN FILHO,PMDB,08-OCT-79,24323961791,20000000293
2010,AL,DEPUTADO FEDERAL,JOÃO JOSÉ PEREIRA DE LYRA,341320404,JOÃO LYRA,PTB,17-JUN-31,24549191732,20000000080
2010,AL,DEPUTADO FEDERAL,MAURÍCIO QUINTELLA MALTA LESSA,80355633434,MAURÍCIO QUINTELLA LESSA,PR,28-MAR-71,16488261716,20000000296
2010,AL,DEPUTADO FEDERAL,ROSEANE CAVALCANTE DE FREITAS,94062641453,ROSINHA DA ADEFAL,PT do B,22-APR-73,16442051791,20000000603
2010,AL,DEPUTADO FEDERAL,RUI SOARES PALMEIRA,748396403,RUI PALMEIRA,PSDB,13-SEP-76,21117901708,20000000541
2010,AM,SENADOR,CARLOS EDUARDO DE SOUZA BRAGA,7810423215,EDUARDO BRAGA,PMDB,06-DEC-60,2430682216,40000000291
2010,AM,SENADOR,VANESSA GRAZZIOTIN,16114620291,VANESSA GRAZZIOTIN,PC do B,29-JUN-61,3965652216,40000000292
2010,AM,DEPUTADO FEDERAL,ATILA SIDNEY LINS DE ALBUQUERQUE,694584215,ÁTILA LINS,PMDB,22-NOV-50,4225492208,40000000304
2010,AM,DEPUTADO FEDERAL,CARLOS ALBERTO CAVALCANTE DE SOUZA,2574837215,CARLOS SOUZA,PP,17-AUG-52,4939232291,40000000305
2010,AM,DEPUTADO FEDERAL,FRANCISCO EDINALDO PRACIANO,2581680210,PRACIANO,PT,18-FEB-56,914232216,40000000261
2010,AM,DEPUTADO FEDERAL,JOSE HENRIQUE OLIVEIRA,30824443420,HENRIQUE OLIVEIRA,PR,16-OCT-60,17541642267,40000000263
2010,AM,DEPUTADO FEDERAL,PAUDERNEY TOMAZ AVELINO,3465268253,PAUDERNEY,DEM,24-SEP-54,14124412267,40000000314
2010,AM,DEPUTADO FEDERAL,RAIMUNDO SABINO CASTELO BRANCO MAUES,22949461204,SABINO CASTELO BRANCO,PTB,31-AUG-64,5068862208,40000000315
2010,AM,DEPUTADO FEDERAL,REBECCA MARTINS GARCIA,43935117272,REBECCA GARCIA,PP,24-APR-73,16271842208,40000000317
2010,AM,DEPUTADO FEDERAL,SILAS CAMARA,13512951287,SILAS CAMARA,PSC,15-DEC-62,13588982224,40000000319
2010,AP,SENADOR,JOAO ALBERTO RODRIGUES CAPIBERIBE,27880575472,CAPI,PSB,06-MAY-47,110532518,30000000013
2010,AP,SENADOR,RANDOLPH FREDERICH RODRIGUES ALVES,43187943268,RANDOLFE,PSOL,06-NOV-72,1331132526,30000000664
2010,AP,DEPUTADO FEDERAL,DAVID SAMUEL ALCOLUMBRE TOBELEM,50900226234,DAVI ALCOLUMBRE,DEM,19-JUN-77,2494272526,30000000218
2010,AP,DEPUTADO FEDERAL,EVANDRO COSTA MILHOMEM,18086306291,EVANDRO MILHOMEM,PC do B,21-APR-62,67682577,30000000222
2010,AP,DEPUTADO FEDERAL,FATIMA LUCIA PELAES,7019858287,FATIMA PELAES,PMDB,12-FEB-59,325222585,30000000307
2010,AP,DEPUTADO FEDERAL,JANETE MARIA GOES CAPIBERIBE,18085830272,JANETE CAPIBERIBE,PSB,12-MAY-49,69332577,30000000024
2010,AP,DEPUTADO FEDERAL,LUIZ CARLOS GOMES DOS SANTOS JUNIOR,63223228268,LUIZ CARLOS,PSDB,16-AUG-79,2968952593,30000000309
2010,AP,DEPUTADO FEDERAL,MARIA DALVA DE SOUZA FIGUEIREDO,14008165215,PROFESSORA DALVA,PT,25-APR-61,295642577,30000000029
2010,AP,DEPUTADO FEDERAL,SEBASTIAO FERREIRA DA ROCHA,8986118220,BALA ROCHA,PDT,21-JAN-58,933702585,30000000232
2010,AP,DEPUTADO FEDERAL,VINICIUS DE AZEVEDO GURGEL,51004224249,VINICIUS,PRTB,30-JUL-78,3524192518,30000000608
2010,BA,SENADOR,LIDICE DA MATA E SOUZA,14672049515,LIDICE,PSB,12-MAR-56,39432990582,50000000916
2010,BA,SENADOR,WALTER DE FREITAS PINHEIRO,14264790506,WALTER PINHEIRO,PT,25-MAY-59,41320860574,50000000917
2010,BA,DEPUTADO FEDERAL,AFONSO BANDEIRA FLORENCE,17734150500,AFONSO,PT,15-OCT-60,28825880582,50000001118
2010,BA,DEPUTADO FEDERAL,ALICE MAZZUCO PORTUGAL,12377392504,ALICE PORTUGAL,PC do B,16-MAY-59,24700970558,50000001275
2010,BA,DEPUTADO FEDERAL,AMAURI SANTOS TEIXEIRA,18116922572,AMAURI TEIXEIRA,PT,01-DEC-57,30064300590,50000001119
2010,BA,DEPUTADO FEDERAL,ANTONIO CARLOS PEIXOTO DE MAGALHAES NETO,56583400553,ACM NETO,DEM,26-JAN-79,84522510582,50000000011
2010,BA,DEPUTADO FEDERAL,ANTONIO JOSE IMBASSAHY DA SILVA,2372967568,ANTONIO IMBASSAHY,PSDB,12-MAR-48,5645560558,50000000061
2010,BA,DEPUTADO FEDERAL,ANTONIO LUIZ PARANHOS RIBEIRO LEITE DE BRITO,51488868549,ANTONIO BRITO,PTB,17-JAN-69,50395060582,50000000752
2010,BA,DEPUTADO FEDERAL,ARTHUR DE OLIVEIRA MAIA DA SILVA,32604637553,ARTHUR MAIA,PMDB,17-AUG-64,23248630574,50000000754
2010,BA,DEPUTADO FEDERAL,CLAUDIO CAJADO SAMPAIO,29474485534,CLAUDIO CAJADO,DEM,01-DEC-63,81300523,50000000013
2010,BA,DEPUTADO FEDERAL,DANIEL GOMES DE ALMEIDA,7894090549,DANIEL ALMEIDA,PC do B,21-JAN-55,30538180515,50000001274
2010,BA,DEPUTADO FEDERAL,EDSON SAMPAIO PIMENTA,19442599534,EDSON PIMENTA,PC do B,11-DEC-63,30045270540,50000001276
2010,BA,DEPUTADO FEDERAL,ERIVELTON LIMA SANTANA,22989250549,ERIVELTON SANTANA,PSC,29-JAN-65,38988150515,50000000762
2010,BA,DEPUTADO FEDERAL,FABIO LOUREIRO SOUTO,71612181520,FABIO SOUTO,DEM,18-JAN-73,50492780507,50000000014
2010,BA,DEPUTADO FEDERAL,FELIX DE ALMEIDA MENDONÇA JUNIOR,24263630530,FELIX JR,PDT,27-NOV-63,35416430523,50000001127
2010,BA,DEPUTADO FEDERAL,FERNANDO DANTAS TORRES,40914771515,FERNANDO TORRES,DEM,28-DEC-68,65741450558,50000000015
2010,BA,DEPUTADO FEDERAL,GERALDO SIMÕES DE OLIVEIRA,10935088504,GERALDO SIMÕES,PT,13-NOV-53,9808470574,50000001128
2010,BA,DEPUTADO FEDERAL,JANIO NATAL ANDRADE BORGES,10501193553,JÂNIO NATAL,PRP,25-DEC-53,40871330590,50000000946
2010,BA,DEPUTADO FEDERAL,JOAO CARLOS PAOLILO BACELAR FILHO,15345931879,JOAO BACELAR,PR,08-OCT-72,50482870540,50000000771
2010,BA,DEPUTADO FEDERAL,JOSE ALVES ROCHA,4789113515,JOSE ROCHA,PR,18-AUG-48,47135190507,50000000774
2010,BA,DEPUTADO FEDERAL,JOSE CARLOS LEAO DE ARAUJO,4820991515,JOSE CARLOS ARAUJO,PDT,21-DEC-44,20895710523,50000001136
2010,BA,DEPUTADO FEDERAL,JOSIAS GOMES DA SILVA,10452001404,JOSIAS GOMES,PT,14-OCT-56,61281100574,50000001139
2010,BA,DEPUTADO FEDERAL,JOSÉ EDUARDO VIEIRA RIBEIRO,5035686515,ZÉZEU,PT,21-NOV-49,40467780531,50000001140
2010,BA,DEPUTADO FEDERAL,JOSÉ NUNES SOARES,4653580553,JOSÉ NUNES,DEM,18-DEC-50,10875730558,50000000019
2010,BA,DEPUTADO FEDERAL,JOÃO FELIPE DE SOUZA LEÃO,3905756587,JOÃO LEÃO,PP,27-FEB-46,31260830574,50000001144
2010,BA,DEPUTADO FEDERAL,JOÃO LUIZ CORREIA ARGÔLO DOS SANTOS,92228194549,LUIZ ARGÔLO,PP,23-JUN-80,92311950540,50000001145
2010,BA,DEPUTADO FEDERAL,JUTAHY MAGALHÃES JÚNIOR,10660410591,JUTAHY MAGALHÃES JÚNIOR,PSDB,14-OCT-55,12449470540,50000000069
2010,BA,DEPUTADO FEDERAL,LUCIO QUADROS VIEIRA LIMA,28925491168,LUCIO VIEIRA LIMA,PMDB,19-NOV-62,573770590,50000000782
2010,BA,DEPUTADO FEDERAL,LUIZ ALBERTO SILVA DOS SANTOS,7931174534,LUIZ ALBERTO,PT,02-JAN-53,29214570523,50000001148
2010,BA,DEPUTADO FEDERAL,MARCOS ANTONIO MEDRADO,4808380544,MARCOS MEDRADO,PDT,30-JUN-46,29156590590,50000001150
2010,BA,DEPUTADO FEDERAL,MAURICIO GONÇALVES TRINDADE,28090306500,MAURICIO TRINDADE,PR,10-SEP-62,30936190558,50000000787
2010,BA,DEPUTADO FEDERAL,MÁRCIO CARLOS MARINHO,1895263786,MÁRCIO MARINHO,PRB,12-DEC-70,56568330892,50000001152
2010,BA,DEPUTADO FEDERAL,MÁRIO SILVIO MENDES NEGROMONTE,4340736449,MÁRIO NEGROMONTE,PP,06-JUL-50,23974910558,50000001153
2010,BA,DEPUTADO FEDERAL,NELSON VICENTE PORTELA PELLEGRINO,24289612504,PELEGRINO,PT,27-DEC-60,37648360558,50000001154
2010,BA,DEPUTADO FEDERAL,OZIEL ALVES DE OLIVEIRA,50280180900,OZIEL OLIVEIRA,PDT,21-MAR-65,26438770515,50000001158
2010,BA,DEPUTADO FEDERAL,PAULO SÉRGIO PARANHOS DE MAGALHÃES,6015530553,PAULO MAGALHÃES,DEM,28-NOV-52,44393360590,50000000022
2010,BA,DEPUTADO FEDERAL,ROBERTO PEREIRA DE BRITTO,11257741500,ROBERTO BRITTO,PP,03-APR-51,29335590507,50000001160
2010,BA,DEPUTADO FEDERAL,RUI COSTA DOS SANTOS,23790997587,RUI COSTA,PT,18-JAN-63,5915940558,50000001161
2010,BA,DEPUTADO FEDERAL,SEGIO LUIS LACERDA BRITO,18635458591,SERGIO BRITO,PSC,08-JUN-61,420200540,50000000803
2010,BA,DEPUTADO FEDERAL,VALMIR CARLOS DA ASSUNÇÃO,2333314842,VALMIR ASSUNÇÃO,PT,17-DEC-64,4263940540,50000001166
2010,BA,DEPUTADO FEDERAL,WALDENOR ALVES PEREIRA FILHO,10866655549,WALDENOR,PT,08-MAR-54,25727550590,50000001169
2010,CE,SENADOR,EUNICIO LOPES DE OLIVEIRA,3679004320,EUNICIO,PMDB,30-SEP-52,905050744,60000000154
2010,CE,SENADOR,JOSE BARROSO PIMENTEL,6532535320,PIMENTEL,PT,16-OCT-53,2210410701,60000000155
2010,CE,DEPUTADO FEDERAL,ANDRÉ PEIXOTO FIGUEIREDO LIMA,25905503320,ANDRE FIGUEIREDO,PDT,10-NOV-66,190730701,60000000718
2010,CE,DEPUTADO FEDERAL,ANIBAL FERREIRA GOMES,4240952387,ANIBAL,PMDB,07-JUN-53,11450000728,60000000161
2010,CE,DEPUTADO FEDERAL,ANTONIO BALHMANN CARDOSO NUNES FILHO,5993601353,BALMAN,PSB,22-AUG-49,25591510779,60000000163
2010,CE,DEPUTADO FEDERAL,ANTÔNIO EUDES XAVIER,23252880300,EUDES XAVIER,PT,11-SEP-64,1565540701,60000000165
2010,CE,DEPUTADO FEDERAL,ARTUR JOSÉ VIEIRA BRUNO,15618870304,ARTUR BRUNO,PT,04-AUG-59,2369820760,60000000166
2010,CE,DEPUTADO FEDERAL,CARLOS MAURO CABRAL BENEVIDES,7331304,MAURO BENEVIDES,PMDB,21-MAR-30,132360752,60000000167
2010,CE,DEPUTADO FEDERAL,DOMINGOS GOMES DE AGUIAR NETO,2827898390,DOMINGOS NETO,PSB,29-APR-88,65318750779,60000000170
2010,CE,DEPUTADO FEDERAL,EDSON DA SILVA,1296027368,EDSON SILVA,PSB,09-MAY-49,568750795,60000000171
2010,CE,DEPUTADO FEDERAL,FRANCISCO ARIOSTO HOLANDA,39691349,ARIOSTO HOLANDA,PSB,11-OCT-38,498850787,60000000176
2010,CE,DEPUTADO FEDERAL,FRANCISCO DANILO BASTOS FORTE,12133728368,DANILO FORTE,PMDB,01-SEP-58,26728400701,60000000177
2010,CE,DEPUTADO FEDERAL,FRANCISCO LOPES DA SILVA,2810905304,CHICO LOPES,PC do B,13-AUG-39,2037570728,60000000178
2010,CE,DEPUTADO FEDERAL,GENECIAS MATEUS NORONHA,25630512315,GENECIAS,PMDB,13-MAR-63,29050030701,60000000179
2010,CE,DEPUTADO FEDERAL,JOAO ANANIAS VASCONCELOS NETO,4957610363,JOAO ANANIAS,PC do B,23-APR-54,15435950744,60000000181
2010,CE,DEPUTADO FEDERAL,JOSE ARNON CRUZ BEZERRA DE MENEZES,11575646315,ARNON BEZERRA,PTB,13-AUG-51,10671310752,60000000280
2010,CE,DEPUTADO FEDERAL,JOSE LINHARES PONTE,637513304,PADRE ZE,PP,21-OCT-30,9126440795,60000000281
2010,CE,DEPUTADO FEDERAL,JOSÉ AIRTON FELIX CIRILO DA SILVA,9257357368,JOSÉ AIRTON,PT,21-FEB-57,4755090701,60000000184
2010,CE,DEPUTADO FEDERAL,JOSÉ NOBRE GUIMARÃES,9324577387,GUIMARÃES,PT,13-FEB-59,799920701,60000000187
2010,CE,DEPUTADO FEDERAL,MANOEL SALVIANO SOBRINHO,17443490704,SALVIANO,PSDB,24-SEP-39,10481490744,60000000380
2010,CE,DEPUTADO FEDERAL,MARIA GORETE PEREIRA,8187452315,GORETE PEREIRA,PR,10-APR-52,172730710,60000000016
2010,CE,DEPUTADO FEDERAL,RAIMUNDO ANTONIO DE MACEDO,16312767353,RAIMUNDÃO,PMDB,30-NOV-42,20341960728,60000000197
2010,CE,DEPUTADO FEDERAL,RAIMUNDO GOMES DE MATOS,6163238320,RAIMUNDO MATOS,PSDB,30-MAR-51,2925420779,60000000385
2010,CE,DEPUTADO FEDERAL,VICENTE FERREIRA DE ARRUDA COELHO,1009320700,VICENTE ARRUDA,PR,17-MAY-29,9684960744,60000000019
2010,DF,SENADOR,CRISTOVAM RICARDO CAVALCANTI BUARQUE,22364129168,CRISTOVAM BUARQUE,PDT,20-FEB-44,1081812003,70000000647
2010,DF,SENADOR,RODRIGO SOBRAL ROLLEMBERG,24529850153,ROLLEMBERG,PSB,13-JUL-59,7484672046,70000000648
2010,DF,DEPUTADO FEDERAL,ERIKA JUCA KOKAY,22441107100,ERIKA KOKAY,PT,15-AUG-57,1086432003,70000000990
2010,DF,DEPUTADO FEDERAL,GERALDO MAGELA PEREIRA,21134375620,MAGELA,PT,26-DEC-56,1284552003,70000000992
2010,DF,DEPUTADO FEDERAL,IZALCI LUCAS FERREIRA,6801480197,IZALCI,PR,07-APR-56,6274332011,70000000726
2010,DF,DEPUTADO FEDERAL,JAQUELINE MARIA RORIZ,26541262187,JAQUELINE RORIZ,PMN,18-AUG-62,6644911007,70000000727
2010,DF,DEPUTADO FEDERAL,JOSE ANTONIO MACHADO REGUFFE,78229766134,REGUFFE,PDT,05-SEP-72,9679802046,70000000996
2010,DF,DEPUTADO FEDERAL,LUIZ CARLOS PIETSCHMANN,26639572168,LUIZ PITIMAN,PMDB,30-MAR-62,337832488,70000000555
2010,DF,DEPUTADO FEDERAL,PAULO TADEU VALE DA SILVA,41779606168,PAULO TADEU,PT,24-DEC-67,4091942097,70000000998
2010,DF,DEPUTADO FEDERAL,RONALDO FONSECA DE SOUZA,7732454804,RONALDO FONSECA,PR,04-APR-59,15403912020,70000000739
2010,ES,SENADOR,MAGNO PEREIRA MALTA,15272567404,MAGNO MALTA,PR,16-OCT-57,8645841414,80000000184
2010,ES,SENADOR,RICARDO DE REZENDE FERRACO,77488040791,RICARDO FERRAÇO,PMDB,17-AUG-63,1510541414,80000000185
2010,ES,DEPUTADO FEDERAL,AUDIFAX CHARLES PIMENTEL BARCELOS,81687052700,AUDIFAX,PSB,09-MAY-64,469031430,80000000191
2010,ES,DEPUTADO FEDERAL,CARLOS HUMBERTO MANNATO,57480788720,MANATO,PDT,07-AUG-57,922121490,80000000138
2010,ES,DEPUTADO FEDERAL,CESAR ROBERTO COLNAGHI,47960973768,CESAR COLNAGO,PSDB,22-JUL-58,7225171422,80000000439
2010,ES,DEPUTADO FEDERAL,IRINY NICOLAU CORRES LOPES,55845703700,IRINY LOPES,PT,12-FEB-56,18549541430,80000000199
2010,ES,DEPUTADO FEDERAL,JORGE SILVA,36406341791,DR. JORGE SILVA,PDT,03-JUN-52,5014301414,80000000147
2010,ES,DEPUTADO FEDERAL,LAURIETE RODRIGUES DE ALMEIDA,974976733,LAURIETE,PSC,23-FEB-70,13999531422,80000000151
2010,ES,DEPUTADO FEDERAL,PAULO ROBERTO FOLETTO,47909463715,PAULO FOLETTO,PSB,30-APR-56,2759111406,80000000207
2010,ES,DEPUTADO FEDERAL,ROSILDA DE FREITAS,37967517768,ROSE DE FREITAS,PMDB,23-JAN-49,242451449,80000000209
2010,ES,DEPUTADO FEDERAL,SUELI RANGEL SILVA VIDIGAL,45103305704,SUELI VIDIGAL,PDT,19-JUN-65,75471473,80000000158
2010,ES,DEPUTADO FEDERAL,WELINGTON COIMBRA,34318100715,LELO COIMBRA,PMDB,21-JUN-54,1321801430,80000000210
2010,GO,SENADOR,DEMOSTENES LAZARO XAVIER TORRES,25180410100,DEMOSTENES TORRES,DEM,23-JAN-61,1971291082,90000000115
2010,GO,SENADOR,LÚCIA VÂNIA ABRÃO COSTA,50908332149,LÚCIA VÂNIA,PSDB,15-OCT-44,280281031,90000000116
2010,GO,DEPUTADO FEDERAL,ARMANDO VERGÍLIO DOS SANTOS JÚNIOR,31588735168,ARMANDO VERGÍLIO,PMN,03-AUG-65,365471058,90000000080
2010,GO,DEPUTADO FEDERAL,CARLOS ALBERTO LEREIA DA SILVA,49240854134,CARLOS ALBERTO LEREIA,PSDB,19-JUN-61,11537051015,90000000082
2010,GO,DEPUTADO FEDERAL,FLÁVIA CARREIRO ALBUQUERQUE MORAIS,54779537134,FLÁVIA MORAIS,PDT,26-APR-69,21883511031,90000000377
2010,GO,DEPUTADO FEDERAL,HEULER ABREU CRUVINEL,71059733153,HEULER CRUVINEL,DEM,13-MAY-82,33106991015,90000000090
2010,GO,DEPUTADO FEDERAL,IRIS DE ARAUJO REZENDE MACHADO,35519991120,DONA IRIS,PMDB,07-MAY-43,145641058,90000000608
2010,GO,DEPUTADO FEDERAL,JOAO CAMPOS DE ARAUJO,24254401191,JOAO CAMPOS,PSDB,28-DEC-62,13007031031,90000000091
2010,GO,DEPUTADO FEDERAL,JOVAIR OLIVEIRA ARANTES,4035976172,JOVAIR ARANTES,PTB,04-JUN-51,536601015,90000000094
2010,GO,DEPUTADO FEDERAL,JOÃO SANDES JUNIOR,19681550153,SANDES JUNIOR,PP,28-APR-59,20941001058,90000000383
2010,GO,DEPUTADO FEDERAL,LEANDRO VILELA VELLOSO,76435300178,LEANDRO VILELA,PMDB,07-NOV-75,31138841058,90000000615
2010,GO,DEPUTADO FEDERAL,LEONARDO MOURA VILELA,30504554115,LEONARDO VILELA,PSDB,22-DEC-63,7349721066,90000000097
2010,GO,DEPUTADO FEDERAL,PEDRO PINHEIRO CHAVES,16692454115,PEDRO CHAVES,PMDB,28-AUG-58,19363051023,90000000621
2010,GO,DEPUTADO FEDERAL,ROBERTO EGÍDIO BALESTRA,1611500125,ROBERTO BALESTRA,PP,24-MAY-44,4819871007,90000000391
2010,GO,DEPUTADO FEDERAL,RONALDO RAMOS CAIADO,26472058768,RONALDO CAIADO,DEM,25-SEP-49,3087571031,90000000105
2010,GO,DEPUTADO FEDERAL,RUBENS OTONI GOMIDE,13334727149,RUBENS OTONI,PT,06-FEB-56,2938891082,90000000623
2010,GO,DEPUTADO FEDERAL,SANDRO DA MABEL ANTONIO SCODRO,279046871,SANDRO MABEL,PR,31-DEC-58,12632921090,90000000393
2010,GO,DEPUTADO FEDERAL,THIAGO MELLO PEIXOTO DA SILVEIRA,63353385134,THIAGO PEIXOTO,PMDB,22-JUL-74,29524841090,90000000625
2010,GO,DEPUTADO FEDERAL,VILMAR DA SILVA ROCHA,5206375187,VILMAR ROCHA,DEM,14-FEB-51,10310921040,90000000110
2010,MA,SENADOR,EDISON LOBÃO,14125153,LOBÃO,PMDB,05-DEC-36,453381120,100000000206
2010,MA,SENADOR,JOÃO ALBERTO DE SOUZA,180173391,JOÃO ALBERTO,PMDB,01-OCT-35,4179661180,100000000207
2010,MA,DEPUTADO FEDERAL,CARLOS ORLEANS BRANDAO JUNIOR,10411640330,CARLOS BRANDÃO,PSDB,02-JUN-58,7457341104,100000000020
2010,MA,DEPUTADO FEDERAL,CLEBER VERDE CORDEIRO MENDES,48357600344,CLEBER VERDE,PRB,10-MAY-72,21413081180,100000000292
2010,MA,DEPUTADO FEDERAL,DOMINGOS FRANCISCO DUTRA FILHO,9875514349,DUTRA,PT,20-MAR-56,339211104,100000000295
2010,MA,DEPUTADO FEDERAL,EDIVALDO DE HOLANDA BRAGA JUNIOR,40756459320,EDIVALDO HOLANDA JUNIOR,PTC,01-JUL-78,32995731139,100000000023
2010,MA,DEPUTADO FEDERAL,GASTÃO DIAS VIEIRA,1196553300,GASTÃO VIEIRA,PMDB,15-JUN-46,467591163,100000000301
2010,MA,DEPUTADO FEDERAL,HELIO BATISTA DOS SANTOS,23828510310,HELIO SANTOS,PSDB,01-DEC-63,17048051120,100000000028
2010,MA,DEPUTADO FEDERAL,JOSE ALBERTO OLIVEIRA FILHO,975696319,ALBERTO FILHO,PMDB,19-FEB-87,44405501120,100000000304
2010,MA,DEPUTADO FEDERAL,JOSE ELEONILDO SOARES,15916464304,PINTO ITAMARATY,PSDB,10-MAY-60,3508971180,100000000032
2010,MA,DEPUTADO FEDERAL,JOSÉ RIBAMAR COSTA ALVES,5464617353,RIBAMAR ALVES,PSB,15-JUN-54,13970631112,100000000630
2010,MA,DEPUTADO FEDERAL,JOSÉ SARNEY FILHO,14737418315,SARNEY FILHO,PV,14-JUN-57,471181163,100000000308
2010,MA,DEPUTADO FEDERAL,JOSÉ VIEIRA LINS,570745268,ZÉ VIEIRA,PR,30-JUL-34,4045501155,100000000309
2010,MA,DEPUTADO FEDERAL,LOURIVAL MENDES DA FONSECA FILHO,7696655353,LOURIVAL MENDES,PT do B,27-MAR-55,430191163,100000000602
2010,MA,DEPUTADO FEDERAL,LUCIANO FERNANDES MOREIRA,4677358320,LUCIANO MOREIRA,PMDB,29-JUL-52,29076641112,100000000313
2010,MA,DEPUTADO FEDERAL,NICE LOBÃO,39960250172,NICE LOBÃO,DEM,29-OCT-36,33220861171,100000000319
2010,MA,DEPUTADO FEDERAL,PEDRO FERNANDES RIBEIRO,6235760310,PEDRO FERNANDES,PTB,02-MAR-49,294681139,100000000322
2010,MA,DEPUTADO FEDERAL,PEDRO NOVAIS LIMA,668532734,PEDRO NOVAIS,PMDB,07-JUL-30,247541155,100000000323
2010,MA,DEPUTADO FEDERAL,SÉTIMO WAQUIM,3850960382,PROFESSOR SÉTIMO,PMDB,27-NOV-49,5586281139,100000000328
2010,MA,DEPUTADO FEDERAL,WALDIR MARANHÃO CARDOSO,6482902391,WALDIR MARANHÃO,PP,03-AUG-55,647391104,100000000330
2010,MG,SENADOR,AÉCIO NEVES DA CUNHA,66728983791,AÉCIO NEVES,PSDB,10-MAR-60,42025850213,130000000952
2010,MG,SENADOR,ITAMAR AUGUSTO CAUTIERO FRANCO,378925687,ITAMAR FRANCO,PPS,28-JUN-29,49957780230,130000000953
2010,MG,DEPUTADO FEDERAL,ADEMIR CAMILO PRATES RODRIGUES,48704300610,ADEMIR CAMILO,PDT,30-MAY-64,18899740299,130000002185
2010,MG,DEPUTADO FEDERAL,AELTON JOSE DE FREITAS,36179140634,AELTON FREITAS,PR,14-DEC-61,17335670213,130000000958
2010,MG,DEPUTADO FEDERAL,ALEXANDRE SILVEIRA DE OLIVEIRA,79022499634,ALEXANDRE SILVEIRA,PPS,15-JUL-70,92662760256,130000000960
2010,MG,DEPUTADO FEDERAL,ANTONIO PINHEIRO JUNIOR,37031074649,TONINHO PINHEIRO,PP,23-APR-60,35175590213,130000000962
2010,MG,DEPUTADO FEDERAL,ANTÔNIO EUSTÁQUIO ANDRADE FERREIRA,15248020697,ANTÔNIO ANDRADE,PMDB,18-JUN-53,71349530272,130000002045
2010,MG,DEPUTADO FEDERAL,ANTÔNIO ROBERTO SOARES,4857097672,ANTÔNIO ROBERTO,PV,20-JUN-42,22116020281,130000000746
2010,MG,DEPUTADO FEDERAL,ARACELY DE PAULA,455482691,ARACELY DE PAULA,PR,02-MAY-41,64500720213,130000000963
2010,MG,DEPUTADO FEDERAL,BERNARDO DE VASCONCELLOS MOREIRA,91328918653,BERNARDO SANTANA,PR,08-DEC-75,104502110281,130000000964
2010,MG,DEPUTADO FEDERAL,CARLAILE DE JESUS PEDROSA,10890254672,CARLAILE PEDROSA,PSDB,03-OCT-50,70216890248,130000000966
2010,MG,DEPUTADO FEDERAL,CARLOS DO CARMO ANDRADE MELLES,15868982649,CARLOS MELLES,DEM,11-MAR-47,13980070264,130000000967
2010,MG,DEPUTADO FEDERAL,DIEGO LEONARDO DE ANDRADE CARVALHO,99316552672,DIEGO ANDRADE,PR,07-AUG-77,122752870221,130000000973
2010,MG,DEPUTADO FEDERAL,DIMAS FABIANO TOLEDO JUNIOR,3694339639,DIMAS FABIANO,PP,22-MAY-73,124367560299,130000000974
2010,MG,DEPUTADO FEDERAL,DOMINGOS SÁVIO CAMPOS RESENDE,22275150668,DOMINGOS SÁVIO,PSDB,25-MAR-57,13310390299,130000000975
2010,MG,DEPUTADO FEDERAL,EDUARDO BRANDÃO DE AZEREDO,653446691,EDUARDO AZEREDO,PSDB,09-SEP-48,50886450221,130000000977
2010,MG,DEPUTADO FEDERAL,EDUARDO LUIZ BARROS BARBOSA,27582400682,EDUARDO BARBOSA,PSDB,25-AUG-58,48712990205,130000000978
2010,MG,DEPUTADO FEDERAL,EROS FERREIRA BIONDINI,84470666653,EROS BIONDINI,PTB,20-MAY-71,92655940272,130000001417
2010,MG,DEPUTADO FEDERAL,FÁBIO AUGUSTO RAMALHO DOS SANTOS,54471788604,FABINHO RAMALHO,PV,22-DEC-61,59299900281,130000000750
2010,MG,DEPUTADO FEDERAL,GABRIEL MOREIRA DE ANDRADE,6313474619,GABRIEL GUIMARÃES,PT,06-JUN-83,145469490221,130000002062
2010,MG,DEPUTADO FEDERAL,GEORGE HILTON DOS SANTOS CECÍLIO,49106902553,GEORGE HILTON,PRB,11-JUN-71,114898600205,130000002063
2010,MG,DEPUTADO FEDERAL,GERALDO THADEU PEDREIRA DOS SANTOS,30503353868,GERALDO THADEU,PPS,26-OCT-45,59820980256,130000000983
2010,MG,DEPUTADO FEDERAL,GILMAR ALVES MACHADO,44272600630,GILMAR MACHADO,PT,06-NOV-61,76154520213,130000002064
2010,MG,DEPUTADO FEDERAL,JAIME MARTINS FILHO,17614899687,JAIMINHO MARTINS,PR,16-JUN-53,28310300264,130000000987
2010,MG,DEPUTADO FEDERAL,JOAO CARLOS SIQUEIRA,72425610600,PADRE JOAO,PT,28-FEB-67,132720150299,130000002071
2010,MG,DEPUTADO FEDERAL,JOAO LUCIO MAGALHAES BIFANO,34420274620,JOAO MAGALHÃES,PMDB,06-FEB-60,78594830299,130000002072
2010,MG,DEPUTADO FEDERAL,JOSE HUMBERTO SOARES,46109889687,JOSE HUMBERTO,PHS,29-OCT-60,59790620281,130000000882
2010,MG,DEPUTADO FEDERAL,JOSE LEONARDO COSTA MONTEIRO,20811845672,LEONARDO MONTEIRO,PT,09-OCT-51,78354080213,130000002075
2010,MG,DEPUTADO FEDERAL,JOSE SARAIVA FELIPE,27018938600,SARAIVA FELIPE,PMDB,26-MAR-52,19845440281,130000002076
2010,MG,DEPUTADO FEDERAL,JOSÉ SILVA SOARES,43422780653,ZÉ SILVA,PDT,11-MAY-63,32584450281,130000002199
2010,MG,DEPUTADO FEDERAL,JULIO CESAR DELGADO,81993358668,JULIO DELGADO,PSB,18-NOV-66,45237680299,130000001437
2010,MG,DEPUTADO FEDERAL,LAEL VIEIRA VARELLA,303720620,LAEL VARELLA,DEM,19-FEB-39,50220040272,130000000994
2010,MG,DEPUTADO FEDERAL,LEONARDO LEMOS BARROS QUINTAO,79043607649,LEONARDO QUINTAO,PMDB,01-APR-75,114093990272,130000002080
2010,MG,DEPUTADO FEDERAL,LINCOLN DINIZ PORTELA,10254730191,LINCOLN PORTELA,PR,02-NOV-53,21160760272,130000000996
2010,MG,DEPUTADO FEDERAL,LUIS HENRIQUE DE OLIVEIRA RESENDE,81460910672,LUIS TIBE,PT do B,23-JUL-71,92637750221,130000001072
2010,MG,DEPUTADO FEDERAL,LUIZ FERNANDO RAMOS FARIA,30736250620,LUIZ FERNANDO,PP,12-SEP-57,31551080248,130000000999
2010,MG,DEPUTADO FEDERAL,MARCIO REINALDO DIAS MOREIRA,3523756715,MARCIO REINALDO,PP,03-NOV-42,97168200230,130000001000
2010,MG,DEPUTADO FEDERAL,MARCOS MONTES CORDEIRO,19152922634,MARCOS MONTES,DEM,02-AUG-49,9184250221,130000001001
2010,MG,DEPUTADO FEDERAL,MARCUS VINÍCIUS CAETANO PESTANA DA SILVA,38194350697,MARCUS PESTANA,PSDB,13-JUN-60,48548750281,130000001002
2010,MG,DEPUTADO FEDERAL,MARIA DO SOCORRO JÔ MORAES,51243946687,JÔ MORAES,PC do B,09-AUG-46,15503350264,130000002089
2010,MG,DEPUTADO FEDERAL,MARIO DE OLIVEIRA,22182861653,MARIO DE OLIVEIRA,PSC,03-NOV-45,49030000213,130000000910
2010,MG,DEPUTADO FEDERAL,MAURO RIBEIRO LOPES,10901906620,MAURO LOPES,PMDB,24-MAY-36,49094330256,130000002093
2010,MG,DEPUTADO FEDERAL,MIGUEL CORREA DA SILVA JÚNIOR,3053788640,MIGUEL CORREA,PT,11-JUN-78,137725250264,130000002094
2010,MG,DEPUTADO FEDERAL,NARCIO RODRIGUES DA SILVEIRA,30222290625,NARCIO,PSDB,23-APR-59,51920810264,130000001009
2010,MG,DEPUTADO FEDERAL,NEWTON CARDOSO,6815278620,NEWTON CARDOSO,PMDB,22-MAY-38,7124710264,130000002099
2010,MG,DEPUTADO FEDERAL,ODAIR JOSE DA CUNHA,94892393649,ODAIR CUNHA,PT,18-JUN-76,105627590230,130000002103
2010,MG,DEPUTADO FEDERAL,OLAVO BILAC PINTO NETO,45561699687,BILAC PINTO,PR,07-JUN-63,12706370205,130000001011
2010,MG,DEPUTADO FEDERAL,PAULO ABI ACKEL,30825628172,PAULO ABI ACKEL,PSDB,21-JUN-63,25341960213,130000001012
2010,MG,DEPUTADO FEDERAL,PAULO PIAU NOGUEIRA,16694368615,PAULO PIAU,PMDB,23-AUG-53,30348710248,130000002106
2010,MG,DEPUTADO FEDERAL,REGINALDO LÁZARO DE OLIVEIRA LOPES,90330862634,REGINALDO LOPES,PT,02-APR-73,94886720256,130000002109
2010,MG,DEPUTADO FEDERAL,RENZO DO AMARAL BRAZ,4524796657,RENZO BRAZ,PP,11-APR-80,122683520281,130000001015
2010,MG,DEPUTADO FEDERAL,RODRIGO BATISTA DE CASTRO,83035605653,RODRIGO DE CASTRO,PSDB,14-JUL-71,97361540221,130000001017
2010,MG,DEPUTADO FEDERAL,RODRIGO MOREIRA LADEIRA GRILO,70743126653,DR. GRILO,PSL,26-JUL-72,92820860272,130000000488
2010,MG,DEPUTADO FEDERAL,WALTER DA ROCHA TOSTA,54443237704,WALTER TOSTA,PMN,20-OCT-58,51198160299,130000000496
2010,MG,DEPUTADO FEDERAL,WELITON FERNANDES PRADO,84719850634,WELITON PRADO,PT,24-AUG-75,107212460230,130000002122
2010,MS,SENADOR,DELCÍDIO DO AMARAL GOMEZ,1127982842,DELCÍDIO,PT,08-FEB-55,14823241910,120000000270
2010,MS,SENADOR,WALDEMIR MOKA MIRANDA DE BRITO,14332604172,MOKA,PMDB,10-OCT-51,7279941996,120000000004
2010,MS,DEPUTADO FEDERAL,ANTONIO CARLOS BIFFI,79796346834,BIFFI,PT,09-MAR-52,8183581996,120000000275
2010,MS,DEPUTADO FEDERAL,EDSON GIROTO,1514316803,GIROTO,PR,23-SEP-59,8258161937,120000000013
2010,MS,DEPUTADO FEDERAL,FABIO RICARDO TRAD,98303651749,FABIO TRAD,PMDB,18-AUG-69,8426181902,120000000015
2010,MS,DEPUTADO FEDERAL,GERALDO RESENDE PEREIRA,12896918191,GERALDO RESENDE,PMDB,20-APR-55,1886791970,120000000017
2010,MS,DEPUTADO FEDERAL,LUIZ HENRIQUE MANDETTA,51942143168,MANDETTA,DEM,30-NOV-64,3225911970,120000000021
2010,MS,DEPUTADO FEDERAL,MARÇAL GONÇALVES LEITE FILHO,35640014172,MARÇAL FILHO,PMDB,14-OCT-64,5482921953,120000000441
2010,MS,DEPUTADO FEDERAL,REINALDO AZAMBUJA SILVA,28633938120,REINALDO AZAMBUJA,PSDB,13-MAY-63,1622211988,120000000023
2010,MS,DEPUTADO FEDERAL,VANDER LUIZ DOS SANTOS LOUBET,32247753191,VANDER,PT,22-JAN-64,7749031910,120000000297
2010,MT,SENADOR,BLAIRO BORGES MAGGI,24204404987,BLAIRO MAGGI,PR,29-MAY-56,4691481821,110000000012
2010,MT,SENADOR,JOSÉ PEDRO GONÇALVES TAQUES,40540448168,PEDRO TAQUES,PDT,15-MAR-68,6742621899,110000000165
2010,MT,DEPUTADO FEDERAL,CARLOS GOMES BEZERRA,834939134,CARLOS BEZERRA,PMDB,04-NOV-41,5594801848,110000000211
2010,MT,DEPUTADO FEDERAL,ELIENE JOSÉ DE LIMA,28885970630,ELIENE LIMA,PP,09-SEP-55,2128921864,110000000278
2010,MT,DEPUTADO FEDERAL,HOMERO ALVES PEREIRA,72606509820,HOMERO PEREIRA,PR,25-MAY-55,4137961856,110000000218
2010,MT,DEPUTADO FEDERAL,JULIO JOSE DE CAMPOS,2183803134,JULIO CAMPOS,DEM,11-DEC-46,23379681856,110000000032
2010,MT,DEPUTADO FEDERAL,NILSON APARECIDO LEITÃO,34577521172,NILSON LEITÃO,PSDB,25-FEB-69,10721141821,110000000073
2010,MT,DEPUTADO FEDERAL,PEDRO HENRY NETO,17506867168,PEDRO HENRY,PP,19-APR-57,5145811830,110000000277
2010,MT,DEPUTADO FEDERAL,VALTENIR LUIZ PEREIRA,34358099149,VALTENIR,PSB,24-NOV-71,14271051821,110000000175
2010,MT,DEPUTADO FEDERAL,WELLINGTON ANTONIO FAGUNDES,23019093104,WELLINGTON FAGUNDES,PR,01-JUN-57,2528351856,110000000231
2010,PA,SENADOR,FERNANDO DE SOUZA FLEXA RIBEIRO,107735253,FLEXA RIBEIRO,PSDB,12-SEP-45,1123331350,140000000319
2010,PA,SENADOR,JADER FONTENELLE BARBALHO,18031234,JADER BARBALHO,PMDB,27-OCT-44,12453171309,140000000180
2010,PA,DEPUTADO FEDERAL,ARNALDO JORDY FIGUEIREDO,21062862287,ARNALDO JORDY,PPS,30-NOV-58,1047881341,140000000343
2010,PA,DEPUTADO FEDERAL,ASDRUBAL MENDES BENTES,815411200,ASDRUBAL,PMDB,27-JUL-39,7251321376,140000000183
2010,PA,DEPUTADO FEDERAL,CLAUDIO ALBERTO CASTELO BRANCO PUTY,36809209204,PUTY,PT,02-AUG-70,19800271341,140000000616
2010,PA,DEPUTADO FEDERAL,ELCIONE THEREZINHA ZAHLUTH BARBALHO,605387249,ELCIONE,PMDB,05-OCT-44,12440651350,140000000185
2010,PA,DEPUTADO FEDERAL,ESMERINO NERI BATISTA FILHO,3990842234,MIRIQUINHO BATISTA,PT,11-JUL-52,2317111376,140000000617
2010,PA,DEPUTADO FEDERAL,GIOVANNI CORREA QUEIROZ,3662306115,GIOVANNI QUEIROZ,PDT,15-JUL-46,8479791384,140000000527
2010,PA,DEPUTADO FEDERAL,JOAQUIM DE LIRA MAIA,3640426215,LIRA MAIA,DEM,01-SEP-52,6030041317,140000000442
2010,PA,DEPUTADO FEDERAL,JOSE BENITO PRIANTE JUNIOR,17293618204,PRIANTE,PMDB,02-DEC-63,1206161384,140000000189
2010,PA,DEPUTADO FEDERAL,JOSE DA CRUZ MARINHO,6651127268,ZEQUINHA MARINHO,PSC,18-SEP-59,8226021341,140000000682
2010,PA,DEPUTADO FEDERAL,JOSE GERALDO TORRES DA SILVA,17188326215,ZE GERALDO,PT,21-DEC-61,5767281384,140000000621
2010,PA,DEPUTADO FEDERAL,JOSE ROBERTO DE OLIVEIRA FARO,40070565287,BETO FARO,PT,20-JUN-69,17800311350,140000000622
2010,PA,DEPUTADO FEDERAL,JOSUE BENGTSON,9673504768,JOSUE BENGTSON,PTB,27-MAY-44,10674971376,140000000177
2010,PA,DEPUTADO FEDERAL,LUCIO DUTRA VALE,32205252291,LUCIO VALE,PR,27-DEC-72,22853511309,140000000624
2010,PA,DEPUTADO FEDERAL,NILSON PINTO DE OLIVEIRA,2875900200,NILSON PINTO,PSDB,25-MAR-52,11590901341,140000000335
2010,PA,DEPUTADO FEDERAL,WANDENKOLK PASTEUR GONCALVES,4246853291,WANDENKOLK,PSDB,17-APR-51,7173221392,140000000339
2010,PA,DEPUTADO FEDERAL,WLADIMIR AFONSO DA COSTA RABELO,13761900287,WLAD,PMDB,16-JAN-64,10830731317,140000000200
2010,PA,DEPUTADO FEDERAL,ZENALDO RODRIGUES COUTINHO JUNIOR,11661054234,ZENALDO COUTINHO,PSDB,04-FEB-61,132521376,140000000340
2010,PB,SENADOR,CASSIO RODRIGUES DA CUNHA LIMA,42787432468,CASSIO CUNHA LIMA,PSDB,05-APR-63,14247671244,150000000288
2010,PB,SENADOR,VITAL DO REGO FILHO,38014726472,VITALZINHO,PMDB,21-SEP-63,14413121244,150000000338
2010,PB,DEPUTADO FEDERAL,AGUINALDO VELLOSO BORGES RIBEIRO,51921146400,AGUINALDO RIBEIRO,PP,13-FEB-69,18876311252,150000000326
2010,PB,DEPUTADO FEDERAL,BENJAMIM GOMES MARANHAO NETO,80517587491,BEJAMIM MARANHAO,PMDB,30-NOV-71,17572111287,150000000345
2010,PB,DEPUTADO FEDERAL,DAMIÃO FELICIANO DA SILVA,13932772415,DR. DAMIÃO,PDT,28-APR-52,3991541279,150000000537
2010,PB,DEPUTADO FEDERAL,EFRAIM DE ARAUJO MORAIS FILHO,770338410,EFRAIM FILHO,DEM,18-MAR-79,24422511279,150000000539
2010,PB,DEPUTADO FEDERAL,HUGO MOTTA WANDERLEY DA NOBREGA,4796249419,HUGO MOTTA,PMDB,11-SEP-89,38391971201,150000000411
2010,PB,DEPUTADO FEDERAL,JOSE WILSON SANTIAGO FILHO,2147279129,WILSON FILHO,PMDB,10-AUG-89,38218491260,150000000349
2010,PB,DEPUTADO FEDERAL,JOSÉ WELLINGTON ROBERTO,26254166453,WELLINGTON ROBERTO,PR,19-MAY-59,3543081201,150000000055
2010,PB,DEPUTADO FEDERAL,LUIZ ALBUQUERQUE COUTO,2043033468,LUIZ COUTO,PT,13-FEB-45,382951279,150000000294
2010,PB,DEPUTADO FEDERAL,MANOEL ALVES DA SILVA JUNIOR,40902650459,MANOEL JUNIOR,PMDB,21-FEB-64,9084031279,150000000350
2010,PB,DEPUTADO FEDERAL,OZANILDA GONDIM VITAL DO REGO,89287037434,NILDA GONDIM,PMDB,30-MAR-46,14410591210,150000000351
2010,PB,DEPUTADO FEDERAL,ROMERO RODRIGUES VEIGA,45107793487,ROMERO RODRIGUES,PSDB,08-JAN-66,13740621287,150000000551
2010,PB,DEPUTADO FEDERAL,RUY MANOEL CARNEIRO BARBOSA DE ACA BELCHIOR,1859237711,RUY CARNEIRO,PSDB,19-AUG-70,19327891279,150000000554
2010,PE,SENADOR,ARMANDO DE QUEIROZ MONTEIRO NETO,3881229434,ARMANDO MONTEIRO,PTB,24-FEB-52,11659750809,170000000003
2010,PE,SENADOR,HUMBERTO SERGIO COSTA LIMA,15288455449,HUMBERTO COSTA,PT,07-JUL-57,5504040809,170000000004
2010,PE,DEPUTADO FEDERAL,ANA LUCIA ARRAES DE ALENCAR,69623333404,ANA ARRAES,PSB,28-JUL-47,3367740868,170000000733
2010,PE,DEPUTADO FEDERAL,ANDERSON FERREIRA RODRIGUES,82501173449,ANDERSON FERREIRA,PR,10-DEC-72,38605920892,170000000734
2010,PE,DEPUTADO FEDERAL,AUGUSTO RODRIGUES COUTINHO DE MELO,33155623420,AUGUSTO COUTINHO,DEM,22-OCT-62,11683950833,170000000166
2010,PE,DEPUTADO FEDERAL,BRUNO CAVALCANTI DE ARAUJO,73467260497,BRUNO ARAUJO,PSDB,15-MAR-72,36258420833,170000000170
2010,PE,DEPUTADO FEDERAL,CARLOS EDUARDO CINTRA DA COSTA PEREIRA,230685404,CADOCA,PSC,23-APR-40,599950868,170000000737
2010,PE,DEPUTADO FEDERAL,DANILO JORGE DE BARROS CABRAL,50903691434,DANILO CABRAL,PSB,21-APR-67,12609420809,170000000738
2010,PE,DEPUTADO FEDERAL,EDUARDO HENRIQUE DA FONTE DE ALBUQUERQUE SILVA,53467108415,EDUARDO DA FONTE,PP,17-OCT-72,37093110884,170000000739
2010,PE,DEPUTADO FEDERAL,FERNANDO BEZERRA DE SOUZA COELHO FILHO,4921093466,FERNANDO FILHO,PSB,28-FEB-84,56796460833,170000000742
2010,PE,DEPUTADO FEDERAL,FERNANDO DANTAS FERRO,12582980404,FERNANDO FERRO,PT,05-SEP-51,4738950809,170000000743
2010,PE,DEPUTADO FEDERAL,FRANCISCO EURICO DA SILVA,23340541434,PASTOR EURICO,PSB,12-SEP-62,4445690841,170000000744
2010,PE,DEPUTADO FEDERAL,INOCENCIO GOMES DE OLIVEIRA,177601434,INOCENCIO OLIVEIRA,PR,21-OCT-38,20220220876,170000000747
2010,PE,DEPUTADO FEDERAL,JOAO PAULO LIMA E SILVA,7993137420,JOAO PAULO,PT,31-DEC-52,2149600850,170000000749
2010,PE,DEPUTADO FEDERAL,JORGE WICKS CORTE REAL,7038089404,JORGE CORTE REAL,PTB,09-MAY-51,72390876,170000000750
2010,PE,DEPUTADO FEDERAL,JOSE AUGUSTO MAIA,14299275420,ZE AUGUSTO,PTB,20-JAN-56,28317930892,170000000751
2010,PE,DEPUTADO FEDERAL,JOSE SEVERIANO CHAVES,1857649400,JOSE CHAVES,PTB,08-JUN-42,302820817,170000000753
2010,PE,DEPUTADO FEDERAL,JOSÉ MENDONÇA BEZERRA FILHO,40530086468,MENDONÇA,DEM,12-JUL-66,15177610809,170000000187
2010,PE,DEPUTADO FEDERAL,LUCIANA BARBOSA DE OLIVEIRA SANTOS,80919979491,LUCIANA SANTOS,PC do B,29-DEC-65,5165120817,170000000755
2010,PE,DEPUTADO FEDERAL,LUIZ GONZAGA PATRIOTA,1960970453,GONZAGA PATRIOTA,PSB,26-APR-46,22412340841,170000000756
2010,PE,DEPUTADO FEDERAL,MAURICIO RANDS COELHO BARROS,29999154468,MAURICIO RANDS,PT,17-SEP-61,3472170850,170000000759
2010,PE,DEPUTADO FEDERAL,PEDRO EUGENIO DE CASTRO TOLEDO CABRAL,7076398400,PEDRO EUGENIO,PT,29-MAR-49,3736950841,170000000765
2010,PE,DEPUTADO FEDERAL,RAUL JEAN LOUIS HENRY JUNIOR,45877475487,RAUL HENRY,PMDB,06-JUN-64,5069760892,170000000192
2010,PE,DEPUTADO FEDERAL,ROBERTO SERGIO RIBEIRO COUTINHO TEIXEIRA,33378118415,ROBERTO TEIXEIRA,PP,02-OCT-61,37471830809,170000000766
2010,PE,DEPUTADO FEDERAL,SEVERINO SERGIO ESTELITA GUERRA,1659367468,SERGIO GUERRA,PSDB,09-NOV-47,403450884,170000000194
2010,PE,DEPUTADO FEDERAL,SILVIO SERAFIN COSTA,10481389415,SILVIO COSTA,PTB,23-DEC-56,5354120892,170000000768
2010,PE,DEPUTADO FEDERAL,WOLNEY QUEIROZ MACIEL,74989910478,WOLNEY QUEIROZ,PDT,12-DEC-72,37327330809,170000000769
2010,PI,SENADOR,CIRO NOGUEIRA LIMA FILHO,34190392391,CIRO NOGUEIRA,PP,21-NOV-68,20499931503,180000000229
2010,PI,SENADOR,JOSE WELLINGTON BARROSO DE ARAUJO DIAS,18255663304,WELLINGTON DIAS,PT,05-MAR-62,8809861503,180000000704
2010,PI,DEPUTADO FEDERAL,ATILA FREITAS LIRA,13023594600,ÁTILA LIRA,PSB,07-APR-47,466981503,180000000337
2010,PI,DEPUTADO FEDERAL,FRANCISCO DE ASSIS CARVALHO GONÇALVES,15670961315,ASSIS CARVALHO,PT,09-SEP-61,438551538,180000000666
2010,PI,DEPUTADO FEDERAL,HUGO NAPOLEÃO DO REGO NETO,4248139715,HUGO NAPOLEÃO,DEM,31-OCT-43,5034481554,180000000109
2010,PI,DEPUTADO FEDERAL,IRACEMA MARIA PORTELA NUNES NOGUEIRA LIMA,37311638372,IRACEMA PORTELA,PP,23-APR-66,8789811597,180000000240
2010,PI,DEPUTADO FEDERAL,JESUS RODRIGUES ALVES,18141900315,JESUS RODRIGUES,PT,09-APR-59,735971538,180000000676
2010,PI,DEPUTADO FEDERAL,JOSÉ FRANCISCO PAES LANDIM,309745187,PAES LANDIM,PTB,23-MAR-37,9564851538,180000000243
2010,PI,DEPUTADO FEDERAL,JULIO CESAR DE CARVALHO LIMA,1102125334,JULIO CESAR,DEM,25-AUG-48,7702671511,180000000116
2010,PI,DEPUTADO FEDERAL,MARCELO COSTA E CASTRO,2382091304,MARCELO CASTRO,PMDB,09-JUN-50,123561503,180000000348
2010,PI,DEPUTADO FEDERAL,MARLLOS ROSSANO RIBEIRO GONÇALVES DE SAMPAIO,56584369315,MARLLOS SAMPAIO,PMDB,28-DEC-74,20958841562,180000000351
2010,PI,DEPUTADO FEDERAL,OSMAR RIBEIRO DE ALMEIDA JÚNIOR,15091686304,OSMAR JÚNIOR,PC do B,08-OCT-59,255891503,180000000352
2010,PR,SENADOR,GLEISI HELENA HOFFMANN,67677061915,GLEISI,PT,06-SEP-65,30787430620,160000000916
2010,PR,SENADOR,ROBERTO REQUIÃO DE MELLO E SILVA,5660890920,REQUIÃO,PMDB,05-MAR-41,87950655,160000000917
2010,PR,DEPUTADO FEDERAL,ABELARDO LUIZ LUPION MELLO,16096843972,LUPION,DEM,25-AUG-52,1051130604,160000000555
2010,PR,DEPUTADO FEDERAL,ALEX CANZIANI SILVEIRA,36601101915,ALEX CANZIANI,PTB,11-JUN-64,33038030612,160000000431
2010,PR,DEPUTADO FEDERAL,ANDRE LUIZ VARGAS ILARIO,49750950925,ANDRÉ VARGAS,PT,02-MAR-64,42716320620,160000000928
2010,PR,DEPUTADO FEDERAL,ANDRÉ ZACHAROW,10748369953,ANDRÉ ZACHAROW,PMDB,07-JUL-39,4819730604,160000000929
2010,PR,DEPUTADO FEDERAL,ANGELO CARLOS VANHONI,35977442904,ANGELO VANHONI,PT,19-JUN-55,3252530612,160000000932
2010,PR,DEPUTADO FEDERAL,ASSIS MIGUEL DO COUTO,39479471949,ASSIS DO COUTO,PT,17-OCT-61,22331170647,160000000933
2010,PR,DEPUTADO FEDERAL,CARLOS ROBERTO MASSA JUNIOR,3208448970,RATINHO JUNIOR,PSC,19-APR-81,69852310663,160000000790
2010,PR,DEPUTADO FEDERAL,CEZAR AUGUSTO CAROLLO SILVESTRI,22215603968,CEZAR SILVESTRI,PPS,01-AUG-54,14235010639,160000000564
2010,PR,DEPUTADO FEDERAL,CLEUSA ROSANE RIBAS FERREIRA,53210026904,ROSANE FERREIRA,PV,31-JUL-63,15800750604,160000000215
2010,PR,DEPUTADO FEDERAL,DILCEU JOÃO SPERAFICO,11979216991,DILCEU SPERAFICO,PP,26-JAN-48,20830410663,160000000566
2010,PR,DEPUTADO FEDERAL,EDMAR DE SOUZA ARRUDA,32563914949,EDMAR ARRUDA,PSC,26-SEP-59,37212430655,160000000792
2010,PR,DEPUTADO FEDERAL,EDUARDO FRANCISCO SCIARRA,17207320949,EDUARDO SCIARRA,DEM,05-OCT-52,18612990671,160000000568
2010,PR,DEPUTADO FEDERAL,FERNANDO DESTITO FRANCISCHINI,74019961972,DELEGADO FRANCISCHINI,PSDB,26-MAR-70,45982890698,160000000572
2010,PR,DEPUTADO FEDERAL,FERNANDO LUCIO GIACOBO,71827404949,GIACOBO,PR,17-DEC-70,47438910663,160000000939
2010,PR,DEPUTADO FEDERAL,FLORISVALDO FIER,29938520944,DR ROSINHA,PT,12-NOV-50,31908870604,160000000940
2010,PR,DEPUTADO FEDERAL,HERMES PARCIANELLO,33496315920,HERMES PARCIANELLO FRANGAO,PMDB,25-APR-58,39650000663,160000000944
2010,PR,DEPUTADO FEDERAL,HIDEKAZU TAKAYAMA,52499383887,TAKAYAMA,PSC,20-APR-48,1668610671,160000000797
2010,PR,DEPUTADO FEDERAL,JACOB ALFREDO STOFFELS KAEFER,24106305968,ALFREDO KAEFER,PSDB,07-NOV-55,39673290647,160000000576
2010,PR,DEPUTADO FEDERAL,JOSE CARLOS BECKER DE OLIVEIRA E SILVA,3098871946,ZECA DIRCEU,PT,21-JUN-78,62543650620,160000000947
2010,PR,DEPUTADO FEDERAL,JOÃO JOSÉ DE ARRUDA JUNIOR,2105687989,JOÃO ARRUDA,PMDB,22-MAY-76,60621610639,160000000948
2010,PR,DEPUTADO FEDERAL,LEOPOLDO COSTA MEYER,13917315904,LEOPOLDO MEYER,PSB,29-NOV-49,5769680604,160000000023
2010,PR,DEPUTADO FEDERAL,LUIZ CARLOS JORGE HAULY,8682607972,HAULY,PSDB,08-OCT-50,21272620604,160000000585
2010,PR,DEPUTADO FEDERAL,MARIA APARECIDA BORGHETTI,65500415972,CIDA BORGHETTI,PP,18-FEB-65,751320647,160000000591
2010,PR,DEPUTADO FEDERAL,MOACIR MICHELETTO,6152643015,MICHELETTO,PMDB,25-NOV-42,35602130698,160000000957
2010,PR,DEPUTADO FEDERAL,NELSON MEURER,564834904,NELSON MEURER,PP,23-JUL-42,19051390655,160000000595
2010,PR,DEPUTADO FEDERAL,NELSON PADOVANI,2524651991,NELSON PADOVANI,PSC,17-SEP-48,18387000647,160000000803
2010,PR,DEPUTADO FEDERAL,OSMAR JOSÉ SERRAGLIO,1773852949,OSMAR SERRAGLIO,PMDB,23-MAY-48,23952280680,160000000960
2010,PR,DEPUTADO FEDERAL,REINHOLD STEPHANES,207098115,REINHOLD STEPHANES,PMDB,13-AUG-39,1666830655,160000000962
2010,PR,DEPUTADO FEDERAL,RUBENS BUENO,18746420959,RUBENS BUENO,PPS,23-MAY-48,11207330671,160000000599
2010,PR,DEPUTADO FEDERAL,SANDRO ALEX CRUZ DE OLIVEIRA,77535405991,SANDRO ALEX,PPS,25-NOV-72,55572910604,160000000600
2010,RJ,SENADOR,LUIZ LINDBERGH FARIAS FILHO,69049351468,LINDBERG,PT,08-DEC-69,92729320302,190000000133
2010,RJ,SENADOR,MARCELO BEZERRA CRIVELLA,46392319700,MARCELO CRIVELLA,PRB,09-OCT-57,39174640361,190000003213
2010,RJ,DEPUTADO FEDERAL,ADILSON SOARES,11166509753,DR ADILSON SOARES,PR,11-SEP-40,330190310,190000002494
2010,RJ,DEPUTADO FEDERAL,ADRIAN MUSSI RAMOS,92009034791,ADRIAN,PMDB,11-MAR-67,66458030302,190000001667
2010,RJ,DEPUTADO FEDERAL,ALESSANDRO LUCCIOLA MOLON,1416576770,ALESSANDRO MOLON,PT,28-OCT-71,80840900361,190000000138
2010,RJ,DEPUTADO FEDERAL,ALEXANDRE AGUIAR CARDOSO,30456363734,ALEXANDRE CARDOSO,PSB,03-MAY-52,42687640302,190000000650
2010,RJ,DEPUTADO FEDERAL,ALEXANDRE JOSE DOS SANTOS,30557224772,ALEXANDRE SANTOS,PMDB,04-SEP-54,64350980337,190000001668
2010,RJ,DEPUTADO FEDERAL,ALFREDO HELIO SYRKIS,69738866715,SIRKIS,PV,08-DEC-50,16334830337,190000003320
2010,RJ,DEPUTADO FEDERAL,ALUZIO DOS SANTOS JUNIOR,104229780,DR ALUIZIO,PV,13-JUL-68,66466210302,190000003031
2010,RJ,DEPUTADO FEDERAL,ANDREIA ALMEIDA ZITO DOS SANTOS,3607353719,ANDREIA ZITO,PSDB,13-JUL-74,91303020388,190000001160
2010,RJ,DEPUTADO FEDERAL,ANTHONY WILLIAN GAROTINHO MATHEUS DE OLIVEIRA,69839727753,GAROTINHO,PR,18-APR-60,36282530370,190000002498
2010,RJ,DEPUTADO FEDERAL,AROLDE DE OLIVEIRA,1616706287,AROLDE DE OLIVEIRA,DEM,11-MAR-37,2597020302,190000001165
2010,RJ,DEPUTADO FEDERAL,AUREO LIDIO MOREIRA RIBEIRO,5355525725,AUREO,PRTB,17-FEB-79,101852310329,190000001761
2010,RJ,DEPUTADO FEDERAL,BENEDITA SOUZA DA SILVA SAMPAIO,36293334787,BENEDITA,PT,26-APR-42,3308270388,190000000142
2010,RJ,DEPUTADO FEDERAL,EDSON EZEQUIEL DE MATOS,8278393753,EZEQUIEL,PMDB,13-JUL-45,44800070302,190000001692
2010,RJ,DEPUTADO FEDERAL,EDSON SANTOS,43914446749,EDSON SANTOS,PT,21-JUL-54,11397180370,190000000147
2010,RJ,DEPUTADO FEDERAL,EDUARDO COSENTINO DA CUNHA,50447971700,EDUARDO CUNHA,PMDB,29-SEP-58,10915780388,190000001693
2010,RJ,DEPUTADO FEDERAL,FELIPE LEONE BORNIER DE OLIVEIRA,7421725709,FELIPE BORNIER,PHS,26-DEC-78,95345100388,190000002121
2010,RJ,DEPUTADO FEDERAL,FILIPE DE ALMEIDA PEREIRA,10352572701,FILIPE PEREIRA,PSC,16-NOV-83,119140620345,190000001699
2010,RJ,DEPUTADO FEDERAL,FRANCISCO FLORIANO DE SOUSA SILVA,54984670797,FRANCISCO FLORIANO,PR,21-SEP-59,3916330124,190000002515
2010,RJ,DEPUTADO FEDERAL,FRANCISCO RODRIGUES DE ALENCAR FILHO,26451379700,CHICO ALENCAR,PSOL,19-OCT-49,5038000361,190000002193
2010,RJ,DEPUTADO FEDERAL,GLAUBER DE MEDEIROS BRAGA,9740756719,GLAUBER,PSB,26-JUN-82,108161890370,190000000672
2010,RJ,DEPUTADO FEDERAL,HUGO LEAL MELO DA SILVA,41365585620,HUGO LEAL,PSC,06-AUG-62,92664330345,190000001702
2010,RJ,DEPUTADO FEDERAL,JAIR MESSIAS BOLSONARO,45317828791,JAIR BOLSONARO,PP,21-MAR-55,15564190337,190000001706
2010,RJ,DEPUTADO FEDERAL,JANDIRA FEGHALI,43428169700,JANDIRA FEGHALI,PC do B,17-MAY-57,18508500329,190000003039
2010,RJ,DEPUTADO FEDERAL,JEAN WYLLYS DE MATOS SANTOS,59919230510,JEAN WYLLYS,PSOL,10-MAR-74,71224060582,190000002194
2010,RJ,DEPUTADO FEDERAL,JORGE DE OLIVEIRA,20783337787,ZOINHO,PR,15-DEC-52,59745140329,190000002523
2010,RJ,DEPUTADO FEDERAL,JORGE RICARDO BITTAR,26922053753,BITTAR,PT,25-OCT-48,16745840310,190000000160
2010,RJ,DEPUTADO FEDERAL,JULIO LUIZ BAPTISTA LOPES,59245220753,JULIO LOPES,PP,06-APR-59,17611790329,190000001711
2010,RJ,DEPUTADO FEDERAL,LEONARDO CARNEIRO MONTEIRO PICCIANI,8436066731,LEONARDO PICCIANI,PMDB,06-NOV-79,100324470396,190000001712
2010,RJ,DEPUTADO FEDERAL,LILIAM SA DE PAULA,63440547787,LILIAM SA,PR,22-APR-60,27327990302,190000002533
2010,RJ,DEPUTADO FEDERAL,LUIZ SERGIO NOBREGA DE OLIVEIRA,44910614753,LUIZ SERGIO,PT,09-APR-58,69956830396,190000000164
2010,RJ,DEPUTADO FEDERAL,MARCELO VIVIANI GONCALVES,90838920772,MARCELO MATOS,PDT,26-MAY-68,59302330302,190000000864
2010,RJ,DEPUTADO FEDERAL,MIRO TEIXEIRA,3690288720,MIRO TEIXEIRA,PDT,27-MAY-45,5422210337,190000000873
2010,RJ,DEPUTADO FEDERAL,NEILTON MULIM DA COSTA,77636864720,NEILTON MULIM,PR,22-JUL-62,46322160370,190000002548
2010,RJ,DEPUTADO FEDERAL,OTAVIO SANTOS SILVA LEITE,20163452504,OTAVIO LEITE,PSDB,29-JUL-61,2618040345,190000001221
2010,RJ,DEPUTADO FEDERAL,PAULO CESAR DA GUIA ALMEIDA,82640530763,DR PAULO CESAR,PR,18-JUN-60,62048090302,190000002551
2010,RJ,DEPUTADO FEDERAL,PAULO FERNANDO FEIJO TORRES,52118037791,PAULO FEIJO,PR,23-MAR-56,34458760302,190000002552
2010,RJ,DEPUTADO FEDERAL,PEDRO PAULO CARVALHO TEIXEIRA,262905701,PEDRO PAULO,PMDB,29-JUN-72,77433250345,190000001734
2010,RJ,DEPUTADO FEDERAL,RODRIGO BETHLEM FERNANDES,99736870782,RODRIGO BETHLEM,PMDB,15-FEB-71,79264950361,190000001737
2010,RJ,DEPUTADO FEDERAL,RODRIGO FELINTO IBARRA EPITACIO MAIA,590048783,RODRIGO MAIA,DEM,12-JUN-70,73616970345,190000001226
2010,RJ,DEPUTADO FEDERAL,ROMARIO DE SOUZA FARIA,90671953753,ROMÁRIO,PSB,29-JAN-66,25096430353,190000000710
2010,RJ,DEPUTADO FEDERAL,SERGIO ZVEITER,51813440700,SERGIO ZVEITER,PDT,18-MAY-56,18777860345,190000000883
2010,RJ,DEPUTADO FEDERAL,SIMAO SESSIM,3441067720,SIMAO SESSIM,PP,12-AUG-35,38350850388,190000001744
2010,RJ,DEPUTADO FEDERAL,STEPAN NERCESSIAN,26672383700,STEPAN NERCESSIAN,PPS,02-DEC-53,11013960361,190000001233
2010,RJ,DEPUTADO FEDERAL,VITOR PAULO ARAUJO DOS SANTOS,72065460725,VITOR PAULO,PRB,22-NOV-64,263159710108,190000003210
2010,RJ,DEPUTADO FEDERAL,WALNEY DA ROCHA CARVALHO,58477128715,WALNEY ROCHA,PTB,19-APR-59,53749630345,190000002184
2010,RJ,DEPUTADO FEDERAL,WASHINGTON REIS DE OLIVEIRA,1311846794,WASHINGTON REIS,PMDB,05-APR-67,51255330329,190000001751
2010,RN,SENADOR,GARIBALDI ALVES FILHO,442810482,GARIBALDI ALVES FILHO,PMDB,04-FEB-47,1609551660,200000000098
2010,RN,SENADOR,JOSÉ AGRIPINO MAIA,441392415,JOSÉ AGRIPINO,DEM,23-MAY-45,1185761643,200000000180
2010,RN,DEPUTADO FEDERAL,CARLOS ALBERTO DE SOUSA ROSADO,7457103449,BETINHO ROSADO,DEM,23-DEC-48,7012901600,200000000184
2010,RN,DEPUTADO FEDERAL,FELIPE CATALAO MAIA,91644372487,FELIPE MAIA,DEM,07-DEC-73,13770251600,200000000185
2010,RN,DEPUTADO FEDERAL,FÁBIO SALUSTINO MESQUITA DE FARIA,2128728428,FÁBIO FARIA,PMN,01-SEP-77,16792391643,200000000186
2010,RN,DEPUTADO FEDERAL,HENRIQUE EDUARDO LYRA ALVES,13047019720,HENRIQUE EDUARDO ALVES,PMDB,09-DEC-48,1645371643,200000000107
2010,RN,DEPUTADO FEDERAL,JOAO DA SILVA MAIA,6662978191,JOAO MAIA,PR,20-SEP-53,2016100396,200000000110
2010,RN,DEPUTADO FEDERAL,MARIA DE FATIMA BEZERRA,16025733449,FATIMA,PT,19-MAY-55,804411600,200000000281
2010,RN,DEPUTADO FEDERAL,PAULO WAGNER LEITE DANTAS,31793851468,PAULO WAGNER,PV,19-JUL-62,7513011619,200000000116
2010,RN,DEPUTADO FEDERAL,SANDRA MARIA DA ESCOSSIA ROSADO,32889429415,SANDRA ROSADO,PSB,23-MAY-51,6993941600,200000000283
2010,RO,SENADOR,IVO NARCISO CASSOL,30476640997,IVO CASSOL,PP,20-JAN-59,4153902313,220000000179
2010,RO,SENADOR,VALDIR RAUPP DE MATOS,34347364920,VALDIR RAUPP,PMDB,24-AUG-55,4205832399,220000000003
2010,RO,DEPUTADO FEDERAL,CARLOS MAGNO RAMOS,36547050653,CARLOS MAGNO,PP,16-JUN-58,7220472321,220000000286
2010,RO,DEPUTADO FEDERAL,MARCOS ROGÉRIO DA SILVA BRITO,60232064253,MARCOS ROGÉRIO,PDT,07-JUL-78,9557492305,220000000016
2010,RO,DEPUTADO FEDERAL,MARINHA CELIA ROCHA RAUPP DE MATOS,3279216842,MARINHA RAUPP,PMDB,23-NOV-60,4197412305,220000000018
2010,RO,DEPUTADO FEDERAL,MARITON BENEDITO DE HOLANDA,33963312300,PADRE TON,PT,04-NOV-68,217042600116,220000000557
2010,RO,DEPUTADO FEDERAL,MAURO NAZIF RASUL,70162000782,DR. MAURO NAZIF,PSB,30-JAN-59,428982313,220000000130
2010,RO,DEPUTADO FEDERAL,NATAN DONADON,24194425200,NATAN DONADON,PMDB,27-JUL-67,2449082305,220000000020
2010,RO,DEPUTADO FEDERAL,NILTON BALBINO,57785368791,NILTON CAPIXABA,PTB,09-FEB-60,9463542321,220000000110
2010,RO,DEPUTADO FEDERAL,RUBENS MOREIRA MENDES FILHO,47576286849,MOREIRA MENDES,PPS,19-JUL-46,163692348,220000000296
2010,RR,SENADOR,ANGELA MARIA GOMES PORTELA,19965303215,ANGELA PORTELA,PT,03-FEB-62,237342658,230000000506
2010,RR,SENADOR,ROMERO JUCA FILHO,9582819472,ROMERO JUCÁ,PMDB,30-NOV-54,1325082666,230000000060
2010,RR,DEPUTADO FEDERAL,EDIO VIEIRA LOPES,77548981872,EDIO LOPES,PMDB,04-JAN-52,87082640,230000000066
2010,RR,DEPUTADO FEDERAL,FRANCISCO VIEIRA SAMPAIO,3419720297,CHICO DAS VERDURAS,PRP,18-MAY-50,301942690,230000000517
2010,RR,DEPUTADO FEDERAL,HERBSON JAIRO RIBEIRO BANTIM,12089532572,BERINHO BANTIM,PSDB,20-NOV-58,1008162615,230000000071
2010,RR,DEPUTADO FEDERAL,JOHNATHAN PEREIRA DE JESUS,74274112268,JOHNATHAN DE JESUS,PRB,03-SEP-83,3063202682,230000000521
2010,RR,DEPUTADO FEDERAL,LUCIANO DE SOUZA CASTRO,12776181787,LUCIANO CASTRO,PR,22-AUG-49,243742640,230000000073
2010,RR,DEPUTADO FEDERAL,MARIA TERESA SAENZ SURITA JUCA,38534460191,TERESA JUCÁ,PMDB,14-AUG-56,1283202607,230000000075
2010,RR,DEPUTADO FEDERAL,PAULO CESAR JUSTO QUARTIERO,17797403015,PAULO CESAR QUARTIERO,DEM,16-JUL-52,370012607,230000000078
2010,RR,DEPUTADO FEDERAL,RAUL DA SILVA LIMA SOBRINHO,29636310220,RAUL LIMA,PP,02-DEC-66,1390322658,230000000430
2010,RS,SENADOR,ANA AMELIA DE LEMOS,1158597053,ANA AMÉLIA LEMOS,PP,23-MAR-45,18270590400,210000001296
2010,RS,SENADOR,PAULO RENATO PAIM,11062975049,PAIM,PT,15-MAR-50,32745760418,210000000474
2010,RS,DEPUTADO FEDERAL,ALCEU MOREIRA DA SILVA,17968496004,ALCEU MOREIRA,PMDB,04-JUN-64,42342680469,210000000661
2010,RS,DEPUTADO FEDERAL,ALEXANDRE RUBIO ROSO,43750117004,DR ALEXANDRE ROSO,PSB,12-NOV-64,32523500450,210000000169
2010,RS,DEPUTADO FEDERAL,ASSIS FLAVIO DA SILVA MELO,34456350059,ASSIS MELO,PC do B,14-SEP-62,25184090418,210000000171
2010,RS,DEPUTADO FEDERAL,CARLOS EDUARDO VIEIRA DA CUNHA,34939628000,VIEIRA DA CUNHA,PDT,31-MAR-60,29074900485,210000000808
2010,RS,DEPUTADO FEDERAL,DANRLEI DE DEUS HINTERHOLZ,70157324087,DANRLEI DE DEUS GOLEIRO,PTB,18-APR-73,55776800493,210000001084
2010,RS,DEPUTADO FEDERAL,DARCÍSIO PAULO PERONDI,8262748034,PERONDI,PMDB,02-APR-47,15008650477,210000000667
2010,RS,DEPUTADO FEDERAL,DIONILSO MATEUS MARCON,43434339000,MARCON,PT,21-SEP-64,7161260434,210000000480
2010,RS,DEPUTADO FEDERAL,ELVINO JOSÉ BOHN GASS,12558206249,ELVINO BOHN GASS,PT,05-FEB-62,41625770434,210000000482
2010,RS,DEPUTADO FEDERAL,ENIO EGON BERGMANN BACCI,24076163087,ENIO BACCI,PDT,19-SEP-58,9972980469,210000000812
2010,RS,DEPUTADO FEDERAL,GILBERTO JOSE SPIER VARGAS,27905799034,PEPE VARGAS,PT,29-OCT-58,4448240434,210000000486
2010,RS,DEPUTADO FEDERAL,GIOVANI CHERINI,31050778049,GIOVANI CHERINI,PDT,23-JUN-60,13203150400,210000000816
2010,RS,DEPUTADO FEDERAL,HENRIQUE FONTANA JÚNIOR,33410518053,HENRIQUE FONTANA,PT,18-JAN-60,44194670469,210000000487
2010,RS,DEPUTADO FEDERAL,JERONIMO PIZZOLOTTO GOERGEN,73441040082,JERONIMO GOERGEN,PP,20-JAN-76,61856900485,210000001386
2010,RS,DEPUTADO FEDERAL,JORGE ALBERTO PORTANOVA MENDES RIBEIRO FILHO,16508513087,MENDES RIBEIRO FILHO,PMDB,27-DEC-54,49265430418,210000000677
2010,RS,DEPUTADO FEDERAL,JOSE ALFONSO EBERT HAMM,37040642034,AFONSO HAMM,PP,25-APR-62,11694010477,210000001388
2010,RS,DEPUTADO FEDERAL,JOSE LUIZ STEDILE,29446376068,STEDILE,PSB,11-AUG-57,48346830477,210000000185
2010,RS,DEPUTADO FEDERAL,JOSE OTAVIO GERMANO,36447374015,JOSE OTAVIO GERMANO,PP,21-APR-62,44347170400,210000001389
2010,RS,DEPUTADO FEDERAL,LUIS CARLOS HEINZE,14272954091,LUIS CARLOS HEINZE,PP,14-SEP-50,9353970469,210000001393
2010,RS,DEPUTADO FEDERAL,LUIZ CARLOS GHIORZZI BUSATO,5698960020,BUSATO,PTB,06-NOV-48,44057300400,210000001097
2010,RS,DEPUTADO FEDERAL,LUIZ ROBERTO DE ALBUQUERQUE,33769460006,BETO ALBUQUERQUE,PSB,06-JAN-63,14809240493,210000000190
2010,RS,DEPUTADO FEDERAL,MANUELA PINTO VIEIRA D AVILA,96460555087,MANUELA D AVILA,PC do B,18-AUG-81,72017840485,210000000191
2010,RS,DEPUTADO FEDERAL,MARCO AURELIO SPALL MAIA,47500867034,MARCO MAIA,PT,27-DEC-65,28402660493,210000000490
2010,RS,DEPUTADO FEDERAL,MARIA DO ROSARIO NUNES,48989371015,MARIA DO ROSÁRIO,PT,22-NOV-66,22431930442,210000000491
2010,RS,DEPUTADO FEDERAL,NELSON MARCHEZAN JUNIOR,64777154068,NELSON MARCHEZAN JUNIOR,PSDB,30-NOV-71,60876750418,210000001398
2010,RS,DEPUTADO FEDERAL,ONYX DORNELLES LORENZONI,21025932072,ONYX,DEM,03-OCT-54,38183130477,210000001103
2010,RS,DEPUTADO FEDERAL,OSMAR GASPARINI TERRA,19971478072,OSMAR TERRA,PMDB,18-FEB-50,21995280418,210000000686
2010,RS,DEPUTADO FEDERAL,PAULO ROBERTO SEVERO PIMENTA,42844924034,PIMENTA,PT,19-MAR-65,8832570493,210000000494
2010,RS,DEPUTADO FEDERAL,RENATO DELMAR MOLLING,32091206091,RENATO MOLLING,PP,01-OCT-60,10368220418,210000001404
2010,RS,DEPUTADO FEDERAL,RONALDO MIRO ZULKE,17964296000,RONALDO ZULKE,PT,16-OCT-54,49761690426,210000000495
2010,RS,DEPUTADO FEDERAL,SERGIO IVAN MORAES,20504225049,SÉRGIO MORAES,PTB,27-APR-58,40077160400,210000001111
2010,RS,DEPUTADO FEDERAL,VILSON LUIZ COVATTI,28455690097,COVATTI,PP,26-JAN-57,34878170434,210000001411
2010,SC,SENADOR,LUIZ HENRIQUE DA SILVEIRA,586935991,LUIZ HENRIQUE DA SILVEIRA,PMDB,25-FEB-40,9574020965,240000000203
2010,SC,SENADOR,PAULO ROBERTO BAUER,29397057987,PAULO BAUER,PSDB,20-MAR-57,8279440965,240000000204
2010,SC,DEPUTADO FEDERAL,CELSO MALDANER,18270522953,CELSO MALDANER,PMDB,30-AUG-53,20206140930,240000000231
2010,SC,DEPUTADO FEDERAL,DÉCIO NERY DE LIMA,38858240944,DÉCIO LIMA,PT,01-OCT-60,7187910922,240000000393
2010,SC,DEPUTADO FEDERAL,EDSON BEZ DE OLIVEIRA,9629734915,EDINHO BEZ,PMDB,06-MAR-50,14165840981,240000000233
2010,SC,DEPUTADO FEDERAL,ESPERIDIÃO AMIN HELOU FILHO,11268786934,ESPERIDIÃO AMIN,PP,21-DEC-47,5399180914,240000000089
2010,SC,DEPUTADO FEDERAL,JORGE CATARINO LEONARDELI BOEIRA,24620262900,JORGE BOEIRA,PT,05-NOV-55,162180930,240000000398
2010,SC,DEPUTADO FEDERAL,JORGINHO DOS SANTOS MELLO,25084119904,JORGINHO MELLO,PSDB,15-JUN-56,7894870922,240000000258
2010,SC,DEPUTADO FEDERAL,JOÃO ALBERTO PIZZOLATTI JÚNIOR,42995043991,PIZZOLATTI,PP,31-OCT-61,19594400922,240000000094
2010,SC,DEPUTADO FEDERAL,JOÃO RODRIGUES,23278951387,JOÃO RODRIGUES,DEM,23-MAR-67,24601780906,240000000218
2010,SC,DEPUTADO FEDERAL,LUCI TERESINHA KOSWOSKI CHOINACKI,70740178920,LUCI,PT,19-MAR-54,40675080949,240000000401
2010,SC,DEPUTADO FEDERAL,MARCO ANTONIO TEBALDI,25671235049,MARCO TEBALDI,PSDB,31-JAN-58,8995030965,240000000259
2010,SC,DEPUTADO FEDERAL,MAURO MARIANI,48520500900,MAURO MARIANI,PMDB,08-JAN-64,22661420957,240000000236
2010,SC,DEPUTADO FEDERAL,ONOFRE SANTO AGOSTINI,13680790910,ONOFRE AGOSTINI,DEM,22-MAR-40,4507750949,240000000223
2010,SC,DEPUTADO FEDERAL,PAULO ROBERTO BARRETO BORNHAUSEN,48875589968,PAULO BORNHAUSEN,DEM,19-SEP-63,5799380949,240000000225
2010,SC,DEPUTADO FEDERAL,PEDRO FRANCISCO UCZAI,47721855934,PEDRO UCZAI,PT,10-MAR-63,26553310973,240000000411
2010,SC,DEPUTADO FEDERAL,ROGÉRIO MENDONÇA,16513703034,PENINHA,PMDB,27-JAN-53,16586010981,240000000237
2010,SC,DEPUTADO FEDERAL,RONALDO JOSÉ BENEDET,28920910987,RONALDO BENEDET,PMDB,09-MAR-56,3551140981,240000000238
2010,SE,SENADOR,ANTONIO CARLOS VALADARES,409090506,VALADARES,PSB,06-APR-43,3792812119,260000000175
2010,SE,SENADOR,EDUARDO ALVES DO AMORIM,23629711553,EDUARDO AMORIM,PSC,17-MAY-63,5709332143,260000000176
2010,SE,DEPUTADO FEDERAL,ANDRE LUIS DANTAS FERREIRA,55686176515,ANDRE MOURA,PSC,23-FEB-72,16707162186,260000000228
2010,SE,DEPUTADO FEDERAL,ANTONIO CARLOS VALADARES FILHO,80616291515,VALADARES FILHO,PSB,01-OCT-80,18712002127,260000000229
2010,SE,DEPUTADO FEDERAL,JOSE HELENO DA SILVA,45006776587,PASTOR HELENO,PRB,22-JUN-67,1394612143,260000000232
2010,SE,DEPUTADO FEDERAL,JOSÉ ALMEIDA LIMA,10223738549,ALMEIDA LIMA,PMDB,28-SEP-53,3360752100,260000000235
2010,SE,DEPUTADO FEDERAL,JOSÉ DE ARAÚJO MENDONÇA SOBRINHO,34247351591,MENDONÇA PRADO,DEM,14-OCT-66,584502194,260000000260
2010,SE,DEPUTADO FEDERAL,LAERCIO JOSE DE OLIVEIRA,16853881400,LAERCIO OLIVEIRA,PR,15-APR-59,2227512178,260000000237
2010,SE,DEPUTADO FEDERAL,MARCIO COSTA MACEDO,50625870506,MARCIO MACEDO,PT,18-SEP-70,18280612178,260000000238
2010,SE,DEPUTADO FEDERAL,ROGERIO CARVALHO SANTOS,41168720591,ROGERIO CARVALHO,PT,02-AUG-68,173753480159,260000000240
2010,SP,SENADOR,ALOYSIO NUNES FERREIRA FILHO,1329335864,ALOYSIO NUNES,PSDB,05-APR-45,44638280116,250000001514
2010,SP,SENADOR,MARTA SUPLICY,69915890800,MARTA SUPLICY,PT,18-MAR-45,86530840141,250000001430
2010,SP,DEPUTADO FEDERAL,ADRIANO ELI CORREA,17610241830,ELI CORREA FILHO,DEM,13-JAN-76,254227660108,250000000301
2010,SP,DEPUTADO FEDERAL,ALEXANDRE LEITE DA SILVA,22970812860,ALEXANDRE LEITE,DEM,18-APR-89,353942970191,250000000305
2010,SP,DEPUTADO FEDERAL,ALINE LEMOS CORREA DE OLIVEIRA ANDRADE,86659804404,ALINE CORREA,PP,25-MAR-73,37624600817,250000001826
2010,SP,DEPUTADO FEDERAL,ANTONIO CARLOS DE MENDES THAME,20849893887,THAME,PSDB,13-JUN-46,35903700183,250000000310
2010,SP,DEPUTADO FEDERAL,ANTONIO CARLOS MARTINS DE BULHÕES,335868703,ANTONIO BULHÕES,PRB,05-MAY-68,281406850159,250000001327
2010,SP,DEPUTADO FEDERAL,ANTONIO DUARTE NOGUEIRA JUNIOR,4804881859,DUARTE NOGUEIRA,PSDB,16-MAY-64,39498670116,250000000314
2010,SP,DEPUTADO FEDERAL,ARLINDO CHIGNALIA JUNIOR,6821146187,ARLINDO CHINAGLIA,PT,24-DEC-49,7428910108,250000001331
2010,SP,DEPUTADO FEDERAL,ARNALDO CALIL PEREIRA JARDIM,4197807856,ARNALDO JARDIM,PPS,08-MAY-55,86345260159,250000000317
2010,SP,DEPUTADO FEDERAL,ARNALDO FARIA DE SÁ,21911452800,ARNALDO FARIA DE SÁ,PTB,30-DEC-45,78025840124,250000003122
2010,SP,DEPUTADO FEDERAL,BRUNA DIAS FURLAN,31516410831,BRUNA FURLAN,PSDB,28-APR-83,307067120124,250000000320
2010,SP,DEPUTADO FEDERAL,CANDIDO ELPIDIO DE SOUZA VACCAREZZA,13158546515,VACCAREZZA,PT,26-SEP-55,88440430159,250000001333
2010,SP,DEPUTADO FEDERAL,CARLOS ALBERTO ROLIM ZARATTINI,398099863,ZARATTINI,PT,08-JUN-59,148002880191,250000001334
2010,SP,DEPUTADO FEDERAL,CARLOS HENRIQUE FOCESI SAMPAIO,6197277808,CARLOS SAMPAIO,PSDB,31-MAR-63,107672700175,250000000323
2010,SP,DEPUTADO FEDERAL,CARLOS JOSE DE ALMEIDA,4860638875,CARLINHOS ALMEIDA,PT,25-JUN-63,46223420183,250000001336
2010,SP,DEPUTADO FEDERAL,DEVANIR RIBEIRO,27173275849,DEVANIR RIBEIRO,PT,02-FEB-44,94619840116,250000001343
2010,SP,DEPUTADO FEDERAL,DIMAS EDUARDO RAMALHO,82886890863,DIMAS RAMALHO,PPS,13-AUG-54,49434620141,250000000328
2010,SP,DEPUTADO FEDERAL,EDSON APARECIDO DOS SANTOS,162717857,EDSON APARECIDO,PSDB,15-SEP-57,89123360116,250000000331
2010,SP,DEPUTADO FEDERAL,EDSON EDINHO COELHO ARAUJO,49663003804,EDINHO ARAUJO,PMDB,30-JUL-49,62644550167,250000000083
2010,SP,DEPUTADO FEDERAL,EMANUEL FERNANDES,83073418849,EMANUEL FERNANDES,PSDB,06-MAR-56,45580800141,250000000334
2010,SP,DEPUTADO FEDERAL,FRANCISCO EVERARDO OLIVEIRA SILVA,44833881349,TIRIRICA,PR,01-MAY-65,12504970710,250000001352
2010,SP,DEPUTADO FEDERAL,GABRIEL BENEDITO ISSAAC CHALITA,12645762859,GABRIEL CHALITA,PSB,30-APR-69,164358110116,250000002829
2010,SP,DEPUTADO FEDERAL,GUILHERME CAMPOS JUNIOR,4889097830,GUILHERME CAMPOS,DEM,20-NOV-62,17292920116,250000000343
2010,SP,DEPUTADO FEDERAL,GUILHERME MUSSI FERREIRA,31812472862,GUILHERME MUSSI,PV,14-OCT-82,299018120116,250000002585
2010,SP,DEPUTADO FEDERAL,IOLANDA KEIKO MIASHIRO OTA,5528227879,OTA,PSB,28-SEP-56,89522030167,250000002834
2010,SP,DEPUTADO FEDERAL,IVAN VALENTE,37655582815,IVAN VALENTE,PSOL,05-JUL-46,103324530141,250000002173
2010,SP,DEPUTADO FEDERAL,JANETE ROCHA PIETÁ,25052754833,JANETE PIETÁ,PT,03-NOV-46,112574690167,250000001364
2010,SP,DEPUTADO FEDERAL,JEFFERSON ALVES DE CAMPOS,2684165831,JEFFERSON CAMPOS,PSB,26-OCT-64,104635880167,250000002837
2010,SP,DEPUTADO FEDERAL,JILMAR AUGUSTINHO TATTO,3946999808,JILMAR TATTO,PT,25-JUN-65,116189870183,250000001366
2010,SP,DEPUTADO FEDERAL,JONAS DONIZETTE FERREIRA,9696450826,JONAS DONIZETTE,PSB,25-JUN-65,107585830191,250000002838
2010,SP,DEPUTADO FEDERAL,JORGE TADEU MUDALEN,95663223800,JORGE TADEU,DEM,03-JAN-55,111609190141,250000000347
2010,SP,DEPUTADO FEDERAL,JOSE ABELARDO GUIMARAES CAMARINHA,38233754820,ABELARDO CAMARINHA,PSB,22-MAR-52,29712230183,250000002839
2010,SP,DEPUTADO FEDERAL,JOSE ROBERTO SANTIAGO GOMES,1165213842,ROBERTO SANTIAGO,PV,01-JUL-58,6993220124,250000002595
2010,SP,DEPUTADO FEDERAL,JOSÉ ALDO REBELO FIGUEIREDO,16412150463,ALDO REBELO,PC do B,22-FEB-56,56520191,250000001370
2010,SP,DEPUTADO FEDERAL,JOSÉ ANIBAL PERES DE PONTES,10662952200,JOSÉ ANIBAL,PSDB,09-AUG-47,936420116,250000000355
2010,SP,DEPUTADO FEDERAL,JOSÉ CARLOS VAZ DE LIMA,57339333800,VAZ DE LIMA,PSDB,29-NOV-52,103060860132,250000000356
2010,SP,DEPUTADO FEDERAL,JOSÉ DE FILIPPI JÚNIOR,1260458873,FILIPPI,PT,02-JUN-57,6636380116,250000001372
2010,SP,DEPUTADO FEDERAL,JOSÉ LUIZ DE FRANÇA PENNA,50192400878,PENNA,PV,27-DEC-45,86961760141,250000002596
2010,SP,DEPUTADO FEDERAL,JOSÉ MENTOR GUILHERME DE MELLO NETTO,53455843891,JOSÉ MENTOR,PT,30-SEP-48,97310820141,250000001374
2010,SP,DEPUTADO FEDERAL,JOSÉ OLIMPIO SILVEIRA MORAES,79507646868,MISSIONÁRIO JOSÉ OLIMPIO,PP,11-DEC-56,24472530116,250000001857
2010,SP,DEPUTADO FEDERAL,JOSÉ RICARDO ALVARENGA TRIPOLI,47796278853,TRIPOLI,PSDB,17-APR-52,1772760175,250000000357
2010,SP,DEPUTADO FEDERAL,JOÃO EDUARDO DADO LEITE DE CARVALHO,99275783853,JOÃO DADO,PDT,16-DEC-54,52303690116,250000000545
2010,SP,DEPUTADO FEDERAL,JOÃO PAULO CUNHA,168387859,JOÃO PAULO CUNHA,PT,06-JUN-58,110746810132,250000001379
2010,SP,DEPUTADO FEDERAL,JULIO FRACISCO SEMEGHINI NETO,2950535852,JULIO SEMEGHINI,PSDB,25-JUL-56,6359750124,250000000361
2010,SP,DEPUTADO FEDERAL,JUNJI ABE,30395127815,JUNJI ABE,DEM,15-DEC-40,31110820175,250000000362
2010,SP,DEPUTADO FEDERAL,LUIZ FERNANDO ARANTES MACHADO,89219961504,LUIZ FERNANDO MACHADO,PSDB,08-OCT-77,78197990566,250000000368
2010,SP,DEPUTADO FEDERAL,LUIZ PAULO TEIXEIRA FERREIRA,2441369806,PAULO TEIXEIRA,PT,06-MAY-61,79999180124,250000001386
2010,SP,DEPUTADO FEDERAL,LUIZA ERUNDINA DE SOUSA,480584400,LUIZA ERUNDINA,PSB,30-NOV-34,97564300132,250000002852
2010,SP,DEPUTADO FEDERAL,MARA CRISTINA GABRILLI,24731270855,MARA GABRILLI,PSDB,28-SEP-67,100632050108,250000000370
2010,SP,DEPUTADO FEDERAL,MARCELO THEODORO DE AGUIAR,19522116890,MARCELO AGUIAR,PSC,19-JUN-73,268838720116,250000003348
2010,SP,DEPUTADO FEDERAL,MARCO ANTONIO FELICIANO,13117532811,MARCO FELICIANO,PSC,12-OCT-72,179568170159,250000003349
2010,SP,DEPUTADO FEDERAL,MILTON ANTONIO CASQUEL MONTI,2980372897,MILTON MONTI,PR,10-JUN-61,46946170191,250000001396
2010,SP,DEPUTADO FEDERAL,MÁRCIO LUIZ FRANÇA GOMES,4751068814,MÁRCIO FRANÇA,PSB,23-JUN-63,59616160141,250000002869
2010,SP,DEPUTADO FEDERAL,NELSON MARQUEZELLI,1601849834,NELSON MARQUEZELLI,PTB,29-OCT-41,128526260124,250000003180
2010,SP,DEPUTADO FEDERAL,NEWTON LIMA NETO,76252442887,NEWTON LIMA NETO,PT,27-FEB-53,43088160132,250000001398
2010,SP,DEPUTADO FEDERAL,OTONIEL CARLOS DE LIMA,10357821890,OTONIEL LIMA,PRB,19-JUN-69,268611700108,250000001401
2010,SP,DEPUTADO FEDERAL,PAULO PEREIRA DA SILVA,21006768904,PAULINHO DA FORÇA,PDT,25-FEB-56,64508800132,250000000561
2010,SP,DEPUTADO FEDERAL,PAULO ROBERTO FREIRE DA COSTA,93876912849,PR PAULO FREIRE,PR,03-FEB-55,5586420191,250000001404
2010,SP,DEPUTADO FEDERAL,PAULO ROBERTO GOMES MANSUR,73255319820,BETO MANSUR,PP,07-JUL-51,106191500116,250000001879
2010,SP,DEPUTADO FEDERAL,PAULO SALIM MALUF,768782872,MALUF,PP,03-SEP-31,5969140108,250000001880
2010,SP,DEPUTADO FEDERAL,PROTÓGENES PINHEIRO DE QUEIROZ,57152217734,DELEGADO PROTÓGENES,PC do B,19-MAY-59,36156750329,250000001407
2010,SP,DEPUTADO FEDERAL,RICARDO IZAR JUNIOR,10553705873,RICARDO IZAR,PV,01-AUG-68,5972870167,250000002624
2010,SP,DEPUTADO FEDERAL,RICARDO JOSE RIBEIRO BERZOINI,752912828,RICARDO BERZOINI,PT,10-FEB-60,96396410159,250000001410
2010,SP,DEPUTADO FEDERAL,ROBERTO ALVES DE LUCENA,5781727809,ROBERTO DE LUCENA,PV,18-APR-66,41046640116,250000002625
2010,SP,DEPUTADO FEDERAL,ROBERTO JOAO PEREIRA FREIRE,235369420,ROBERTO FREIRE,PPS,20-APR-42,5763460809,250000000385
2010,SP,DEPUTADO FEDERAL,RODRIGO GARCIA,12175874893,RODRIGO GARCIA,DEM,10-MAY-74,169948830183,250000000386
2010,SP,DEPUTADO FEDERAL,SALVADOR ZIMBALDI FILHO,77568940810,SALVADOR ZIMBALDI,PDT,05-JUN-55,107865040116,250000000565
2010,SP,DEPUTADO FEDERAL,VALDEMAR COSTA NETO,52300536820,VALDEMAR COSTA NETO,PR,11-AUG-49,30887780108,250000001422
2010,SP,DEPUTADO FEDERAL,VICENTE CANDIDO DA SILVA,11680079840,VICENTE CANDIDO,PT,17-NOV-59,141623070116,250000001424
2010,SP,DEPUTADO FEDERAL,VICENTE PAULO DA SILVA,12995398404,VICENTINHO,PT,08-APR-56,142330690183,250000001425
2010,SP,DEPUTADO FEDERAL,WILLIAM DIB,49333631887,DIB,PSDB,25-NOV-46,118361220183,250000000401
2010,TO,SENADOR,JOÃO BATISTA DE JESUS RIBEIRO,11747145149,JOÃO RIBEIRO,PR,25-JUN-54,17511942712,270000000077
2010,TO,SENADOR,VICENTE ALVES DE OLIVEIRA,15965961120,VICENTINHO ALVES,PR,01-OCT-57,8230262798,270000000078
2010,TO,DEPUTADO FEDERAL,CARLOS EDUARDO TORRES GOMES,31340261120,EDUARDO GOMES,PSDB,28-JUN-66,22562992704,270000000249
2010,TO,DEPUTADO FEDERAL,CESAR HANNA HALUM,8584060120,CÉSAR HALUM,PPS,10-MAR-54,17735962739,270000000002
2010,TO,DEPUTADO FEDERAL,IRAJA SILVESTRE FILHO,60507306104,IRAJÁ ABREU,DEM,03-FEB-83,36229682771,270000000252
2010,TO,DEPUTADO FEDERAL,JOSELI ÂNGELO AGNOLIN,16879503004,AGNOLIN,PDT,18-SEP-54,16397542712,270000000005
2010,TO,DEPUTADO FEDERAL,LAUREZ DA ROCHA MOREIRA,22019090163,LAUREZ MOREIRA,PSB,03-JUL-57,16384532798,270000000008
2010,TO,DEPUTADO FEDERAL,LÁZARO BOTELHO MARTINS,4984846100,LÁZARO BOTELHO,PP,11-FEB-47,17505292712,270000000012
2010,TO,DEPUTADO FEDERAL,MARIA AUXILIADORA SEABRA REZENDE,43196926168,PROFESSORA DORINHA,DEM,01-OCT-64,33950552755,270000000258
2010,TO,DEPUTADO FEDERAL,RAIMUNDO COIMBRA JÚNIOR,49458400678,JÚNIOR COIMBRA,PMDB,28-MAR-65,29060452712,270000000018
