<rss xmlns:opensearch="http://a9.com/-/spec/opensearch/1.1/" xmlns:dc="http://purl.org/dc/elements/1.1/" version="2.0">
<channel>
<title>python - Pesquisa de blogs do Google</title>
<link>
http://www.google.com/search?q=python&hl=pt-BR&tbm=blg
</link>
<description>
Resultados <b>1</b> - <b>10</b> de aproximadamente <b>17.900.000</b> para <b>python</b>
</description>
<opensearch:totalResults>17900000</opensearch:totalResults>
<opensearch:startIndex>1</opensearch:startIndex>
<opensearch:itemsPerPage>10</opensearch:itemsPerPage>
<item>
<title>
<b>Python</b>, PHP, Ruby, Java… – SC recebe encontro nacional de <b>...</b>
</title>
<link>
http://br-linux.org/2011/python-php-ruby-java-sc-recebe-encontro-nacional-de-desenvolvedores/
</link>
<description>
Um comentário para “<em>Python</em>, PHP, Ruby, Java… – SC recebe encontro nacional de desenvolvedores”. Os comentários são responsabilidade de seus autores, e não são analisados ou aprovados pelo BR-Linux. <b>...</b>
</description>
<dc:publisher>BR-Linux.org</dc:publisher>
<dc:creator>Augusto Campos</dc:creator>
<dc:date>Fri, 29 Jul 2011 10:00:00 GMT</dc:date>
</item>
<item>
<title>
Aberta a chamada de trabalhos para a <b>Python</b> Brasil[7]
</title>
<link>
http://br-linux.org/2011/aberta-a-chamada-de-trabalhos-para-a-python-brasil7/
</link>
<description>
São 80 slots disponíveis em 11 trilhas em até 3 salas simultâneas: – Keynotes – Plone Symposium South America – Django – Desenvolvimento web e frameworks – <em>Python</em> core – SciPy – Mobilidade e Sistemas embarcados <b>...</b>
</description>
<dc:publisher>BR-Linux.org</dc:publisher>
<dc:creator>Augusto Campos</dc:creator>
<dc:date>Tue, 16 Aug 2011 11:00:00 GMT</dc:date>
</item>
<item>
<title>
Dojo na Ilha do Fundão: <b>Python</b> Para Desenvolvedores
</title>
<link>
http://br-linux.org/2011/dojo-na-ilha-do-fundao-python-para-desenvolvedores/
</link>
<description>
“Dia 16/08/11 às 13h, Luiz Eduardo Borges, autor do livro “<em>Python</em> Para Desenvolvedores”, irá apresentar um dojo resolvendo exercícios do livro no auditório do prédio CIPD, localizado na Ilha do Fundão. <b>...</b>
</description>
<dc:publisher>BR-Linux.org</dc:publisher>
<dc:creator>Augusto Campos</dc:creator>
<dc:date>Wed, 10 Aug 2011 15:16:03 GMT</dc:date>
</item>
<item>
<title>Linux: Aprendendo <b>Python</b> [Dica]</title>
<link>
http://www.vivaolinux.com.br/dica/Aprendendo-Python
</link>
<description>
Viva o Linux - A maior comunidade Linux da América Latina. Artigos, dicas, tutoriais, fórum, scripts e muito mais. Ideal para quem busca auto-ajuda em Linux.
</description>
<dc:publisher>Viva o Linux</dc:publisher>
<dc:creator>desconhecido</dc:creator>
<dc:date>Mon, 08 Aug 2011 02:57:00 GMT</dc:date>
</item>
<item>
<title>Agora é <b>Python</b>! | Passion 4 Fashion</title>
<link>http://p4fashion.com/?p=1779</link>
<description>
Algumas meninas têm dúvidas em relação à tal estampa de <em>python</em>, pois já me perguntaram se essa é uma palavra que significa cobra em outra língua (sim, já perguntaram mesmo!). Bom, na verdade a <em>Python</em> é uma espécie de <b>...</b>
</description>
<dc:publisher>Passion 4 Fashion</dc:publisher>
<dc:creator>biaguedes</dc:creator>
<dc:date>Mon, 08 Aug 2011 16:50:28 GMT</dc:date>
</item>
<item>
<title>Linux: Data de Validade [<b>Python</b> Script]</title>
<link>
http://www.vivaolinux.com.br/script/Data-de-Validade
</link>
<description>
Viva o Linux - A maior comunidade Linux da América Latina. Artigos, dicas, tutoriais, fórum, scripts e muito mais. Ideal para quem busca auto-ajuda em Linux.
</description>
<dc:publisher>Viva o Linux</dc:publisher>
<dc:creator>desconhecido</dc:creator>
<dc:date>Tue, 16 Aug 2011 03:15:43 GMT</dc:date>
</item>
<item>
<title>
Linux: Par ou Impar em <b>Python</b> [<b>Python</b> Script]
</title>
<link>
http://www.vivaolinux.com.br/script/Par-ou-Impar-em-Python
</link>
<description>
Viva o Linux - A maior comunidade Linux da América Latina. Artigos, dicas, tutoriais, fórum, scripts e muito mais. Ideal para quem busca auto-ajuda em Linux.
</description>
<dc:publisher>Viva o Linux</dc:publisher>
<dc:creator>desconhecido</dc:creator>
<dc:date>Sun, 31 Jul 2011 15:49:56 GMT</dc:date>
</item>
<item>
<title>
Instalando Plugins <b>Python</b> no Quantum GIS « Anderson Medeiros
</title>
<link>
http://andersonmedeiros.wordpress.com/2011/07/20/instalando-plugins-python-qgis/
</link>
<description>
Embora já existam tutoriais na internet explicando este procedimento, pelos e-mails que recebo notei que ainda é uma dúvida comum dos usuários do Quantum GIS a realização do processo de instalação de complementos <em>Python</em>. <b>...</b>
</description>
<dc:publisher>Anderson Medeiros</dc:publisher>
<dc:creator>Anderson Medeiros</dc:creator>
<dc:date>Wed, 20 Jul 2011 01:00:01 GMT</dc:date>
</item>
<item>
<title>
PHP Job: Programador PHP / Ruby / <b>Python</b> (Home-Office) - PHP Classes
</title>
<link>
http://www.phpclasses.org/jobs/post/1545-PHP-job-Programador-PHP-Ruby-Python-Home-Office-.html
</link>
<description>
PHP job in Campo Grande, MS, Brazil: A nossa empresa é uma startup em fase de incubação cujos projetos em desenvolvimento almejam um mercado global. Estamos re-pensando ideias e resolvendo novos problemas.
</description>
<dc:publisher>PHP jobs</dc:publisher>
<dc:creator>desconhecido</dc:creator>
<dc:date>Sat, 13 Aug 2011 03:26:04 GMT</dc:date>
</item>
<item>
<title>
Qual a relação entre <b>Python</b>, Django e MongoDB? | Blog Gonow
</title>
<link>
http://www.gonow.com.br/blog/2011/07/26/qual-a-relacao-entre-python-django-e-mongodb/
</link>
<description>
PyMongo é o módulo para <em>Python</em> e MongoDB. “A estrutura de trabalho é bastante simples mesmo: conhecendo a estrutura do Mongo, sabendo como trabalha, como funciona o sistema de collection, de banco, de como manipular os <b>...</b>
</description>
<dc:publisher>Blog Gonow</dc:publisher>
<dc:creator>Gonow</dc:creator>
<dc:date>Tue, 26 Jul 2011 21:07:38 GMT</dc:date>
</item>
</channel>
</rss>
